JvmtiExport can_access_local_variables 0
JvmtiExport can_hotswap_or_post_breakpoint 0
JvmtiExport can_post_on_exceptions 0
# 501 ciObject found
ciInstanceKlass java/lang/Cloneable 1 0 5 1 100 1 100
instanceKlass sun/nio/fs/WindowsUriSupport
instanceKlass org/sonar/plugins/javascript/bridge/cache/FileMetadata
instanceKlass org/sonar/plugins/javascript/bridge/cache/FilesManifest
instanceKlass org/sonar/plugins/javascript/bridge/cache/CacheSerialization
instanceKlass org/sonar/plugins/javascript/bridge/cache/CacheKey
instanceKlass org/sonar/plugins/javascript/bridge/PluginInfo
instanceKlass com/google/gson/internal/JsonReaderInternalAccess
instanceKlass org/sonar/plugins/javascript/bridge/TsConfigProvider$LookupTsConfigProvider
instanceKlass org/sonar/plugins/javascript/bridge/TsConfigProvider$PropertyTsConfigProvider
instanceKlass org/sonar/plugins/javascript/bridge/TsConfigProvider$GeneratedTsConfigFileProvider
instanceKlass org/sonar/plugins/javascript/bridge/TsConfigProvider$Provider
instanceKlass org/sonar/plugins/javascript/bridge/TsConfigProvider
instanceKlass org/sonar/plugins/javascript/bridge/TsConfigProvider$TsConfigFileCreator
instanceKlass jdk/internal/net/http/PullPublisher$Subscription
instanceKlass jdk/internal/net/http/PullPublisher
instanceKlass jdk/internal/net/http/RequestPublishers$ByteArrayPublisher
instanceKlass java/net/http/HttpRequest$BodyPublisher
instanceKlass java/net/http/HttpRequest$BodyPublishers
instanceKlass com/google/gson/internal/$Gson$Types$GenericArrayTypeImpl
instanceKlass com/google/gson/internal/ConstructorConstructor$3
instanceKlass com/google/gson/internal/ConstructorConstructor$8
instanceKlass com/google/gson/internal/$Gson$Types$ParameterizedTypeImpl
instanceKlass com/google/gson/internal/Primitives
instanceKlass com/google/gson/annotations/SerializedName
instanceKlass com/google/gson/internal/UnsafeAllocator
instanceKlass com/google/gson/internal/ConstructorConstructor$14
instanceKlass com/google/gson/annotations/JsonAdapter
instanceKlass com/google/gson/internal/Streams
instanceKlass org/sonar/plugins/javascript/bridge/BridgeServerImpl$InitLinterRequest
instanceKlass org/sonar/javascript/checks/PreferLiteralEnumMemberCheck$Config
instanceKlass org/sonar/javascript/checks/PreferNullishCoalescingCheck$Config
instanceKlass org/sonar/javascript/checks/EmptyFunctionCheck$Config
instanceKlass org/sonar/javascript/checks/JsxNoUselessFragmentCheck$Config
instanceKlass org/sonar/javascript/checks/NoUnknownPropertyCheck$Config
instanceKlass org/sonar/javascript/checks/HookUseStateCheck$Config
instanceKlass org/sonar/javascript/checks/FormatRuleProperty
instanceKlass org/sonar/javascript/checks/NoUnescapedEntitiesCheck$Config
instanceKlass org/sonar/javascript/checks/EmptyBlockCheck$Config
instanceKlass org/sonar/javascript/checks/NoUnneededTernaryCheck$Config
instanceKlass org/sonar/javascript/checks/UselessExpressionStatementCheck$Config
instanceKlass org/sonar/javascript/checks/NoUnsafeCheck$Config
instanceKlass org/sonar/javascript/checks/NoMisusedPromisesCheck$Config$ChecksVoidReturn
instanceKlass org/sonar/javascript/checks/NoMisusedPromisesCheck$Config
instanceKlass org/sonar/javascript/checks/NewOperatorMisuseCheck$Config
instanceKlass org/sonar/javascript/checks/NoEmptyClassCheck$Config
instanceKlass org/sonar/javascript/checks/NewCapCheck$Config
instanceKlass org/sonar/javascript/checks/AriaRoleCheck$Config
instanceKlass org/sonar/javascript/checks/RedeclaredSymbolCheck$Config
instanceKlass jdk/internal/net/http/websocket/RawChannel
instanceKlass jdk/internal/net/http/HttpResponseImpl$RawChannelProvider
instanceKlass jdk/internal/net/http/HttpResponseImpl
instanceKlass jdk/internal/net/http/websocket/RawChannel$Provider
instanceKlass jdk/internal/net/http/ConnectionPool$ExpiryEntry
instanceKlass jdk/internal/net/http/ConnectionPool$CleanupTrigger
instanceKlass jdk/internal/net/http/ResponseContent$FixedLengthBodyParser
instanceKlass jdk/internal/net/http/ResponseContent$BodyParser
instanceKlass jdk/internal/net/http/ResponseContent
instanceKlass jdk/internal/net/http/Http1Response$ClientRefCountTracker
instanceKlass java/util/OptionalLong
instanceKlass java/util/stream/Sink$OfLong
instanceKlass java/util/function/LongConsumer
instanceKlass java/util/stream/LongStream
instanceKlass jdk/internal/net/http/Http1Response$Http1BodySubscriber
instanceKlass jdk/internal/net/http/ResponseSubscribers
instanceKlass jdk/internal/net/http/ResponseSubscribers$ByteArraySubscriber
instanceKlass jdk/internal/net/http/ResponseSubscribers$TrustedSubscriber
instanceKlass java/net/http/HttpResponse$BodySubscribers
instanceKlass sun/net/www/HeaderParser
instanceKlass jdk/internal/net/http/ResponseInfoImpl
instanceKlass java/util/LinkedList$DescendingIterator
instanceKlass jdk/internal/net/http/Http1Response$2
instanceKlass jdk/internal/net/http/Http1HeaderParser$1
instanceKlass sun/nio/ch/IOVecWrapper$Deallocator
instanceKlass sun/nio/ch/NativeObject
instanceKlass sun/nio/ch/IOVecWrapper
instanceKlass jdk/internal/net/http/Http1Exchange$1
instanceKlass jdk/internal/net/http/Http1Exchange$DataPair
instanceKlass jdk/internal/net/http/SocketTube$InternalWriteSubscriber$WriteSubscription
instanceKlass jdk/internal/net/http/SocketTube$InternalReadPublisher$ReadSubscription
instanceKlass jdk/internal/net/http/common/Pair
instanceKlass sun/net/util/SocketExceptions
instanceKlass java/lang/invoke/ConstantBootstraps
instanceKlass java/nio/channels/SelectionKey
instanceKlass jdk/internal/net/http/HttpClientImpl$SelectorAttachment
instanceKlass java/util/function/LongBinaryOperator
instanceKlass jdk/internal/net/http/Http1HeaderParser
instanceKlass jdk/internal/net/http/Http1Response$1
instanceKlass jdk/internal/net/http/Http1Response$Receiver
instanceKlass jdk/internal/net/http/Http1AsyncReceiver$Http1AsyncDelegate
instanceKlass jdk/internal/net/http/Http1Response
instanceKlass jdk/internal/net/http/Http1AsyncReceiver$Http1TubeSubscriber
instanceKlass jdk/internal/net/http/AbstractSubscription
instanceKlass jdk/internal/net/http/Http1AsyncReceiver
instanceKlass jdk/internal/net/http/Http1Exchange$Http1BodySubscriber
instanceKlass jdk/internal/net/http/Http1Request
instanceKlass jdk/internal/net/http/SocketTube$InternalWriteSubscriber
instanceKlass jdk/internal/net/http/SocketTube$SocketFlowTask
instanceKlass jdk/internal/net/http/SocketTube$InternalReadPublisher$InternalReadSubscription
instanceKlass jdk/internal/net/http/SocketTube$InternalReadPublisher
instanceKlass jdk/internal/net/http/SocketTube$SliceBufferSource
instanceKlass jdk/internal/net/http/SocketTube$BufferSource
instanceKlass jdk/internal/net/http/SocketTube
instanceKlass sun/nio/ch/SocketChannelImpl$DefaultOptionsHolder
instanceKlass jdk/internal/net/http/HttpConnection$PlainHttpPublisher
instanceKlass jdk/internal/net/http/HttpConnection$TrailingOperations
instanceKlass jdk/internal/net/http/AsyncEvent
instanceKlass jdk/internal/net/http/common/FlowTube
instanceKlass jdk/internal/net/http/HttpConnection$HttpPublisher
instanceKlass jdk/internal/net/http/ConnectionPool$CacheKey
instanceKlass jdk/internal/net/http/common/SequentialScheduler$SchedulableTask
instanceKlass jdk/internal/net/http/common/SequentialScheduler$CompleteRestartableTask
instanceKlass jdk/internal/net/http/common/SequentialScheduler$RestartableTask
instanceKlass jdk/internal/net/http/common/SequentialScheduler$DeferredCompleter
instanceKlass jdk/internal/net/http/common/SequentialScheduler
instanceKlass jdk/internal/net/http/Http1Exchange$Http1Publisher$WriteTask
instanceKlass jdk/internal/net/http/common/Demand
instanceKlass jdk/internal/net/http/Http1Exchange$Http1Publisher$Http1WriteSubscription
instanceKlass jdk/internal/net/http/Http1Exchange$Http1Publisher
instanceKlass java/util/concurrent/ConcurrentLinkedDeque$Node
instanceKlass jdk/internal/net/http/hpack/DecodingCallback
instanceKlass jdk/internal/net/http/frame/Http2Frame
instanceKlass jdk/internal/net/http/Http2Connection
instanceKlass jdk/internal/net/http/HttpConnection
instanceKlass jdk/internal/net/http/AuthenticationFilter$Cache
instanceKlass jdk/internal/net/http/Response
instanceKlass java/util/concurrent/ForkJoinTask$Aux
instanceKlass jdk/internal/net/http/MultiExchange$CancelableRef
instanceKlass jdk/internal/net/http/Exchange$ConnectionAborter
instanceKlass jdk/internal/net/http/ExchangeImpl
instanceKlass jdk/internal/net/http/Exchange
instanceKlass jdk/internal/net/http/MultiExchange$ConnectTimeoutTracker
instanceKlass java/util/Base64$Encoder
instanceKlass java/util/Base64
instanceKlass java/util/concurrent/Flow$Subscription
instanceKlass jdk/internal/net/http/TimeoutEvent
instanceKlass jdk/internal/net/http/MultiExchange
instanceKlass jdk/internal/net/http/common/Cancelable
instanceKlass jdk/internal/net/http/websocket/WebSocketRequest
instanceKlass java/net/http/HttpResponse
instanceKlass java/net/http/HttpResponse$BodySubscriber
instanceKlass java/net/http/HttpResponse$ResponseInfo
instanceKlass java/net/http/HttpResponse$BodyHandler
instanceKlass java/net/http/HttpResponse$BodyHandlers
instanceKlass java/net/http/HttpHeaders
instanceKlass jdk/internal/net/http/common/HttpHeadersBuilder
instanceKlass jdk/internal/net/http/HttpRequestBuilderImpl
instanceKlass java/net/http/HttpRequest$Builder
instanceKlass java/net/http/HttpRequest
instanceKlass org/sonar/plugins/javascript/bridge/BridgeServerImpl$LogOutputConsumer
instanceKlass sun/nio/ch/ExtendedSocketOption$1
instanceKlass sun/nio/ch/ExtendedSocketOption
instanceKlass sun/nio/ch/OptionKey
instanceKlass sun/nio/ch/SocketOptionRegistry$LazyInitialization
instanceKlass sun/nio/ch/SocketOptionRegistry$RegistryKey
instanceKlass sun/nio/ch/SocketOptionRegistry
instanceKlass java/net/StandardSocketOptions$StdSocketOption
instanceKlass java/net/StandardSocketOptions
instanceKlass java/net/Inet4AddressImpl
instanceKlass java/net/ServerSocket
instanceKlass org/sonar/plugins/javascript/bridge/NetUtils
instanceKlass java/io/BufferedReader$1
instanceKlass org/sonar/plugins/javascript/nodejs/NodeVersion
instanceKlass org/sonar/plugins/javascript/bridge/EmbeddedNode$1
instanceKlass jdk/internal/misc/ScopedMemoryAccess$Scope$Handle
instanceKlass java/nio/file/Path$1
instanceKlass org/apache/commons/compress/utils/TimeUtils
instanceKlass org/apache/commons/compress/archivers/tar/TarUtils$1
instanceKlass org/apache/commons/compress/archivers/tar/TarUtils
instanceKlass org/apache/commons/compress/archivers/tar/TarArchiveEntry
instanceKlass org/apache/commons/compress/archivers/EntryStreamOffsets
instanceKlass org/apache/commons/compress/archivers/tar/TarConstants
instanceKlass org/apache/commons/compress/utils/ArchiveUtils
instanceKlass org/apache/commons/compress/utils/IOUtils
instanceKlass org/apache/commons/compress/archivers/zip/NioZipEncoding
instanceKlass org/apache/commons/compress/archivers/zip/CharsetAccessor
instanceKlass org/apache/commons/compress/utils/CharsetNames
instanceKlass org/apache/commons/compress/archivers/zip/ZipEncoding
instanceKlass org/apache/commons/compress/archivers/zip/ZipEncodingHelper
instanceKlass org/apache/commons/io/Charsets
instanceKlass org/apache/commons/compress/archivers/ArchiveEntry
instanceKlass org/sonar/plugins/javascript/bridge/BundleUtils
instanceKlass org/sonar/plugins/javascript/JavaScriptFilePredicate
instanceKlass org/sonar/plugins/javascript/bridge/cache/CacheReporter
instanceKlass org/sonar/plugins/javascript/bridge/cache/CacheStrategies
instanceKlass org/sonar/iac/springconfig/tree/api/Scalar
instanceKlass org/sonar/iac/springconfig/tree/api/SyntaxToken
instanceKlass org/sonar/iac/springconfig/tree/api/Tuple
instanceKlass org/antlr/v4/runtime/ANTLRErrorListener
instanceKlass org/antlr/v4/runtime/TokenStream
instanceKlass org/antlr/v4/runtime/TokenSource
instanceKlass org/antlr/v4/runtime/CharStream
instanceKlass org/antlr/v4/runtime/IntStream
instanceKlass org/sonar/iac/springconfig/parser/properties/SpringConfigPropertiesParser
instanceKlass org/sonar/iac/springconfig/parser/yaml/SpringConfigYamlPreprocessor
instanceKlass org/sonar/iac/springconfig/tree/api/Profile
instanceKlass org/sonar/iac/springconfig/tree/api/File
instanceKlass org/sonar/iac/springconfig/parser/yaml/SpringConfigYamlConverter
instanceKlass org/sonar/iac/springconfig/parser/yaml/SpringConfigYamlParser
instanceKlass org/sonar/iac/springconfig/tree/api/SpringConfig
instanceKlass org/sonar/iac/springconfig/parser/SpringConfigParser
instanceKlass org/sonar/iac/kubernetes/plugin/predicates/KubernetesFilePredicate
instanceKlass org/sonar/iac/kubernetes/plugin/predicates/HelmProjectMemberPredicate
instanceKlass org/sonar/iac/kubernetes/plugin/predicates/KubernetesOrHelmFilePredicate
instanceKlass org/sonar/iac/springconfig/plugin/SpringConfigSensor$ProfileNameFilePredicate
instanceKlass org/sonar/iac/arm/tree/api/bicep/HasToken
instanceKlass org/sonar/iac/arm/checks/elementsorder/TopLevelPropertiesOrderBicep
instanceKlass org/sonar/iac/arm/checks/elementsorder/TopLevelPropertiesOrderJson
instanceKlass org/sonar/iac/arm/checks/elementsorder/ElementsOrderResourceCheckBicep
instanceKlass org/sonar/iac/arm/checks/elementsorder/ElementsOrderResourceCheckJson
instanceKlass org/sonar/iac/arm/tree/impl/AbstractArmTreeImpl
instanceKlass org/sonar/iac/arm/symbols/SymbolTable
instanceKlass org/sonar/iac/arm/parser/ArmJsonParser
instanceKlass org/sonar/sslr/internal/vm/CompiledGrammar
instanceKlass org/sonar/sslr/internal/vm/CompilationHandler
instanceKlass org/sonar/sslr/parser/ParseRunner
instanceKlass com/sonar/sslr/api/Token$Builder
instanceKlass com/sonar/sslr/api/Token
instanceKlass com/sonar/sslr/impl/typed/SyntaxTreeCreator
instanceKlass org/sonar/sslr/internal/vm/OneOrMoreExpression
instanceKlass org/sonar/sslr/internal/vm/OptionalExpression
instanceKlass org/sonar/sslr/internal/vm/FirstOfExpression
instanceKlass com/sonar/sslr/impl/typed/GrammarBuilderInterceptor$DummyGrammarRuleKey
instanceKlass com/sonar/sslr/impl/typed/DelayedRuleInvocationExpression
instanceKlass com/sonar/sslr/impl/typed/ReflectionUtils
instanceKlass org/objectweb/asm/Handler
instanceKlass org/objectweb/asm/Attribute
instanceKlass org/objectweb/asm/Edge
instanceKlass org/sonar/iac/common/api/tree/impl/Tuple
instanceKlass org/sonar/iac/arm/tree/api/bicep/SyntaxToken
instanceKlass com/sonar/sslr/api/typed/Optional
instanceKlass org/objectweb/asm/Label
instanceKlass org/objectweb/asm/Frame
instanceKlass org/objectweb/asm/Type
instanceKlass org/objectweb/asm/ByteVector
instanceKlass org/objectweb/asm/Symbol
instanceKlass org/objectweb/asm/SymbolTable
instanceKlass org/objectweb/asm/FieldVisitor
instanceKlass org/objectweb/asm/MethodVisitor
instanceKlass org/objectweb/asm/AnnotationVisitor
instanceKlass org/objectweb/asm/ModuleVisitor
instanceKlass org/objectweb/asm/RecordComponentVisitor
instanceKlass org/objectweb/asm/ClassVisitor
instanceKlass com/sonar/sslr/impl/typed/Interceptor
instanceKlass com/sonar/sslr/api/typed/ActionParser$ActionMethodInterceptor
instanceKlass com/sonar/sslr/impl/typed/GrammarBuilderInterceptor
instanceKlass com/sonar/sslr/api/typed/NonterminalBuilder
instanceKlass com/sonar/sslr/api/typed/GrammarBuilder
instanceKlass org/sonar/iac/arm/tree/api/bicep/interpstring/InterpolatedStringLeftPiece
instanceKlass org/sonar/iac/arm/tree/api/bicep/interpstring/InterpolatedStringRightPiece
instanceKlass org/sonar/iac/arm/tree/api/bicep/interpstring/InterpolatedStringMiddlePiece
instanceKlass org/sonar/iac/common/api/tree/SeparatedList
instanceKlass org/sonar/iac/arm/parser/bicep/TreeFactory
instanceKlass org/sonar/iac/arm/parser/bicep/BicepGrammar
instanceKlass org/sonar/sslr/internal/vm/SequenceExpression
instanceKlass org/sonar/sslr/internal/vm/ZeroOrMoreExpression
instanceKlass org/sonar/sslr/internal/vm/TriviaExpression
instanceKlass com/sonar/sslr/impl/ast/AlwaysSkipFromAst
instanceKlass org/sonar/sslr/internal/vm/TokenExpression
instanceKlass org/sonar/sslr/internal/vm/Instruction
instanceKlass org/sonar/sslr/grammar/GrammarBuilder$RuleBuilder
instanceKlass com/sonar/sslr/impl/ast/NeverSkipFromAst
instanceKlass org/sonar/sslr/internal/grammar/MutableParsingRule
instanceKlass org/sonar/sslr/internal/vm/MemoParsingExpression
instanceKlass com/sonar/sslr/api/AstNodeSkippingPolicy
instanceKlass org/sonar/sslr/grammar/GrammarRuleBuilder
instanceKlass org/sonar/sslr/internal/vm/CompilableGrammarRule
instanceKlass com/sonar/sslr/api/Rule
instanceKlass org/sonar/sslr/internal/matchers/Matcher
instanceKlass com/sonar/sslr/api/Grammar
instanceKlass org/sonar/sslr/internal/vm/ParsingExpression
instanceKlass com/sonar/sslr/impl/matcher/Matcher
instanceKlass org/sonar/sslr/grammar/GrammarBuilder
instanceKlass org/sonar/iac/arm/parser/bicep/BicepNodeBuilder
instanceKlass com/sonar/sslr/api/TokenType
instanceKlass com/sonar/sslr/api/typed/NodeBuilder
instanceKlass com/sonar/sslr/impl/typed/MethodInterceptor
instanceKlass org/sonar/iac/arm/parser/ArmParser
instanceKlass org/sonar/iac/common/extension/visitors/ChecksVisitor$ContextAdapter
instanceKlass org/sonar/iac/common/api/checks/CheckContext
instanceKlass org/sonar/iac/common/api/checks/InitContext
instanceKlass org/sonar/iac/common/yaml/tree/ScalarTree
instanceKlass org/sonar/iac/common/yaml/tree/TupleTree
instanceKlass org/snakeyaml/engine/v2/nodes/Node
instanceKlass org/sonar/iac/common/yaml/tree/FileTree
instanceKlass org/sonar/iac/common/yaml/YamlConverter
instanceKlass org/sonar/iac/common/yaml/IacYamlConverter
instanceKlass org/snakeyaml/engine/v2/parser/Parser
instanceKlass org/snakeyaml/engine/v2/scanner/Scanner
instanceKlass org/sonar/iac/common/yaml/YamlParser
instanceKlass org/sonar/iac/common/yaml/IacYamlParser
instanceKlass org/sonar/iac/common/extension/IacSensor$Analyzer
instanceKlass org/sonarsource/analyzer/commons/ProgressReport
instanceKlass org/sonar/iac/common/extension/FileIdentificationPredicate
instanceKlass org/sonar/iac/cloudformation/plugin/CloudformationSensor$CloudFormationFilePredicate
instanceKlass org/sonarsource/analyzer/commons/ExternalReportProvider
instanceKlass org/sonar/plugins/jacoco/ReportPathsProvider
instanceKlass org/sonar/scanner/issue/DefaultFilterableIssue
instanceKlass java/util/EnumMap$EnumMapIterator
instanceKlass org/sonar/scanner/protocol/output/ScannerReport$FlowOrBuilder
instanceKlass org/sonar/scanner/protocol/Constants$Severity$1
instanceKlass org/sonar/api/batch/sensor/issue/internal/DefaultIssueLocation
instanceKlass org/sonar/api/batch/sensor/issue/fix/NewQuickFix
instanceKlass org/sonar/api/batch/sensor/issue/NewMessageFormatting
instanceKlass org/sonar/api/batch/sensor/issue/IssueLocation
instanceKlass org/sonar/plugins/html/api/accessibility/ControlGroup
instanceKlass org/sonar/plugins/html/checks/accessibility/ValidAutocompleteCheck$Token
instanceKlass java/util/ArrayDeque$DeqSpliterator
instanceKlass org/sonarsource/analyzer/commons/recognizers/StringUtils
instanceKlass org/sonarsource/analyzer/commons/recognizers/Detector
instanceKlass org/sonar/plugins/html/checks/accessibility/AriaProptypesCheck$1
instanceKlass com/sonar/sslr/api/Trivia
instanceKlass org/sonar/plugins/html/lex/CommentTokenizer$EndTokenMatcher
instanceKlass org/sonar/api/utils/KeyValueFormat$Converter
instanceKlass org/sonar/api/utils/KeyValueFormat
instanceKlass org/sonar/scanner/DefaultFileLinesContext
instanceKlass org/sonar/scanner/protocol/output/ScannerReport$Measure$LongValueOrBuilder
instanceKlass org/sonar/scanner/protocol/output/ScannerReport$Measure$IntValueOrBuilder
instanceKlass org/sonar/scanner/protocol/output/ScannerReport$Measure$BoolValueOrBuilder
instanceKlass org/sonar/scanner/protocol/output/ScannerReport$Measure$StringValueOrBuilder
instanceKlass org/sonar/scanner/protocol/output/ScannerReport$Measure$DoubleValueOrBuilder
instanceKlass java/util/LinkedList$LLSpliterator
instanceKlass org/sonar/plugins/html/checks/accessibility/AnchorsHaveContentCheck$Anchor
instanceKlass org/sonar/plugins/html/api/accessibility/AccessibilityUtils
instanceKlass org/sonar/plugins/html/api/accessibility/Aria$ElementRoles
instanceKlass org/sonar/plugins/html/api/accessibility/Aria$RoleDefinition
instanceKlass org/sonar/plugins/html/api/accessibility/Aria$AriaPropertyValues
instanceKlass org/sonar/plugins/html/api/accessibility/Aria
instanceKlass org/sonar/plugins/html/api/Helpers
instanceKlass org/sonar/plugins/html/api/HtmlConstants
instanceKlass org/sonar/plugins/html/visitor/HtmlAstScanner$1
instanceKlass org/sonar/plugins/html/analyzers/PageCountLines$1
instanceKlass org/sonar/duplications/internal/pmd/PmdBlockChunker
instanceKlass com/google/protobuf/Writer
instanceKlass com/google/protobuf/ByteOutput
instanceKlass org/sonar/scanner/protocol/output/ScannerReport$SyntaxHighlightingRule$HighlightingType$1
instanceKlass org/sonar/scanner/report/ScannerReportUtils$1
instanceKlass org/sonar/scanner/report/ScannerReportUtils
instanceKlass org/sonar/scanner/protocol/output/ScannerReport
instanceKlass org/sonar/api/batch/sensor/cpd/internal/TokensLine
instanceKlass org/sonar/api/batch/fs/internal/DefaultTextRange
instanceKlass org/sonar/api/batch/fs/internal/DefaultTextPointer
instanceKlass org/sonar/plugins/html/core/TokenLocation
instanceKlass com/sonar/sslr/impl/channel/BlackHoleChannel$EmptyAppendable
instanceKlass com/sonar/sslr/api/Preprocessor
instanceKlass com/sonar/sslr/api/Token$Builder
instanceKlass com/sonar/sslr/api/Token
instanceKlass com/sonar/sslr/impl/channel/RegexpChannelBuilder
instanceKlass com/sonar/sslr/impl/Lexer$Builder
instanceKlass com/sonar/sslr/impl/Lexer
instanceKlass com/sonar/sslr/api/TokenType
instanceKlass com/sonar/sslr/api/AstNodeType
instanceKlass org/sonar/plugins/html/core/HtmlLexer
instanceKlass org/sonar/plugins/html/lex/ElementTokenizer$QuoteMatcher
instanceKlass org/sonar/plugins/html/node/Attribute
instanceKlass org/sonar/plugins/html/lex/ElementTokenizer$1
instanceKlass org/sonar/plugins/html/lex/AbstractTokenizer$EndTokenMatcher
instanceKlass org/sonar/sslr/channel/ChannelDispatcher$Builder
instanceKlass org/sonar/sslr/channel/CodeReaderFilter
instanceKlass org/sonar/sslr/channel/CodeBuffer$Cursor
instanceKlass org/sonar/sslr/channel/CodeReaderConfiguration
instanceKlass org/sonar/sslr/channel/CodeBuffer
instanceKlass org/sonar/plugins/html/lex/TextTokenizer$EndTokenMatcher
instanceKlass org/sonar/plugins/html/lex/ElementTokenizer$EndUnquotedAttributeMatcher
instanceKlass org/sonar/plugins/html/lex/ElementTokenizer$EndTokenMatcher
instanceKlass org/sonar/plugins/html/lex/ElementTokenizer$EndQNameMatcher
instanceKlass org/sonar/sslr/channel/EndMatcher
instanceKlass org/sonar/sslr/channel/Channel
instanceKlass org/sonar/core/util/logs/DefaultProfiler$1
instanceKlass org/sonarsource/analyzer/commons/internal/json/simple/JSONStreamAware
instanceKlass org/sonarsource/analyzer/commons/internal/json/simple/JSONAware
instanceKlass org/sonarsource/analyzer/commons/internal/json/simple/parser/Yytoken
instanceKlass org/sonarsource/analyzer/commons/internal/json/simple/parser/Yylex
instanceKlass org/sonarsource/analyzer/commons/internal/json/simple/parser/JSONParser
instanceKlass org/sonarsource/analyzer/commons/JsonParser
instanceKlass org/sonarsource/analyzer/commons/ExternalRuleLoader$ExternalRule
instanceKlass org/apache/commons/io/ByteOrderMark
instanceKlass org/sonar/css/rules/UnitNoUnknown
instanceKlass org/sonar/css/rules/StringNoNewline
instanceKlass org/sonar/css/rules/SelectorTypeNoUnknown
instanceKlass org/sonar/css/rules/SelectorPseudoElementNoUnknown
instanceKlass org/sonar/css/rules/SelectorPseudoClassNoUnknown
instanceKlass org/sonar/css/rules/PropertyNoUnknown
instanceKlass org/sonar/css/rules/NoInvalidDoubleSlashComments
instanceKlass org/sonar/css/rules/NoExtraSemicolons
instanceKlass org/sonar/css/rules/NoEmptySource
instanceKlass org/sonar/css/rules/NoDuplicateSelectors
instanceKlass org/sonar/css/rules/NoDuplicateAtImportRules
instanceKlass org/sonar/css/rules/NoDescendingSpecificity
instanceKlass org/sonar/css/rules/NoCommentedCode
instanceKlass org/sonar/css/rules/MediaFeatureNameNoUnknown
instanceKlass org/sonar/css/rules/KeyframeDeclarationNoImportant
instanceKlass org/sonar/css/rules/FunctionLinearGradientNoNonstandardDirection
instanceKlass org/sonar/css/rules/FunctionCalcNoInvalid
instanceKlass org/sonar/css/rules/FunctionCalcNoUnspacedOperator
instanceKlass org/sonar/css/rules/FontFamilyNoMissingGenericFamilyKeyword
instanceKlass org/sonar/css/rules/FontFamilyNoDuplicateNames
instanceKlass org/sonar/css/rules/DeclarationBlockNoShorthandPropertyOverrides
instanceKlass org/sonar/css/rules/DeclarationBlockNoDuplicateProperties
instanceKlass org/sonar/css/rules/CommentNoEmpty
instanceKlass org/sonar/css/rules/ColorNoInvalidHex
instanceKlass org/sonar/css/rules/BlockNoEmpty
instanceKlass org/sonar/css/rules/AtRuleNoUnknown
instanceKlass org/sonar/css/rules/CssRule
instanceKlass org/sonar/css/CssRules
instanceKlass org/sonar/plugins/javascript/utils/ProgressReport
instanceKlass org/sonar/plugins/javascript/bridge/ContextUtils
instanceKlass org/sonar/plugins/javascript/bridge/JsTsChecks$LanguageAndRepository
instanceKlass org/sonarsource/analyzer/commons/annotations/DeprecatedRuleKeys
instanceKlass org/sonarsource/analyzer/commons/annotations/DeprecatedRuleKey
instanceKlass org/sonar/plugins/javascript/api/JavaScriptRule
instanceKlass org/sonar/javascript/checks/XpathCheck
instanceKlass org/sonar/javascript/checks/XPoweredByCheck
instanceKlass org/sonar/javascript/checks/XMLParserXXEVulnerableCheck
instanceKlass org/sonar/javascript/checks/WrongScopeDeclarationCheck
instanceKlass org/sonar/javascript/checks/WithStatementCheck
instanceKlass org/sonar/javascript/checks/WildcardImportCheck
instanceKlass org/sonar/javascript/checks/WebSQLDatabaseCheck
instanceKlass org/sonar/javascript/checks/WeakSslCheck
instanceKlass org/sonar/javascript/checks/VoidUseCheck
instanceKlass org/sonar/javascript/checks/VariableShadowingCheck
instanceKlass org/sonar/javascript/checks/VariableNameCheck
instanceKlass org/sonar/javascript/checks/VariableDeclarationWithoutVarCheck
instanceKlass org/sonar/javascript/checks/VariableDeclarationAfterUsageCheck
instanceKlass org/sonar/javascript/checks/VarDeclarationCheck
instanceKlass org/sonar/javascript/checks/ValuesNotConvertibleToNumbersCheck
instanceKlass org/sonar/javascript/checks/ValidTypeOfCheck
instanceKlass org/sonar/javascript/checks/UselessStringOperationCheck
instanceKlass org/sonar/javascript/checks/UselessIntersectionCheck
instanceKlass org/sonar/javascript/checks/UselessIncrementCheck
instanceKlass org/sonar/javascript/checks/UselessExpressionStatementCheck
instanceKlass org/sonar/javascript/checks/UseTypeAliasCheck
instanceKlass org/sonar/javascript/checks/UseOfEmptyReturnValueCheck
instanceKlass org/sonar/javascript/checks/UpdatedConstVariableCheck
instanceKlass org/sonar/javascript/checks/UnverifiedHostnameCheck
instanceKlass org/sonar/javascript/checks/UnverifiedCertificateCheck
instanceKlass org/sonar/javascript/checks/UnusedVariableCheck
instanceKlass org/sonar/javascript/checks/UnusedNamedGroupsCheck
instanceKlass org/sonar/javascript/checks/UnusedImportCheck
instanceKlass org/sonar/javascript/checks/UnusedFunctionArgumentCheck
instanceKlass org/sonar/javascript/checks/UnusedCollectionCheck
instanceKlass org/sonar/javascript/checks/UnsafeUnzipCheck
instanceKlass org/sonar/javascript/checks/UnreachableCodeCheck
instanceKlass org/sonar/javascript/checks/UnnecessaryTypeArgumentsCheck
instanceKlass org/sonar/javascript/checks/UnnecessaryCharacterEscapesCheck
instanceKlass org/sonar/javascript/checks/UnicodeAwareRegexCheck
instanceKlass org/sonar/javascript/checks/UndefinedAssignmentCheck
instanceKlass org/sonar/javascript/checks/UndefinedArgumentCheck
instanceKlass org/sonar/javascript/checks/UnchangedLetVariableCheck
instanceKlass org/sonar/javascript/checks/TryPromiseCheck
instanceKlass org/sonar/javascript/checks/TrailingWhitespaceCheck
instanceKlass org/sonar/javascript/checks/TrailingCommentCheck
instanceKlass org/sonar/javascript/checks/TrailingCommaCheck
instanceKlass org/sonar/javascript/checks/TooManyLinesInFunctionCheck
instanceKlass org/sonar/javascript/checks/TooManyLinesInFileCheck
instanceKlass org/sonar/javascript/checks/TooManyBreakOrContinueInLoopCheck
instanceKlass org/sonar/javascript/checks/TooManyArgumentsCheck
instanceKlass org/sonar/javascript/checks/TodoTagPresenceCheck
instanceKlass org/sonar/javascript/checks/ThrowLiteralCheck
instanceKlass org/sonar/javascript/checks/TemplateStringMisuseCheck
instanceKlass org/sonar/javascript/checks/TableHeaderReferenceCheck
instanceKlass org/sonar/javascript/checks/TableHeaderCheck
instanceKlass org/sonar/javascript/checks/TabindexNoPositiveCheck
instanceKlass org/sonar/javascript/checks/TabCharacterCheck
instanceKlass org/sonar/javascript/checks/SwitchWithoutDefaultCheck
instanceKlass org/sonar/javascript/checks/SwitchWithNotEnoughCaseCheck
instanceKlass org/sonar/javascript/checks/SuperInvocationCheck
instanceKlass org/sonar/javascript/checks/StringsComparisonCheck
instanceKlass org/sonar/javascript/checks/StringLiteralsQuotesCheck
instanceKlass org/sonar/javascript/checks/StringConcatenationCheck
instanceKlass org/sonar/javascript/checks/StringConcatenatedWithNonStringCheck
instanceKlass org/sonar/javascript/checks/StrictTransportSecurityCheck
instanceKlass org/sonar/javascript/checks/StrictModeCheck
instanceKlass org/sonar/javascript/checks/StatefulRegexCheck
instanceKlass org/sonar/javascript/checks/StandardInputCheck
instanceKlass org/sonar/javascript/checks/SqlQueriesCheck
instanceKlass org/sonar/javascript/checks/SonarPreferOptionalChainCheck
instanceKlass org/sonar/javascript/checks/SonarNoMisleadingCharacterClassCheck
instanceKlass org/sonar/javascript/checks/SonarNoInvalidRegexCheck
instanceKlass org/sonar/javascript/checks/SocketsCheck
instanceKlass org/sonar/javascript/checks/SlowRegexCheck
instanceKlass org/sonar/javascript/checks/SingleCharacterAlternativeCheck
instanceKlass org/sonar/javascript/checks/SingleCharInCharacterClassesCheck
instanceKlass org/sonar/javascript/checks/ShorthandPropertiesNotGroupedCheck
instanceKlass org/sonar/javascript/checks/SessionRegenerationCheck
instanceKlass org/sonar/javascript/checks/SemicolonCheck
instanceKlass org/sonar/javascript/checks/SelfAssignmentCheck
instanceKlass org/sonar/javascript/checks/SameLineConditionalCheck
instanceKlass org/sonar/javascript/checks/RulesOfHooksCheck
instanceKlass org/sonar/javascript/checks/RoleSupportsAriaPropsCheck
instanceKlass org/sonar/javascript/checks/RoleHasRequiredAriaPropsCheck
instanceKlass org/sonar/javascript/checks/ReturnOfBooleanExpressionCheck
instanceKlass org/sonar/javascript/checks/ReturnInSetterCheck
instanceKlass org/sonar/javascript/checks/RequireRenderReturnCheck
instanceKlass org/sonar/javascript/checks/RegularExprCheck
instanceKlass org/sonar/javascript/checks/RegexComplexityCheck
instanceKlass org/sonar/javascript/checks/ReferenceErrorCheck
instanceKlass org/sonar/javascript/checks/RedundantTypeAliasesCheck
instanceKlass org/sonar/javascript/checks/RedundantAssignmentCheck
instanceKlass org/sonar/javascript/checks/ReduceInitialValueCheck
instanceKlass org/sonar/javascript/checks/RedeclaredSymbolCheck
instanceKlass org/sonar/javascript/checks/ReassignedParameterCheck
instanceKlass org/sonar/javascript/checks/PubliclyWritableDirectoriesCheck
instanceKlass org/sonar/javascript/checks/PublicStaticReadonlyCheck
instanceKlass org/sonar/javascript/checks/PseudoRandomCheck
instanceKlass org/sonar/javascript/checks/PropTypesCheck
instanceKlass org/sonar/javascript/checks/ProductionDebugCheck
instanceKlass org/sonar/javascript/checks/ProcessArgvCheck
instanceKlass org/sonar/javascript/checks/PrimitiveWrappersCheck
instanceKlass org/sonar/javascript/checks/PreferTypeGuardCheck
instanceKlass org/sonar/javascript/checks/PreferTagOverRoleCheck
instanceKlass org/sonar/javascript/checks/PreferStringStartsEndsWithCheck
instanceKlass org/sonar/javascript/checks/PreferSpreadCheck
instanceKlass org/sonar/javascript/checks/PreferReturnThisTypeCheck
instanceKlass org/sonar/javascript/checks/PreferRegexpExecCheck
instanceKlass org/sonar/javascript/checks/PreferRegexLiteralsCheck
instanceKlass org/sonar/javascript/checks/PreferReadonlyCheck
instanceKlass org/sonar/javascript/checks/PreferReadOnlyPropsCheck
instanceKlass org/sonar/javascript/checks/PreferPromiseShorthandCheck
instanceKlass org/sonar/javascript/checks/PreferPromiseRejectErrorsCheck
instanceKlass org/sonar/javascript/checks/PreferObjectSpreadCheck
instanceKlass org/sonar/javascript/checks/PreferObjectLiteralCheck
instanceKlass org/sonar/javascript/checks/PreferObjectHasOwnCheck
instanceKlass org/sonar/javascript/checks/PreferNullishCoalescingCheck
instanceKlass org/sonar/javascript/checks/PreferNamespaceCheck
instanceKlass org/sonar/javascript/checks/PreferLiteralEnumMemberCheck
instanceKlass org/sonar/javascript/checks/PreferFunctionTypeCheck
instanceKlass org/sonar/javascript/checks/PreferForOfCheck
instanceKlass org/sonar/javascript/checks/PreferEnumInitializersCheck
instanceKlass org/sonar/javascript/checks/PreferDefaultLastCheck
instanceKlass org/sonar/javascript/checks/PreferAsConstCheck
instanceKlass org/sonar/javascript/checks/PostMessageCheck
instanceKlass org/sonar/javascript/checks/ParsingErrorCheck
instanceKlass org/sonar/javascript/checks/ParseIntCallWithoutBaseCheck
instanceKlass org/sonar/javascript/checks/ParenthesesCheck
instanceKlass org/sonar/javascript/checks/OpenCurlyBracesAtEOLCheck
instanceKlass org/sonar/javascript/checks/OneStatementPerLineCheck
instanceKlass org/sonar/javascript/checks/OctalNumberCheck
instanceKlass org/sonar/javascript/checks/ObjectLiteralShorthandCheck
instanceKlass org/sonar/javascript/checks/ObjectAltContentCheck
instanceKlass org/sonar/javascript/checks/OSCommandCheck
instanceKlass org/sonar/javascript/checks/NullDereferenceCheck
instanceKlass org/sonar/javascript/checks/NonStandardImportCheck
instanceKlass org/sonar/javascript/checks/NonNumberInArithmeticExpressionCheck
instanceKlass org/sonar/javascript/checks/NonExistentAssignmentOperatorCheck
instanceKlass org/sonar/javascript/checks/NonEmptyCaseWithoutBreakCheck
instanceKlass org/sonar/javascript/checks/NonCaseLabelInSwitchCheck
instanceKlass org/sonar/javascript/checks/NoWeakKeysCheck
instanceKlass org/sonar/javascript/checks/NoWeakCipherCheck
instanceKlass org/sonar/javascript/checks/NoVueBypassSanitizationCheck
instanceKlass org/sonar/javascript/checks/NoUselessRenameCheck
instanceKlass org/sonar/javascript/checks/NoUselessReactSetstateCheck
instanceKlass org/sonar/javascript/checks/NoUselessConstructorCheck
instanceKlass org/sonar/javascript/checks/NoUselessCatchCheck
instanceKlass org/sonar/javascript/checks/NoUselessCallCheck
instanceKlass org/sonar/javascript/checks/NoUnusedPropTypesCheck
instanceKlass org/sonar/javascript/checks/NoUnusedPrivateClassMembersCheck
instanceKlass org/sonar/javascript/checks/NoUnusedClassComponentMethodsCheck
instanceKlass org/sonar/javascript/checks/NoUnstableNestedComponentsCheck
instanceKlass org/sonar/javascript/checks/NoUnsafeOptionalChainingCheck
instanceKlass org/sonar/javascript/checks/NoUnsafeCheck
instanceKlass org/sonar/javascript/checks/NoUnneededTernaryCheck
instanceKlass org/sonar/javascript/checks/NoUnnecessaryTypeConstraintCheck
instanceKlass org/sonar/javascript/checks/NoUnnecessaryTypeAssertionCheck
instanceKlass org/sonar/javascript/checks/NoUnknownPropertyCheck
instanceKlass org/sonar/javascript/checks/NoUniqKeyCheck
instanceKlass org/sonar/javascript/checks/NoUnescapedEntitiesCheck
instanceKlass org/sonar/javascript/checks/NoUndefInitCheck
instanceKlass org/sonar/javascript/checks/NoThisInSfcCheck
instanceKlass org/sonar/javascript/checks/NoThisAliasCheck
instanceKlass org/sonar/javascript/checks/NoTableAsLayoutCheck
instanceKlass org/sonar/javascript/checks/NoStringRefsCheck
instanceKlass org/sonar/javascript/checks/NoStaticElementInteractionsCheck
instanceKlass org/sonar/javascript/checks/NoSparseArraysCheck
instanceKlass org/sonar/javascript/checks/NoSelfCompareCheck
instanceKlass org/sonar/javascript/checks/NoReturnTypeAnyCheck
instanceKlass org/sonar/javascript/checks/NoReturnAwaitCheck
instanceKlass org/sonar/javascript/checks/NoRenderReturnValueCheck
instanceKlass org/sonar/javascript/checks/NoRegexSpacesCheck
instanceKlass org/sonar/javascript/checks/NoReferrerPolicyCheck
instanceKlass org/sonar/javascript/checks/NoRedundantTypeConstituentsCheck
instanceKlass org/sonar/javascript/checks/NoRedundantShouldComponentUpdateCheck
instanceKlass org/sonar/javascript/checks/NoRedundantRolesCheck
instanceKlass org/sonar/javascript/checks/NoRedundantOptionalCheck
instanceKlass org/sonar/javascript/checks/NoRedundantJumpCheck
instanceKlass org/sonar/javascript/checks/NoProtoCheck
instanceKlass org/sonar/javascript/checks/NoOsCommandsFromPathCheck
instanceKlass org/sonar/javascript/checks/NoOneIterationLoopCheck
instanceKlass org/sonar/javascript/checks/NoOctalEscapeCheck
instanceKlass org/sonar/javascript/checks/NoNoninteractiveTabindexCheck
instanceKlass org/sonar/javascript/checks/NoNoninteractiveElementToInteractiveRoleCheck
instanceKlass org/sonar/javascript/checks/NoNonNullAssertionCheck
instanceKlass org/sonar/javascript/checks/NoNonInteractiveElementsWithHandlersCheck
instanceKlass org/sonar/javascript/checks/NoNewNativeNonconstructorCheck
instanceKlass org/sonar/javascript/checks/NoNestedTemplateLiteralsCheck
instanceKlass org/sonar/javascript/checks/NoNestedSwitchCheck
instanceKlass org/sonar/javascript/checks/NoNestedFunctionsCheck
instanceKlass org/sonar/javascript/checks/NoMutableExportsCheck
instanceKlass org/sonar/javascript/checks/NoMixedEnumsCheck
instanceKlass org/sonar/javascript/checks/NoMixedContentCheck
instanceKlass org/sonar/javascript/checks/NoMisusedPromisesCheck
instanceKlass org/sonar/javascript/checks/NoMisusedNewCheck
instanceKlass org/sonar/javascript/checks/NoMisleadingArrayReverseCheck
instanceKlass org/sonar/javascript/checks/NoMimeSniffCheck
instanceKlass org/sonar/javascript/checks/NoMagicNumbersCheck
instanceKlass org/sonar/javascript/checks/NoLossOfPrecisionCheck
instanceKlass org/sonar/javascript/checks/NoLonelyIfCheck
instanceKlass org/sonar/javascript/checks/NoLoneBlocksCheck
instanceKlass org/sonar/javascript/checks/NoLiteralCallCheck
instanceKlass org/sonar/javascript/checks/NoIsMountedCheck
instanceKlass org/sonar/javascript/checks/NoInvertedBooleanCheckCheck
instanceKlass org/sonar/javascript/checks/NoInvalidAwaitCheck
instanceKlass org/sonar/javascript/checks/NoInteractiveElementToNoninteractiveRoleCheck
instanceKlass org/sonar/javascript/checks/NoInferrableTypesCheck
instanceKlass org/sonar/javascript/checks/NoInMisuseCheck
instanceKlass org/sonar/javascript/checks/NoImportAssignCheck
instanceKlass org/sonar/javascript/checks/NoHookSetterInBodyCheck
instanceKlass org/sonar/javascript/checks/NoHardcodedIpCheck
instanceKlass org/sonar/javascript/checks/NoForInArrayCheck
instanceKlass org/sonar/javascript/checks/NoFindDomNodeCheck
instanceKlass org/sonar/javascript/checks/NoExtraBooleanCastCheck
instanceKlass org/sonar/javascript/checks/NoExtraBindCheck
instanceKlass org/sonar/javascript/checks/NoExtendNativeCheck
instanceKlass org/sonar/javascript/checks/NoEmptyInterfaceCheck
instanceKlass org/sonar/javascript/checks/NoEmptyGroupCheck
instanceKlass org/sonar/javascript/checks/NoEmptyCollectionCheck
instanceKlass org/sonar/javascript/checks/NoEmptyClassCheck
instanceKlass org/sonar/javascript/checks/NoEmptyAlternativesCheck
instanceKlass org/sonar/javascript/checks/NoEmptyAfterReluctantCheck
instanceKlass org/sonar/javascript/checks/NoElementOverwriteCheck
instanceKlass org/sonar/javascript/checks/NoDuplicateStringCheck
instanceKlass org/sonar/javascript/checks/NoDuplicateInCompositeCheck
instanceKlass org/sonar/javascript/checks/NoDuplicateImportsCheck
instanceKlass org/sonar/javascript/checks/NoDuplicateEnumValuesCheck
instanceKlass org/sonar/javascript/checks/NoDirectMutationStateCheck
instanceKlass org/sonar/javascript/checks/NoDeprecatedReactCheck
instanceKlass org/sonar/javascript/checks/NoDangerWithChildrenCheck
instanceKlass org/sonar/javascript/checks/NoControlRegexCheck
instanceKlass org/sonar/javascript/checks/NoConstructorReturnCheck
instanceKlass org/sonar/javascript/checks/NoConstantBinaryExpressionCheck
instanceKlass org/sonar/javascript/checks/NoConfusingNonNullAssertionCheck
instanceKlass org/sonar/javascript/checks/NoClearTextProtocolsCheck
instanceKlass org/sonar/javascript/checks/NoChildrenPropCheck
instanceKlass org/sonar/javascript/checks/NoCaseDeclarationsCheck
instanceKlass org/sonar/javascript/checks/NoBaseToStringCheck
instanceKlass org/sonar/javascript/checks/NoArrayIndexKeyCheck
instanceKlass org/sonar/javascript/checks/NoArrayDeleteCheck
instanceKlass org/sonar/javascript/checks/NoAriaHiddenOnFocusableCheck
instanceKlass org/sonar/javascript/checks/NoAnyCheck
instanceKlass org/sonar/javascript/checks/NoAngularBypassSanitizationCheck
instanceKlass org/sonar/javascript/checks/NoAccessorFieldMismatchCheck
instanceKlass org/sonar/javascript/checks/NoAccessStateInSetstateCheck
instanceKlass org/sonar/javascript/checks/NoAccessKeyCheck
instanceKlass org/sonar/javascript/checks/NoAbsolutePathCheck
instanceKlass org/sonar/javascript/checks/NewOperatorMisuseCheck
instanceKlass org/sonar/javascript/checks/NewCapCheck
instanceKlass org/sonar/javascript/checks/NestedControlFlowDepthCheck
instanceKlass org/sonar/javascript/checks/NestedConditionalOperatorsCheck
instanceKlass org/sonar/javascript/checks/NestedAssignmentCheck
instanceKlass org/sonar/javascript/checks/MultilineStringLiteralsCheck
instanceKlass org/sonar/javascript/checks/MultilineBlockCurlyBraceCheck
instanceKlass org/sonar/javascript/checks/MouseEventsA11YCheck
instanceKlass org/sonar/javascript/checks/MissingTrailingCommaCheck
instanceKlass org/sonar/javascript/checks/MissingNewlineAtEndOfFileCheck
instanceKlass org/sonar/javascript/checks/MisorderedParameterListCheck
instanceKlass org/sonar/javascript/checks/MediaHasCaptionCheck
instanceKlass org/sonar/javascript/checks/MaxUnionSizeCheck
instanceKlass org/sonar/javascript/checks/MaxSwitchCasesCheck
instanceKlass org/sonar/javascript/checks/MaxParameterCheck
instanceKlass org/sonar/javascript/checks/LoopsShouldNotBeInfiniteCheck
instanceKlass org/sonar/javascript/checks/LinkWithTargetBlankCheck
instanceKlass org/sonar/javascript/checks/LineLengthCheck
instanceKlass org/sonar/javascript/checks/LabelledStatementCheck
instanceKlass org/sonar/javascript/checks/LabelPlacementCheck
instanceKlass org/sonar/javascript/checks/LabelHasAssociatedControlCheck
instanceKlass org/sonar/javascript/checks/JumpStatementInFinallyCheck
instanceKlass org/sonar/javascript/checks/JsxPascalCaseCheck
instanceKlass org/sonar/javascript/checks/JsxNoUselessFragmentCheck
instanceKlass org/sonar/javascript/checks/JsxNoLeakedRenderCheck
instanceKlass org/sonar/javascript/checks/JsxNoConstructedContextValuesCheck
instanceKlass org/sonar/javascript/checks/JsxNoCommentTextnodesCheck
instanceKlass org/sonar/javascript/checks/JsxNoBindCheck
instanceKlass org/sonar/javascript/checks/JsxKeyCheck
instanceKlass org/sonar/javascript/checks/JsxChildElementSpacingCheck
instanceKlass org/sonar/javascript/checks/IpForwardCheck
instanceKlass org/sonar/javascript/checks/InvertedAssertionArgumentsCheck
instanceKlass org/sonar/javascript/checks/InvariantReturnCheck
instanceKlass org/sonar/javascript/checks/IntrusivePermissionsCheck
instanceKlass org/sonar/javascript/checks/InteractiveElementsShouldBeFocusableCheck
instanceKlass org/sonar/javascript/checks/InstanceofInMisuseCheck
instanceKlass org/sonar/javascript/checks/InsecureJwtTokenCheck
instanceKlass org/sonar/javascript/checks/InsecureCookieCheck
instanceKlass org/sonar/javascript/checks/IndexOfCompareToPositiveNumberCheck
instanceKlass org/sonar/javascript/checks/IncrementDecrementInSubExpressionCheck
instanceKlass org/sonar/javascript/checks/InconsistentFunctionCallCheck
instanceKlass org/sonar/javascript/checks/InOperatorTypeErrorCheck
instanceKlass org/sonar/javascript/checks/ImplicitDependenciesCheck
instanceKlass org/sonar/javascript/checks/ImmediatelyReturnedVariableCheck
instanceKlass org/sonar/javascript/checks/ImgRedundantAltCheck
instanceKlass org/sonar/javascript/checks/IgnoredReturnCheck
instanceKlass org/sonar/javascript/checks/IframeHasTitleCheck
instanceKlass org/sonar/javascript/checks/IdenticalFunctionsCheck
instanceKlass org/sonar/javascript/checks/IdenticalExpressionOnBinaryOperatorCheck
instanceKlass org/sonar/javascript/checks/HtmlHasLangCheck
instanceKlass org/sonar/javascript/checks/HookUseStateCheck
instanceKlass org/sonar/javascript/checks/HiddenFilesCheck
instanceKlass org/sonar/javascript/checks/HeadingHasContentCheck
instanceKlass org/sonar/javascript/checks/HashingCheck
instanceKlass org/sonar/javascript/checks/HardcodedCredentialsCheck
instanceKlass org/sonar/javascript/checks/GratuitousConditionCheck
instanceKlass org/sonar/javascript/checks/GlobalsShadowingCheck
instanceKlass org/sonar/javascript/checks/GlobalThisCheck
instanceKlass org/sonar/javascript/checks/GetterSetterCheck
instanceKlass org/sonar/javascript/checks/GeneratorWithoutYieldCheck
instanceKlass org/sonar/javascript/checks/FutureReservedWordsCheck
instanceKlass org/sonar/javascript/checks/FunctionReturnTypeCheck
instanceKlass org/sonar/javascript/checks/FunctionNameCheck
instanceKlass org/sonar/javascript/checks/FunctionDefinitionInsideLoopCheck
instanceKlass org/sonar/javascript/checks/FunctionDeclarationsWithinBlocksCheck
instanceKlass org/sonar/javascript/checks/FunctionConstructorCheck
instanceKlass org/sonar/javascript/checks/FunctionCallArgumentsOnNewLineCheck
instanceKlass org/sonar/javascript/checks/FrameAncestorsCheck
instanceKlass org/sonar/javascript/checks/ForLoopIncrementSignCheck
instanceKlass org/sonar/javascript/checks/ForLoopConditionAndUpdateCheck
instanceKlass org/sonar/javascript/checks/ForInCheck
instanceKlass org/sonar/javascript/checks/ForHidingWhileCheck
instanceKlass org/sonar/javascript/checks/FixmeTagPresenceCheck
instanceKlass org/sonar/javascript/checks/FileUploadsCheck
instanceKlass org/sonar/javascript/checks/FilePermissionsCheck
instanceKlass org/sonar/javascript/checks/FileNameDiffersFromClassCheck
instanceKlass org/sonar/javascript/checks/FileHeaderCheck
instanceKlass org/sonar/javascript/checks/ExpressionComplexityCheck
instanceKlass org/sonar/javascript/checks/ExistingGroupsCheck
instanceKlass org/sonar/javascript/checks/EvalCheck
instanceKlass org/sonar/javascript/checks/ErrorWithoutThrowCheck
instanceKlass org/sonar/javascript/checks/EqualInForLoopTerminationCheck
instanceKlass org/sonar/javascript/checks/EqEqEqCheck
instanceKlass org/sonar/javascript/checks/EncryptionSecureModeCheck
instanceKlass org/sonar/javascript/checks/EncryptionCheck
instanceKlass org/sonar/javascript/checks/EmptyStringRepetitionCheck
instanceKlass org/sonar/javascript/checks/EmptyStatementCheck
instanceKlass org/sonar/javascript/checks/EmptyFunctionCheck
instanceKlass org/sonar/javascript/checks/EmptyDestructuringPatternCheck
instanceKlass org/sonar/javascript/checks/EmptyCharacterClassesCheck
instanceKlass org/sonar/javascript/checks/EmptyBlockCheck
instanceKlass org/sonar/javascript/checks/ElseIfWithoutElseCheck
instanceKlass org/sonar/javascript/checks/DuplicatesInCharacterClassCheck
instanceKlass org/sonar/javascript/checks/DuplicatePropertyNameCheck
instanceKlass org/sonar/javascript/checks/DuplicateFunctionArgumentCheck
instanceKlass org/sonar/javascript/checks/DuplicateConditionIfCheck
instanceKlass org/sonar/javascript/checks/DuplicateBranchImplementationCheck
instanceKlass org/sonar/javascript/checks/DuplicateAllBranchImplementationCheck
instanceKlass org/sonar/javascript/checks/DnsPrefetchingCheck
instanceKlass org/sonar/javascript/checks/DisabledResourceIntegrityCheck
instanceKlass org/sonar/javascript/checks/DisabledAutoEscapingCheck
instanceKlass org/sonar/javascript/checks/DifferentTypesComparisonCheck
instanceKlass org/sonar/javascript/checks/DestructuringAssignmentSyntaxCheck
instanceKlass org/sonar/javascript/checks/DeprecationCheck
instanceKlass org/sonar/javascript/checks/DeleteNonPropertyCheck
instanceKlass org/sonar/javascript/checks/DefaultPropsMatchPropTypesCheck
instanceKlass org/sonar/javascript/checks/DefaultParametersNotLastCheck
instanceKlass org/sonar/javascript/checks/DeclarationInGlobalScopeCheck
instanceKlass org/sonar/javascript/checks/DebuggerStatementCheck
instanceKlass org/sonar/javascript/checks/DeadStoreCheck
instanceKlass org/sonar/javascript/checks/CyclomaticComplexityTypeScriptCheck
instanceKlass org/sonar/javascript/checks/CyclomaticComplexityJavaScriptCheck
instanceKlass org/sonar/javascript/checks/CsrfCheck
instanceKlass org/sonar/javascript/checks/CounterUpdatedInLoopCheck
instanceKlass org/sonar/javascript/checks/CorsCheck
instanceKlass org/sonar/javascript/checks/CookiesCheck
instanceKlass org/sonar/javascript/checks/CookieNoHttpOnlyCheck
instanceKlass org/sonar/javascript/checks/ContinueStatementCheck
instanceKlass org/sonar/javascript/checks/ContentSecurityPolicyCheck
instanceKlass org/sonar/javascript/checks/ContentLengthCheck
instanceKlass org/sonar/javascript/checks/ConstructorFunctionsForSideEffectsCheck
instanceKlass org/sonar/javascript/checks/ConsoleLoggingCheck
instanceKlass org/sonar/javascript/checks/ConsistentReturnsCheck
instanceKlass org/sonar/javascript/checks/ConfidentialInformationLoggingCheck
instanceKlass org/sonar/javascript/checks/ConditionalOperatorCheck
instanceKlass org/sonar/javascript/checks/ConditionalIndentationCheck
instanceKlass org/sonar/javascript/checks/ConciseRegexCheck
instanceKlass org/sonar/javascript/checks/ComparisonWithNaNCheck
instanceKlass org/sonar/javascript/checks/CommentedCodeCheck
instanceKlass org/sonar/javascript/checks/CommentRegularExpressionCheck
instanceKlass org/sonar/javascript/checks/CommaOperatorUseCheck
instanceKlass org/sonar/javascript/checks/CommaOperatorInSwitchCaseCheck
instanceKlass org/sonar/javascript/checks/CollectionSizeComparisonCheck
instanceKlass org/sonar/javascript/checks/CollapsibleIfStatementsCheck
instanceKlass org/sonar/javascript/checks/CognitiveComplexityFunctionCheck
instanceKlass org/sonar/javascript/checks/ClassPrototypeCheck
instanceKlass org/sonar/javascript/checks/ClassNameCheck
instanceKlass org/sonar/javascript/checks/CertificateTransparencyCheck
instanceKlass org/sonar/javascript/checks/BuiltInObjectOverriddenCheck
instanceKlass org/sonar/javascript/checks/BooleanEqualityComparisonCheck
instanceKlass org/sonar/javascript/checks/BoolParamDefaultCheck
instanceKlass org/sonar/javascript/checks/BitwiseOperatorsCheck
instanceKlass org/sonar/javascript/checks/AwsSqsUnencryptedQueueCheck
instanceKlass org/sonar/javascript/checks/AwsSnsUnencryptedTopicsCheck
instanceKlass org/sonar/javascript/checks/AwsSagemakerUnencryptedNotebookCheck
instanceKlass org/sonar/javascript/checks/AwsS3BucketVersioningCheck
instanceKlass org/sonar/javascript/checks/AwsS3BucketServerEncryptionCheck
instanceKlass org/sonar/javascript/checks/AwsS3BucketPublicAccessCheck
instanceKlass org/sonar/javascript/checks/AwsS3BucketInsecureHttpCheck
instanceKlass org/sonar/javascript/checks/AwsS3BucketGrantedAccessCheck
instanceKlass org/sonar/javascript/checks/AwsRestrictedIpAdminAccessCheck
instanceKlass org/sonar/javascript/checks/AwsRdsUnencryptedDatabasesCheck
instanceKlass org/sonar/javascript/checks/AwsOpenSearchServiceDomainCheck
instanceKlass org/sonar/javascript/checks/AwsIamPublicAccessCheck
instanceKlass org/sonar/javascript/checks/AwsIamPrivilegeEscalationCheck
instanceKlass org/sonar/javascript/checks/AwsIamAllResourcesAccessibleCheck
instanceKlass org/sonar/javascript/checks/AwsIamAllPrivilegesCheck
instanceKlass org/sonar/javascript/checks/AwsEfsUnencryptedCheck
instanceKlass org/sonar/javascript/checks/AwsEc2UnencryptedEbsVolumeCheck
instanceKlass org/sonar/javascript/checks/AwsEc2RdsDmsPublicCheck
instanceKlass org/sonar/javascript/checks/AwsApigatewayPublicApiCheck
instanceKlass org/sonar/javascript/checks/AutocompleteValidCheck
instanceKlass org/sonar/javascript/checks/AssociativeArraysCheck
instanceKlass org/sonar/plugins/javascript/api/TestFileCheck
instanceKlass org/sonar/javascript/checks/ArrowFunctionConventionCheck
instanceKlass org/sonar/javascript/checks/ArrayConstructorsCheck
instanceKlass org/sonar/javascript/checks/ArrayCallbackWithoutReturnCheck
instanceKlass org/sonar/javascript/checks/ArithmeticOperationReturningNanCheck
instanceKlass org/sonar/javascript/checks/AriaUnsupportedElementsCheck
instanceKlass org/sonar/javascript/checks/AriaRoleCheck
instanceKlass org/sonar/javascript/checks/AriaProptypesCheck
instanceKlass org/sonar/javascript/checks/AriaActivedescendantHasTabindexCheck
instanceKlass org/sonar/javascript/checks/ArgumentsUsageCheck
instanceKlass org/sonar/javascript/checks/ArgumentsCallerCalleeUsageCheck
instanceKlass org/sonar/javascript/checks/ArgumentTypesCheck
instanceKlass org/sonar/javascript/checks/AngleBracketTypeAssertionCheck
instanceKlass org/sonar/javascript/checks/AnchorPrecedenceCheck
instanceKlass org/sonar/javascript/checks/AnchorIsValidCheck
instanceKlass org/sonar/javascript/checks/AnchorHasContentCheck
instanceKlass org/sonar/javascript/checks/AlwaysUseCurlyBracesCheck
instanceKlass org/sonar/javascript/checks/AltTextCheck
instanceKlass org/sonar/javascript/checks/AlphabeticalSortCheck
instanceKlass org/sonar/javascript/checks/AlertUseCheck
instanceKlass org/sonar/javascript/checks/AdjacentOverloadSignaturesCheck
instanceKlass org/sonar/plugins/javascript/api/TypeScriptRule
instanceKlass org/sonar/javascript/checks/CheckList
instanceKlass org/sonar/plugins/javascript/api/CustomRuleRepository
instanceKlass org/sonar/plugins/javascript/sonarlint/SonarLintTypeCheckingChecker
instanceKlass org/sonar/plugins/common/thread/ParallelizationManager
instanceKlass org/sonar/plugins/common/DurationStatistics
instanceKlass org/sonar/iac/springconfig/checks/WeakSSLProtocolCheck
instanceKlass org/sonar/iac/springconfig/checks/AbstractSensitiveKeyCheck
instanceKlass org/sonar/iac/springconfig/checks/SpringConfigCheckList
instanceKlass org/sonar/iac/arm/tree/api/bicep/LambdaExpression
instanceKlass org/sonar/iac/arm/tree/api/bicep/variable/LocalVariable
instanceKlass org/sonar/iac/arm/tree/api/bicep/variable/VariableBlock
instanceKlass org/sonar/iac/arm/tree/api/bicep/variable/LambdaVariable
instanceKlass org/sonar/iac/arm/tree/api/Variable
instanceKlass org/sonar/iac/arm/tree/api/Parameter
instanceKlass org/sonar/iac/arm/tree/api/HasIdentifier
instanceKlass org/sonar/iac/arm/tree/api/bicep/TypedLambdaExpression
instanceKlass org/sonar/iac/arm/tree/api/bicep/typed/TypedVariableBlock
instanceKlass org/sonar/iac/arm/tree/api/bicep/typed/TypedLocalVariable
instanceKlass org/sonar/iac/arm/tree/api/bicep/Decorator
instanceKlass org/sonar/iac/arm/tree/api/bicep/MultilineString
instanceKlass org/sonar/iac/arm/tree/api/bicep/TupleItem
instanceKlass org/sonar/iac/arm/tree/api/bicep/TupleType
instanceKlass org/sonar/iac/arm/tree/api/bicep/UnaryOperator
instanceKlass org/sonar/iac/arm/tree/api/bicep/AmbientTypeReference
instanceKlass org/sonar/iac/arm/tree/api/bicep/ParenthesizedExpression
instanceKlass org/sonar/iac/arm/tree/api/bicep/expression/TernaryExpression
instanceKlass org/sonar/iac/arm/tree/api/bicep/expression/BinaryExpression
instanceKlass org/sonar/iac/arm/tree/api/bicep/MemberExpression
instanceKlass org/sonar/iac/arm/tree/api/bicep/expression/EqualityExpression
instanceKlass org/sonar/iac/arm/tree/api/bicep/expression/RelationalExpression
instanceKlass org/sonar/iac/arm/tree/api/bicep/expression/AdditiveExpression
instanceKlass org/sonar/iac/arm/tree/api/bicep/expression/MultiplicativeExpression
instanceKlass org/sonar/iac/arm/tree/api/bicep/expression/BinaryOperation
instanceKlass org/sonar/iac/arm/tree/api/bicep/expression/UnaryExpression
instanceKlass org/sonar/iac/arm/tree/api/bicep/IfCondition
instanceKlass org/sonar/iac/arm/tree/api/bicep/ObjectTypeProperty
instanceKlass org/sonar/iac/arm/tree/api/bicep/ObjectType
instanceKlass org/sonar/iac/arm/tree/api/bicep/ParenthesizedTypeExpression
instanceKlass org/sonar/iac/arm/tree/api/bicep/SingularTypeExpression
instanceKlass org/sonar/iac/arm/tree/api/bicep/TypeExpression
instanceKlass org/sonar/iac/arm/tree/api/bicep/ForVariableBlock
instanceKlass org/sonar/iac/arm/tree/api/bicep/ForExpression
instanceKlass org/sonar/iac/arm/tree/api/FunctionCall
instanceKlass org/sonar/iac/arm/tree/api/bicep/importdecl/ImportAsClause
instanceKlass org/sonar/iac/arm/tree/api/bicep/importdecl/ImportWithClause
instanceKlass org/sonar/iac/arm/tree/api/bicep/ImportDeclaration
instanceKlass org/sonar/iac/arm/tree/api/bicep/MetadataDeclaration
instanceKlass org/sonar/iac/arm/tree/api/bicep/FunctionDeclaration
instanceKlass org/sonar/iac/arm/tree/api/bicep/TargetScopeDeclaration
instanceKlass org/sonar/iac/arm/tree/api/bicep/TypeDeclaration
instanceKlass org/sonar/iac/arm/tree/api/ObjectExpression
instanceKlass org/sonar/iac/arm/tree/api/ArrayExpression
instanceKlass org/sonar/iac/arm/tree/api/StringLiteral
instanceKlass org/sonar/iac/arm/tree/api/bicep/InterpolatedString
instanceKlass org/sonar/iac/arm/tree/api/NullLiteral
instanceKlass org/sonar/iac/arm/tree/api/NumericLiteral
instanceKlass org/sonar/iac/arm/tree/api/BooleanLiteral
instanceKlass org/sonar/iac/arm/tree/api/Property
instanceKlass org/sonar/iac/arm/tree/api/Identifier
instanceKlass org/sonar/iac/arm/tree/api/bicep/TypeExpressionAble
instanceKlass org/sonar/iac/arm/tree/api/bicep/ModuleDeclaration
instanceKlass org/sonar/iac/arm/tree/api/bicep/HasKeyword
instanceKlass org/sonar/iac/arm/tree/api/bicep/HasDecorators
instanceKlass org/sonar/iac/arm/tree/api/VariableDeclaration
instanceKlass org/sonar/iac/arm/tree/api/ResourceDeclaration
instanceKlass org/sonar/iac/arm/tree/api/HasResources
instanceKlass org/sonar/iac/arm/tree/api/bicep/ObjectProperty
instanceKlass org/sonar/iac/arm/tree/api/ParameterDeclaration
instanceKlass org/sonar/iac/arm/tree/api/HasSymbol
instanceKlass org/sonar/iac/arm/tree/api/OutputDeclaration
instanceKlass org/sonar/iac/arm/tree/api/bicep/Declaration
instanceKlass org/sonar/iac/arm/tree/api/Statement
instanceKlass org/sonar/iac/arm/tree/api/File
instanceKlass org/sonar/iac/arm/tree/api/HasSymbolTable
instanceKlass java/util/function/ToIntFunction
instanceKlass org/sonar/iac/arm/checks/utils/CheckUtils
instanceKlass org/sonar/iac/arm/tree/api/Expression
instanceKlass org/sonar/iac/arm/tree/api/ArmTree
instanceKlass org/sonar/iac/arm/checks/AbstractUnusedSymbolCheck
instanceKlass org/sonar/iac/arm/checks/TopLevelPropertiesOrderCheck
instanceKlass org/sonar/iac/arm/checks/StringLiteralDuplicatedCheck
instanceKlass org/sonar/iac/arm/checks/SecureParameterDefaultValueCheck
instanceKlass org/sonar/iac/arm/checks/RedundantResourceDependenciesCheck
instanceKlass org/sonar/iac/arm/checks/PublicNetworkAccessCheck
instanceKlass org/sonar/iac/arm/checks/ParameterAndVariableNameConventionCheck
instanceKlass org/sonar/iac/arm/checks/LocationParameterAllowedValuesCheck
instanceKlass org/sonar/iac/arm/checks/HardCodedCredentialsCheck
instanceKlass org/sonar/iac/arm/checks/HardcodedResourceLocationCheck
instanceKlass org/sonar/iac/arm/checks/HardcodeApiVersionCheck
instanceKlass org/sonar/iac/arm/checks/EmptyOrNullValueCheck
instanceKlass org/sonar/iac/arm/checks/ElementsOrderResourceCheck
instanceKlass org/sonar/iac/arm/checks/AbstractArmResourceCheck
instanceKlass org/sonar/iac/arm/checks/ArmCheckList
instanceKlass org/sonar/iac/docker/checks/PackageManagerConsentFlagCheck$CommandOption
instanceKlass org/sonar/iac/docker/tree/api/Argument
instanceKlass org/sonar/iac/docker/tree/api/EncapsulatedVariable
instanceKlass org/sonar/iac/docker/tree/api/RegularVariable
instanceKlass org/sonar/iac/docker/tree/api/Variable
instanceKlass org/sonar/iac/docker/tree/api/HasSymbol
instanceKlass org/sonar/iac/docker/tree/api/ExpandableStringCharacters
instanceKlass org/sonar/iac/docker/tree/api/ExpandableStringLiteral
instanceKlass org/sonar/iac/docker/tree/api/Literal
instanceKlass org/sonar/iac/docker/tree/api/Expression
instanceKlass org/sonar/iac/docker/tree/api/SyntaxToken
instanceKlass org/sonar/iac/common/api/tree/IacToken
instanceKlass org/sonar/iac/common/api/tree/TextTree
instanceKlass org/sonar/iac/docker/tree/api/HereDocument
instanceKlass org/sonar/iac/docker/tree/api/HealthCheckInstruction
instanceKlass org/sonar/iac/docker/tree/api/ShellInstruction
instanceKlass org/sonar/iac/docker/tree/api/UserInstruction
instanceKlass org/sonar/iac/docker/tree/api/VolumeInstruction
instanceKlass org/sonar/iac/docker/tree/api/CopyInstruction
instanceKlass org/sonar/iac/docker/tree/api/AddInstruction
instanceKlass org/sonar/iac/docker/tree/api/TransferInstruction
instanceKlass org/sonar/iac/docker/tree/api/ExecForm
instanceKlass org/sonar/iac/docker/tree/api/ShellForm
instanceKlass org/sonar/iac/docker/tree/api/ArgumentList
instanceKlass org/sonar/iac/docker/tree/api/RunInstruction
instanceKlass org/sonar/iac/docker/tree/api/EntrypointInstruction
instanceKlass org/sonar/iac/docker/tree/api/CmdInstruction
instanceKlass org/sonar/iac/docker/tree/api/CommandInstruction
instanceKlass org/sonar/iac/docker/tree/api/ArgInstruction
instanceKlass org/sonar/iac/docker/tree/api/KeyValuePair
instanceKlass org/sonar/iac/docker/tree/api/EnvInstruction
instanceKlass org/sonar/iac/docker/tree/api/LabelInstruction
instanceKlass org/sonar/iac/docker/tree/api/ExposeInstruction
instanceKlass org/sonar/iac/docker/tree/api/WorkdirInstruction
instanceKlass org/sonar/iac/docker/tree/api/StopSignalInstruction
instanceKlass org/sonar/iac/docker/tree/api/MaintainerInstruction
instanceKlass org/sonar/iac/docker/tree/api/Alias
instanceKlass org/sonar/iac/docker/tree/api/Flag
instanceKlass org/sonar/iac/docker/tree/api/FromInstruction
instanceKlass org/sonar/iac/docker/tree/api/OnBuildInstruction
instanceKlass org/sonar/iac/docker/tree/api/Instruction
instanceKlass org/sonar/iac/docker/tree/api/DockerImage
instanceKlass org/sonar/iac/docker/tree/api/Body
instanceKlass org/sonar/iac/docker/tree/api/HasScope
instanceKlass org/sonar/iac/docker/tree/api/File
instanceKlass org/sonar/iac/docker/tree/api/DockerTree
instanceKlass org/sonar/sslr/grammar/GrammarRuleKey
instanceKlass com/sonar/sslr/api/AstNodeType
instanceKlass org/sonar/iac/docker/checks/utils/command/IncludingUnresolvedArgumentsArgumentResolutionPredicate
instanceKlass org/sonar/iac/docker/checks/utils/FlagNoSpaceArgumentPredicate
instanceKlass org/sonar/iac/docker/checks/utils/StandardCommandDetectors
instanceKlass org/sonar/iac/docker/checks/utils/StringPredicate
instanceKlass org/sonar/iac/docker/checks/utils/command/SingularPredicate
instanceKlass org/sonar/iac/docker/checks/utils/command/CommandPredicate
instanceKlass org/sonar/iac/docker/checks/utils/CommandDetector$Builder
instanceKlass org/sonar/iac/docker/checks/utils/CommandDetector
instanceKlass org/sonar/iac/docker/tree/api/HasArguments
instanceKlass org/sonar/iac/docker/checks/WorkdirInsteadCdCheck
instanceKlass org/sonar/iac/docker/checks/WeakSslTlsProtocolsCheck
instanceKlass org/sonar/iac/docker/checks/WeakHashAlgorithmsCheck
instanceKlass org/sonar/iac/docker/checks/VariableReferenceOutsideOfQuotesCheck
instanceKlass org/sonar/iac/docker/checks/UnsecureConnectionCheck
instanceKlass org/sonar/iac/docker/checks/UniqueInstructionPresenceCheck
instanceKlass org/sonar/iac/docker/checks/UnencryptedProtocolCheck
instanceKlass org/sonar/iac/docker/checks/SpecificVersionTagCheck
instanceKlass org/sonar/iac/docker/checks/SpaceBeforeEqualInKeyValuePairCheck
instanceKlass org/sonar/iac/docker/checks/ShellExpansionsInCommandCheck
instanceKlass org/sonar/iac/docker/checks/SecretsHandlingCheck
instanceKlass org/sonar/iac/docker/checks/SecretsGenerationCheck
instanceKlass org/sonar/iac/docker/checks/PrivilegedUserCheck
instanceKlass org/sonar/iac/docker/checks/PosixPermissionCheck
instanceKlass org/sonar/iac/docker/checks/PackageManagerUpdateWithoutInstallCheck
instanceKlass org/sonar/iac/docker/checks/PackageManagerConsentFlagCheck
instanceKlass org/sonar/iac/docker/checks/PackageInstallationScriptExecutionCheck
instanceKlass org/sonar/iac/docker/checks/PackageInstallationCheck
instanceKlass org/sonar/iac/docker/checks/PackageInstallationCacheCheck
instanceKlass org/sonar/iac/docker/checks/MountWorldPermissionCheck
instanceKlass org/sonar/iac/docker/checks/MisusedUnsetCheck
instanceKlass org/sonar/iac/docker/checks/InstructionFormatCheck
instanceKlass org/sonar/iac/docker/checks/ImageWithDigestCheck
instanceKlass org/sonar/iac/docker/checks/HostNetworkNamespaceCheck
instanceKlass org/sonar/iac/docker/checks/ExposePortCheck
instanceKlass org/sonar/iac/docker/checks/ExecutableNotOwnedByRootCheck
instanceKlass org/sonar/iac/docker/checks/DirectoryCopySourceCheck
instanceKlass org/sonar/iac/docker/checks/DeprecatedInstructionCheck
instanceKlass org/sonar/iac/docker/checks/DebugModeCheck
instanceKlass org/sonar/iac/docker/checks/ClearTextProtocolDowngradeCheck
instanceKlass org/sonar/iac/docker/checks/BuilderSandboxCheck
instanceKlass org/sonar/iac/docker/checks/ArgDefinedOutsideOfScopeCheck
instanceKlass org/sonar/iac/docker/checks/DockerCheckList
instanceKlass org/sonar/iac/kubernetes/plugin/KubernetesParserStatistics
instanceKlass org/sonar/iac/kubernetes/visitors/ProjectContext$Builder
instanceKlass org/sonar/iac/kubernetes/visitors/ProjectContext
instanceKlass org/sonar/iac/common/yaml/tree/YamlTree
instanceKlass org/sonar/iac/common/api/tree/HasComments
instanceKlass org/sonar/iac/kubernetes/checks/ClearTextProtocolsCheck
instanceKlass org/sonar/iac/kubernetes/checks/AbstractKubernetesObjectCheck
instanceKlass org/sonar/iac/kubernetes/checks/KubernetesCheckList
instanceKlass java/nio/file/TempFileHelper
instanceKlass org/sonar/iac/cloudformation/checks/LogGroupDeclarationCheck
instanceKlass org/sonar/iac/cloudformation/checks/BucketsInsecureHttpCheck
instanceKlass org/sonar/iac/cloudformation/checks/AbstractResourceCheck
instanceKlass org/sonar/iac/cloudformation/checks/CloudformationCheckList
instanceKlass org/sonar/iac/terraform/api/tree/ExpressionTree
instanceKlass org/sonar/iac/common/extension/visitors/TreeVisitor$ConsumerFilter
instanceKlass org/sonar/iac/terraform/api/tree/BlockTree
instanceKlass org/sonar/iac/terraform/api/tree/StatementTree
instanceKlass org/sonar/iac/common/api/tree/PropertyTree
instanceKlass org/sonar/iac/terraform/api/tree/TerraformTree
instanceKlass org/sonar/iac/common/api/tree/HasProperties
instanceKlass org/sonar/iac/common/extension/visitors/TreeVisitor
instanceKlass org/sonar/iac/common/checkdsl/ContextualTree
instanceKlass org/sonar/iac/common/api/tree/Tree
instanceKlass org/sonar/iac/terraform/checks/utils/PredicateUtils
instanceKlass org/sonar/iac/common/api/tree/HasTextRange
instanceKlass org/sonar/iac/common/checks/ToDoCommentCheck
instanceKlass org/sonar/iac/common/checks/ParsingErrorCheck
instanceKlass org/sonar/iac/terraform/checks/azure/HigherPrivilegedRoleAssignmentCheck
instanceKlass org/sonar/iac/terraform/checks/WeakSSLProtocolCheck
instanceKlass org/sonar/iac/terraform/checks/IpRestrictedAdminAccessCheck
instanceKlass org/sonar/iac/terraform/checks/PrivilegePolicyCheck
instanceKlass org/sonar/iac/terraform/checks/DisabledLoggingCheck
instanceKlass org/sonar/iac/terraform/checks/ClearTextProtocolsCheck
instanceKlass org/sonar/iac/terraform/checks/BucketsPublicAclOrPolicyCheck
instanceKlass org/sonar/iac/terraform/checks/BucketsInsecureHttpCheck
instanceKlass org/sonar/iac/terraform/checks/AbstractNewResourceCheck
instanceKlass org/sonar/iac/terraform/checks/PublicNetworkAccessCheck
instanceKlass org/sonar/iac/terraform/checks/AbstractResourceCheck
instanceKlass org/sonar/iac/common/api/checks/IacCheck
instanceKlass org/sonar/iac/terraform/checks/TerraformCheckList
instanceKlass org/sonar/api/batch/fs/internal/predicates/OperatorPredicate
instanceKlass org/sonar/plugins/xml/checks/security/HardcodedCredentialsCheck$SpecialCase
instanceKlass javax/xml/xpath/XPathExpression
instanceKlass com/sun/org/apache/xpath/internal/axes/IteratorPool
instanceKlass com/sun/org/apache/xpath/internal/axes/SubContextList
instanceKlass com/sun/org/apache/xpath/internal/axes/PathComponent
instanceKlass com/sun/org/apache/xml/internal/dtm/DTMIterator
instanceKlass com/sun/org/apache/xpath/internal/axes/WalkerFactory
instanceKlass com/sun/org/apache/xml/internal/utils/XMLString
instanceKlass com/sun/org/apache/xpath/internal/compiler/Keywords
instanceKlass com/sun/org/apache/xpath/internal/compiler/Token
instanceKlass com/sun/org/apache/xpath/internal/compiler/OpMapVector
instanceKlass com/sun/org/apache/xpath/internal/compiler/Lexer
instanceKlass com/sun/org/apache/xml/internal/utils/ObjectVector
instanceKlass com/sun/org/apache/xpath/internal/compiler/OpMap
instanceKlass com/sun/org/apache/xpath/internal/compiler/XPathParser
instanceKlass com/sun/org/apache/xml/internal/utils/DefaultErrorHandler
instanceKlass javax/xml/transform/ErrorListener
instanceKlass com/sun/org/apache/xpath/internal/Expression
instanceKlass com/sun/org/apache/xpath/internal/XPathVisitable
instanceKlass com/sun/org/apache/xpath/internal/ExpressionNode
instanceKlass javax/xml/transform/SourceLocator
instanceKlass com/sun/org/apache/xpath/internal/compiler/FunctionTable
instanceKlass com/sun/org/apache/xpath/internal/XPath
instanceKlass com/sun/org/apache/xpath/internal/ExpressionOwner
instanceKlass com/sun/org/apache/xpath/internal/jaxp/JAXPPrefixResolver
instanceKlass com/sun/org/apache/xml/internal/utils/PrefixResolver
instanceKlass org/sonarsource/analyzer/commons/xml/XPathBuilder$XPathContext
instanceKlass javax/xml/namespace/NamespaceContext
instanceKlass org/sonarsource/analyzer/commons/xml/XPathBuilder
instanceKlass com/sun/org/apache/xpath/internal/jaxp/XPathImplUtil
instanceKlass javax/xml/xpath/XPath
instanceKlass jdk/xml/internal/XMLSecurityManager
instanceKlass jdk/xml/internal/JdkXmlFeatures
instanceKlass javax/xml/xpath/XPathFactoryFinder$2
instanceKlass javax/xml/xpath/XPathFactoryFinder
instanceKlass javax/xml/xpath/XPathFactory
instanceKlass org/w3c/dom/Node
instanceKlass java/lang/annotation/Repeatable
instanceKlass org/sonarsource/analyzer/commons/annotations/DeprecatedRuleKey
instanceKlass org/sonar/plugins/xml/checks/CheckList
instanceKlass org/sonar/plugins/html/checks/sonar/TableHeaderReferenceCheck$Table$Cell
instanceKlass org/sonar/plugins/html/api/BufferStack
instanceKlass org/sonar/plugins/html/checks/accessibility/ValidAutocompleteCheck$Candidate
instanceKlass org/sonar/plugins/html/checks/accessibility/ValidAutocompleteCheck$Validator
instanceKlass org/sonarsource/analyzer/commons/recognizers/CodeRecognizer
instanceKlass org/sonarsource/analyzer/commons/recognizers/LanguageFootprint
instanceKlass org/sonar/plugins/html/node/Node
instanceKlass org/sonar/plugins/html/checks/accessibility/EventHandlers
instanceKlass org/sonar/plugins/html/rules/CheckClasses
instanceKlass org/sonar/plugins/python/api/SubscriptionContext
instanceKlass org/sonar/python/semantic/BuiltinSymbols
instanceKlass org/sonar/python/regex/RegexContext
instanceKlass org/sonar/plugins/python/api/tree/CellMagicStatement
instanceKlass org/sonar/plugins/python/api/tree/DynamicObjectInfoStatement
instanceKlass org/sonar/plugins/python/api/tree/LineMagic
instanceKlass org/sonar/plugins/python/api/tree/Token
instanceKlass org/sonar/plugins/python/api/tree/KeyValuePattern
instanceKlass org/sonar/plugins/python/api/tree/KeyValuePair
instanceKlass org/sonar/plugins/python/api/tree/AssignmentExpression
instanceKlass org/sonar/plugins/python/api/tree/UnaryExpression
instanceKlass org/sonar/plugins/python/api/tree/IsExpression
instanceKlass org/sonar/plugins/python/api/tree/InExpression
instanceKlass org/sonar/plugins/python/api/tree/BinaryExpression
instanceKlass org/sonar/plugins/python/api/tree/SliceItem
instanceKlass org/sonar/plugins/python/api/tree/SliceList
instanceKlass org/sonar/plugins/python/api/tree/SliceExpression
instanceKlass org/sonar/plugins/python/api/tree/SubscriptionExpression
instanceKlass org/sonar/plugins/python/api/tree/ComprehensionIf
instanceKlass org/sonar/plugins/python/api/tree/ComprehensionFor
instanceKlass org/sonar/plugins/python/api/tree/ComprehensionClause
instanceKlass org/sonar/plugins/python/api/tree/ComprehensionExpression
instanceKlass org/sonar/plugins/python/api/tree/DictCompExpression
instanceKlass org/sonar/plugins/python/api/tree/Tuple
instanceKlass org/sonar/plugins/python/api/tree/AwaitExpression
instanceKlass org/sonar/plugins/python/api/tree/UnpackingExpression
instanceKlass org/sonar/plugins/python/api/tree/DictionaryLiteralElement
instanceKlass org/sonar/plugins/python/api/tree/ParenthesizedExpression
instanceKlass org/sonar/plugins/python/api/tree/TypeAliasStatement
instanceKlass org/sonar/plugins/python/api/tree/YieldStatement
instanceKlass org/sonar/plugins/python/api/tree/YieldExpression
instanceKlass org/sonar/plugins/python/api/tree/WithStatement
instanceKlass org/sonar/plugins/python/api/tree/WithItem
instanceKlass org/sonar/plugins/python/api/tree/WildcardPattern
instanceKlass org/sonar/plugins/python/api/tree/WhileStatement
instanceKlass org/sonar/plugins/python/api/tree/ValuePattern
instanceKlass org/sonar/plugins/python/api/tree/ParameterList
instanceKlass org/sonar/plugins/python/api/tree/TypeParam
instanceKlass org/sonar/plugins/python/api/tree/TypeParams
instanceKlass org/sonar/plugins/python/api/tree/TypeAnnotation
instanceKlass org/sonar/plugins/python/api/tree/TupleParameter
instanceKlass org/sonar/plugins/python/api/tree/Parameter
instanceKlass org/sonar/plugins/python/api/tree/AnyParameter
instanceKlass org/sonar/plugins/python/api/tree/TryStatement
instanceKlass org/sonar/plugins/python/api/tree/FormatSpecifier
instanceKlass org/sonar/plugins/python/api/tree/FormattedExpression
instanceKlass org/sonar/plugins/python/api/tree/StringElement
instanceKlass org/sonar/plugins/python/api/tree/StringLiteral
instanceKlass org/sonar/plugins/python/api/tree/StarPattern
instanceKlass org/sonar/plugins/python/api/tree/StatementList
instanceKlass org/sonar/plugins/python/api/tree/SetLiteral
instanceKlass org/sonar/plugins/python/api/tree/SequencePattern
instanceKlass org/sonar/plugins/python/api/tree/ReturnStatement
instanceKlass org/sonar/plugins/python/api/tree/ReprExpression
instanceKlass org/sonar/plugins/python/api/tree/RaiseStatement
instanceKlass org/sonar/plugins/python/api/tree/QualifiedExpression
instanceKlass org/sonar/plugins/python/api/tree/PrintStatement
instanceKlass org/sonar/plugins/python/api/tree/PassStatement
instanceKlass org/sonar/plugins/python/api/tree/OrPattern
instanceKlass org/sonar/plugins/python/api/tree/NumericLiteral
instanceKlass org/sonar/plugins/python/api/tree/NoneExpression
instanceKlass org/sonar/plugins/python/api/tree/NonlocalStatement
instanceKlass org/sonar/plugins/python/api/tree/Name
instanceKlass org/sonar/plugins/python/api/tree/MappingPattern
instanceKlass org/sonar/plugins/python/api/tree/MatchStatement
instanceKlass org/sonar/plugins/python/api/tree/ListLiteral
instanceKlass org/sonar/plugins/python/api/tree/LambdaExpression
instanceKlass org/sonar/plugins/python/api/tree/KeywordPattern
instanceKlass org/sonar/plugins/python/api/tree/ImportFrom
instanceKlass org/sonar/plugins/python/api/tree/ImportStatement
instanceKlass org/sonar/plugins/python/api/tree/IfStatement
instanceKlass org/sonar/plugins/python/api/tree/Guard
instanceKlass org/sonar/plugins/python/api/tree/GroupPattern
instanceKlass org/sonar/plugins/python/api/tree/GlobalStatement
instanceKlass org/sonar/plugins/python/api/tree/FunctionDef
instanceKlass org/sonar/plugins/python/api/tree/FunctionLike
instanceKlass org/sonar/plugins/python/api/tree/ForStatement
instanceKlass org/sonar/plugins/python/api/tree/FinallyClause
instanceKlass org/sonar/plugins/python/api/tree/FileInput
instanceKlass org/sonar/plugins/python/api/tree/ExpressionStatement
instanceKlass org/sonar/plugins/python/api/tree/ExpressionList
instanceKlass org/sonar/plugins/python/api/tree/ExecStatement
instanceKlass org/sonar/plugins/python/api/tree/ExceptClause
instanceKlass org/sonar/plugins/python/api/tree/ElseClause
instanceKlass org/sonar/plugins/python/api/tree/EllipsisExpression
instanceKlass org/sonar/plugins/python/api/tree/DoubleStarPattern
instanceKlass org/sonar/plugins/python/api/tree/DottedName
instanceKlass org/sonar/plugins/python/api/tree/DelStatement
instanceKlass org/sonar/plugins/python/api/tree/Decorator
instanceKlass org/sonar/plugins/python/api/tree/DictionaryLiteral
instanceKlass org/sonar/plugins/python/api/tree/CompoundAssignmentStatement
instanceKlass org/sonar/plugins/python/api/tree/ContinueStatement
instanceKlass org/sonar/plugins/python/api/tree/ConditionalExpression
instanceKlass org/sonar/plugins/python/api/tree/ClassPattern
instanceKlass org/sonar/plugins/python/api/tree/ClassDef
instanceKlass org/sonar/plugins/python/api/tree/CaseBlock
instanceKlass org/sonar/plugins/python/api/tree/CapturePattern
instanceKlass org/sonar/plugins/python/api/tree/CallExpression
instanceKlass org/sonar/plugins/python/api/tree/LiteralPattern
instanceKlass org/sonar/plugins/python/api/tree/BreakStatement
instanceKlass org/sonar/plugins/python/api/tree/AssignmentStatement
instanceKlass org/sonar/plugins/python/api/tree/AssertStatement
instanceKlass org/sonar/plugins/python/api/tree/AnnotatedAssignment
instanceKlass org/sonar/plugins/python/api/tree/Statement
instanceKlass org/sonar/plugins/python/api/tree/ArgList
instanceKlass org/sonar/plugins/python/api/tree/AsPattern
instanceKlass org/sonar/plugins/python/api/tree/Pattern
instanceKlass org/sonar/plugins/python/api/tree/AliasedName
instanceKlass org/sonar/plugins/python/api/cfg/CfgBlock
instanceKlass org/sonar/sslr/channel/ChannelDispatcher$Builder
instanceKlass com/sonar/sslr/api/Preprocessor
instanceKlass com/sonar/sslr/impl/channel/PunctuatorChannel$PunctuatorComparator
instanceKlass com/sonar/sslr/api/Token$Builder
instanceKlass com/sonar/sslr/api/Token
instanceKlass com/sonar/sslr/impl/channel/RegexpChannelBuilder
instanceKlass org/sonar/sslr/channel/CodeReaderConfiguration
instanceKlass com/sonar/sslr/impl/Lexer$Builder
instanceKlass com/sonar/sslr/impl/Lexer
instanceKlass org/sonar/sslr/channel/Channel
instanceKlass org/sonar/python/lexer/PythonLexer
instanceKlass org/sonar/sslr/internal/vm/NextNotExpression
instanceKlass org/sonar/sslr/internal/vm/NextExpression
instanceKlass com/sonar/sslr/impl/ast/SkipFromAstIfOnlyOneChild
instanceKlass org/sonar/sslr/internal/vm/OneOrMoreExpression
instanceKlass org/sonar/sslr/internal/vm/OptionalExpression
instanceKlass org/sonar/sslr/internal/vm/SequenceExpression
instanceKlass org/sonar/sslr/internal/vm/ZeroOrMoreExpression
instanceKlass org/sonar/sslr/internal/vm/Instruction
instanceKlass org/sonar/sslr/internal/vm/FirstOfExpression
instanceKlass org/sonar/sslr/grammar/GrammarBuilder$RuleBuilder
instanceKlass com/sonar/sslr/impl/ast/NeverSkipFromAst
instanceKlass com/sonar/sslr/impl/matcher/RuleDefinition
instanceKlass org/sonar/sslr/internal/vm/MemoParsingExpression
instanceKlass com/sonar/sslr/api/AstNodeSkippingPolicy
instanceKlass org/sonar/sslr/grammar/GrammarRuleBuilder
instanceKlass org/sonar/sslr/internal/vm/CompilableGrammarRule
instanceKlass com/sonar/sslr/api/Rule
instanceKlass org/sonar/sslr/internal/matchers/Matcher
instanceKlass com/sonar/sslr/api/Grammar
instanceKlass org/sonar/sslr/internal/vm/ParsingExpression
instanceKlass com/sonar/sslr/impl/matcher/Matcher
instanceKlass org/sonar/sslr/grammar/GrammarBuilder
instanceKlass org/sonar/sslr/grammar/GrammarRuleKey
instanceKlass org/sonar/python/api/PythonGrammarBuilder
instanceKlass org/sonar/python/lexer/LexerState
instanceKlass com/sonar/sslr/impl/Parser
instanceKlass org/sonar/python/parser/PythonParser
instanceKlass org/sonar/plugins/python/api/symbols/Symbol
instanceKlass org/sonar/python/checks/VerifiedSslTlsCertificateCheck$Fqn
instanceKlass org/sonar/plugins/python/api/tree/RegularArgument
instanceKlass org/sonar/plugins/python/api/tree/Argument
instanceKlass org/sonar/python/checks/hotspots/AbstractCookieFlagCheck$MethodArgumentsToCheck
instanceKlass org/sonar/python/checks/hotspots/AbstractCookieFlagCheck$MethodArgumentsToCheckRegistry
instanceKlass org/sonar/python/checks/IncompatibleOperands$SpecialMethodNames
instanceKlass com/sonar/sslr/api/AstNode
instanceKlass com/sonar/sslr/api/TokenType
instanceKlass com/sonar/sslr/api/AstNodeType
instanceKlass org/sonar/python/checks/PandasToDatetimeFormatCheck$ParseResult
instanceKlass com/google/gson/internal/ConstructorConstructor$8
instanceKlass com/google/gson/internal/$Gson$Types$ParameterizedTypeImpl
instanceKlass com/google/gson/internal/Primitives
instanceKlass com/google/gson/annotations/SerializedName
instanceKlass com/google/gson/internal/ConstructorConstructor$3
instanceKlass com/google/gson/annotations/JsonAdapter
instanceKlass com/google/gson/internal/$Gson$Types$GenericArrayTypeImpl
instanceKlass com/google/gson/internal/JsonReaderInternalAccess
instanceKlass org/sonar/python/checks/HardcodedCredentialsCallCheck$CredentialMethod
instanceKlass java/net/URLClassLoader$2
instanceKlass com/google/gson/internal/bind/ReflectiveTypeAdapterFactory$BoundField
instanceKlass com/google/gson/internal/bind/ReflectiveTypeAdapterFactory
instanceKlass com/google/gson/internal/bind/JsonAdapterAnnotationTypeAdapterFactory
instanceKlass com/google/gson/internal/bind/MapTypeAdapterFactory
instanceKlass com/google/gson/internal/bind/CollectionTypeAdapterFactory
instanceKlass com/google/gson/internal/bind/ArrayTypeAdapter$1
instanceKlass com/google/gson/internal/sql/SqlTimestampTypeAdapter$1
instanceKlass com/google/gson/internal/sql/SqlTimeTypeAdapter$1
instanceKlass com/google/gson/internal/sql/SqlDateTypeAdapter$1
instanceKlass com/google/gson/internal/bind/DefaultDateTypeAdapter$DateType
instanceKlass com/google/gson/internal/sql/SqlTypesSupport
instanceKlass com/google/gson/internal/bind/DateTypeAdapter$1
instanceKlass com/google/gson/internal/bind/NumberTypeAdapter$1
instanceKlass com/google/gson/internal/bind/ObjectTypeAdapter$1
instanceKlass com/google/gson/internal/bind/TypeAdapters$28
instanceKlass com/google/gson/internal/bind/TypeAdapters$32
instanceKlass com/google/gson/internal/bind/TypeAdapters$33
instanceKlass com/google/gson/internal/bind/TypeAdapters$31
instanceKlass com/google/gson/internal/bind/TypeAdapters$30
instanceKlass com/google/gson/internal/bind/TypeAdapters
instanceKlass com/google/gson/internal/JavaVersion
instanceKlass com/google/gson/internal/reflect/ReflectionAccessor
instanceKlass com/google/gson/internal/ObjectConstructor
instanceKlass com/google/gson/internal/ConstructorConstructor
instanceKlass com/google/gson/internal/Excluder
instanceKlass com/google/gson/internal/$Gson$Types
instanceKlass com/google/gson/internal/$Gson$Preconditions
instanceKlass com/google/gson/reflect/TypeToken
instanceKlass com/google/gson/stream/JsonWriter
instanceKlass com/google/gson/TypeAdapterFactory
instanceKlass com/google/gson/JsonElement
instanceKlass com/google/gson/stream/JsonReader
instanceKlass com/google/gson/TypeAdapter
instanceKlass com/google/gson/FieldNamingStrategy
instanceKlass com/google/gson/ToNumberStrategy
instanceKlass com/google/gson/Gson
instanceKlass org/sonar/python/checks/HardcodedCredentialsCallCheck$CredentialMethodsLoader
instanceKlass org/sonar/plugins/python/api/tree/HasSymbol
instanceKlass org/sonar/check/RuleProperty
instanceKlass org/sonar/plugins/python/api/PythonInputFileContext
instanceKlass org/sonar/api/utils/FieldUtils2
instanceKlass org/sonar/plugins/python/api/tree/Expression
instanceKlass org/sonarsource/analyzer/commons/regex/ast/RegexSyntaxElement
instanceKlass org/sonar/plugins/python/api/tree/Tree
instanceKlass org/sonar/check/Rule
instanceKlass org/sonar/python/checks/TrailingWhitespaceCheck
instanceKlass org/sonar/python/checks/ParsingErrorCheck
instanceKlass org/sonar/plugins/python/api/tree/BaseTreeVisitor
instanceKlass org/sonar/plugins/python/api/tree/TreeVisitor
instanceKlass org/sonar/plugins/python/api/PythonSubscriptionCheck
instanceKlass org/sonar/plugins/python/api/PythonCheck
instanceKlass org/sonar/plugins/python/api/SubscriptionCheck
instanceKlass org/sonar/python/checks/CheckList
instanceKlass org/sonar/plugins/python/PythonChecks
instanceKlass javax/annotation/Nullable
instanceKlass org/sonar/plugins/python/api/SonarLintCache
instanceKlass org/sonar/plugins/python/api/PythonCustomRuleRepository
instanceKlass org/sonar/core/util/logs/Profiler
instanceKlass org/sonar/scanner/sensor/noop/NoOpNewAnalysisError
instanceKlass org/sonar/duplications/index/PackedMemoryCloneIndex$2
instanceKlass org/sonar/duplications/index/PackedMemoryCloneIndex$1
instanceKlass org/sonar/duplications/block/Block$Builder
instanceKlass org/sonar/duplications/index/DataUtils$Sortable
instanceKlass org/sonar/scanner/repository/DefaultMetricsRepositoryLoader$WsMetric
instanceKlass org/sonar/scanner/repository/DefaultMetricsRepositoryLoader$WsMetricsResponse
instanceKlass com/google/gson/GsonBuilder
instanceKlass org/sonar/scanner/protocol/GsonHelper
instanceKlass org/sonar/api/batch/fs/internal/predicates/DefaultFilePredicates
instanceKlass org/sonarsource/analyzer/commons/ExternalRuleLoader
instanceKlass org/sonar/css/StylelintReport$Issue
instanceKlass org/sonar/plugins/javascript/external/TslintReportSensor$TslintError
instanceKlass org/sonar/plugins/javascript/external/EslintReportSensor$EslintError
instanceKlass org/sonar/plugins/javascript/bridge/cache/CacheStrategy
instanceKlass org/sonar/plugins/common/Analyzer
instanceKlass org/sonar/plugins/common/git/GitService
instanceKlass org/sonar/plugins/secrets/api/SpecificationLoader
instanceKlass org/sonar/plugins/common/git/GitTrackedFilePredicate
instanceKlass org/sonar/plugins/common/NotBinaryFilePredicate
instanceKlass org/sonar/iac/kubernetes/plugin/HelmProcessor
instanceKlass org/sonar/iac/common/extension/visitors/TreeContext
instanceKlass org/sonar/iac/common/extension/DurationStatistics
instanceKlass com/sonar/sslr/api/typed/ActionParser
instanceKlass org/sonar/iac/common/extension/TreeParser
instanceKlass org/sonar/plugins/jacoco/ReportImporter
instanceKlass org/sonar/plugins/jacoco/FileLocator
instanceKlass org/sonar/plugins/jacoco/XmlReportParser
instanceKlass org/sonarsource/analyzer/commons/xml/checks/SonarXmlCheck
instanceKlass org/sonarsource/analyzer/commons/xml/XmlFile
instanceKlass org/sonar/plugins/html/visitor/HtmlSourceCode
instanceKlass org/sonar/plugins/html/visitor/HtmlAstScanner
instanceKlass org/sonar/plugins/html/checks/HtmlIssue
instanceKlass org/sonar/plugins/html/visitor/DefaultNodeVisitor
instanceKlass org/sonar/plugins/html/lex/PageLexer
instanceKlass org/sonar/plugins/python/ruff/RuffJsonReportReader$Issue
instanceKlass org/sonar/plugins/python/bandit/BanditJsonReportReader$Issue
instanceKlass org/sonar/plugins/python/TextReportReader$Issue
instanceKlass javax/annotation/meta/TypeQualifier
instanceKlass javax/annotation/Nonnull
instanceKlass javax/annotation/CheckForNull
instanceKlass org/sonar/plugins/python/xunit/TestResult
instanceKlass org/sonar/plugins/python/xunit/TestSuite
instanceKlass org/sonar/plugins/python/xunit/TestCase
instanceKlass org/sonar/plugins/python/parser/StaxParser$XmlStreamHandler
instanceKlass org/sonarsource/performance/measure/PerformanceMeasure$Duration
instanceKlass org/sonar/plugins/python/indexer/PythonIndexer
instanceKlass org/sonar/plugins/python/api/caching/CacheContext
instanceKlass org/sonar/api/scan/filesystem/FileExclusions
instanceKlass org/sonar/scanner/sensor/ModuleSensorsExecutor
instanceKlass sun/nio/cs/Surrogate
instanceKlass sun/nio/cs/Surrogate$Parser
instanceKlass org/sonar/plugins/javascript/filter/SizeAssessor$SupplierThrowing
instanceKlass org/apache/commons/io/function/IOConsumer
instanceKlass org/apache/commons/io/IOUtils
instanceKlass org/apache/commons/codec/CharEncoding
instanceKlass org/apache/commons/codec/binary/Hex
instanceKlass org/apache/commons/codec/BinaryDecoder
instanceKlass org/apache/commons/codec/Decoder
instanceKlass org/apache/commons/codec/BinaryEncoder
instanceKlass org/apache/commons/codec/Encoder
instanceKlass sun/security/provider/ByteArrayAccess$LE
instanceKlass org/sonar/api/batch/fs/internal/charhandler/IntArrayList
instanceKlass org/apache/commons/codec/digest/DigestUtils
instanceKlass org/sonar/scanner/scan/filesystem/CharsetValidation$Result
instanceKlass org/sonar/scanner/scan/filesystem/CharsetValidation
instanceKlass org/sonar/scanner/scan/filesystem/ByteCharsetDetector
instanceKlass org/apache/commons/io/function/IOTriFunction
instanceKlass org/sonar/scanner/scan/filesystem/CharsetDetector
instanceKlass java/util/Collections$ReverseComparator2
instanceKlass java/util/Collections$ReverseComparator
instanceKlass org/apache/commons/io/ByteOrderMark
instanceKlass org/sonar/api/batch/fs/internal/predicates/AbstractFilePredicate
instanceKlass org/sonar/api/batch/fs/internal/predicates/OptimizedFilePredicate
instanceKlass org/springframework/core/CollectionFactory
instanceKlass org/sonar/plugins/javascript/filter/BundleAssessor
instanceKlass org/sonar/plugins/javascript/filter/MinificationAssessor
instanceKlass org/sonar/plugins/javascript/filter/SizeAssessor
instanceKlass org/sonar/plugins/javascript/utils/Exclusions
instanceKlass org/sonar/plugins/javascript/filter/PathAssessor
instanceKlass com/google/protobuf/MapField$MutabilityAwareMap$MutabilityAwareIterator
instanceKlass com/google/protobuf/MapField$MutabilityAwareMap$MutabilityAwareSet
instanceKlass org/sonarqube/ws/Batch$WsProjectResponse$FileDataByPathOrBuilder
instanceKlass org/sonarqube/ws/Batch$WsProjectResponse$FileDataByModuleAndPathDefaultEntryHolder
instanceKlass org/sonarqube/ws/Batch$WsProjectResponse$FileDataByPathDefaultEntryHolder
instanceKlass org/sonarqube/ws/Batch
instanceKlass org/sonar/api/batch/fs/TextPointer
instanceKlass sun/nio/ch/FileKey
instanceKlass sun/nio/ch/FileLockTable
instanceKlass org/sonar/scanner/issue/DefaultIssueFilterChain
instanceKlass jdk/internal/vm/annotation/IntrinsicCandidate
instanceKlass org/sonar/api/batch/DependsUpon
instanceKlass org/sonar/api/utils/dag/Node
instanceKlass org/sonar/api/measures/Metric$Builder
instanceKlass org/sonar/api/measures/CoreMetrics
instanceKlass org/springframework/core/SerializableTypeWrapper$MethodInvokeTypeProvider
instanceKlass org/springframework/core/SerializableTypeWrapper$TypeProxyInvocationHandler
instanceKlass org/sonar/api/measures/Metrics
instanceKlass sun/reflect/generics/tree/VoidDescriptor
instanceKlass org/sonar/api/batch/sensor/internal/DefaultSensorDescriptor
instanceKlass org/sonar/api/utils/dag/DirectAcyclicGraph
instanceKlass java/time/Duration$1
instanceKlass org/sonarqube/ws/Ce$TaskStatus$1
instanceKlass java/util/concurrent/Executors$DelegatedExecutorService
instanceKlass org/apache/commons/io/filefilter/IOFileFilter
instanceKlass org/apache/commons/io/file/PathFilter
instanceKlass java/io/FilenameFilter
instanceKlass java/io/FileFilter
instanceKlass org/apache/commons/io/FileUtils
instanceKlass java/nio/channels/spi/AbstractSelector$1
instanceKlass jdk/internal/net/http/common/Log
instanceKlass jdk/internal/net/http/RedirectFilter
instanceKlass jdk/internal/net/http/AuthenticationFilter
instanceKlass jdk/internal/net/http/HeaderFilter
instanceKlass jdk/internal/net/http/FilterFactory
instanceKlass java/nio/BufferMismatch
instanceKlass java/nio/channels/spi/AbstractInterruptibleChannel$1
instanceKlass sun/nio/ch/Interruptible
instanceKlass sun/nio/ch/SelChImpl
instanceKlass java/nio/channels/NetworkChannel
instanceKlass sun/nio/ch/UnixDomainSocketsUtil
instanceKlass sun/nio/ch/UnixDomainSockets
instanceKlass sun/nio/ch/PipeImpl$Initializer$LoopbackConnector
instanceKlass sun/nio/ch/PipeImpl$Initializer
instanceKlass java/nio/channels/Pipe
instanceKlass sun/nio/ch/WEPoll
instanceKlass sun/nio/ch/Util$2
instanceKlass sun/nio/ch/DefaultSelectorProvider
instanceKlass java/nio/channels/spi/SelectorProvider$Holder
instanceKlass java/nio/channels/spi/SelectorProvider
instanceKlass java/nio/channels/Selector
instanceKlass jdk/internal/net/http/ConnectionPool$ExpiryList
instanceKlass jdk/internal/net/http/common/FlowTube$TubePublisher
instanceKlass java/util/concurrent/Flow$Publisher
instanceKlass jdk/internal/net/http/common/FlowTube$TubeSubscriber
instanceKlass java/util/concurrent/Flow$Subscriber
instanceKlass jdk/internal/net/http/ConnectionPool
instanceKlass jdk/internal/net/http/Http2ClientImpl
instanceKlass java/util/function/BooleanSupplier
instanceKlass jdk/internal/net/http/HttpClientImpl$DelegatingExecutor
instanceKlass jdk/internal/net/http/HttpClientImpl$DefaultThreadFactory
instanceKlass javax/net/ssl/KeyManagerFactorySpi
instanceKlass javax/net/ssl/KeyManagerFactory$1
instanceKlass javax/net/ssl/KeyManagerFactory
instanceKlass sun/security/ssl/SSLContextImpl$DefaultManagersHolder$1
instanceKlass sun/security/ssl/SSLContextImpl$DefaultManagersHolder
instanceKlass jdk/internal/net/http/HttpClientImpl$SSLDirectBufferSupplier
instanceKlass jdk/internal/net/http/common/DebugLogger
instanceKlass jdk/internal/net/http/HttpClientImpl$SingleFacadeFactory
instanceKlass java/util/concurrent/ForkJoinTask
instanceKlass java/util/concurrent/CompletableFuture$AsynchronousCompletionTask
instanceKlass java/util/concurrent/CompletableFuture$AltResult
instanceKlass java/util/concurrent/CompletableFuture
instanceKlass java/util/concurrent/CompletionStage
instanceKlass java/util/function/BiPredicate
instanceKlass jdk/internal/net/http/common/Logger
instanceKlass jdk/internal/net/http/common/Utils
instanceKlass java/net/http/WebSocket$Builder
instanceKlass jdk/internal/net/http/common/OperationTrackers$Tracker
instanceKlass jdk/internal/net/http/common/BufferSupplier
instanceKlass jdk/internal/net/http/common/OperationTrackers$Trackable
instanceKlass jdk/internal/net/http/HttpClientBuilderImpl
instanceKlass java/net/http/HttpClient$Builder
instanceKlass java/net/http/HttpClient
instanceKlass com/google/gson/internal/bind/ReflectiveTypeAdapterFactory$BoundField
instanceKlass com/google/gson/internal/bind/ReflectiveTypeAdapterFactory
instanceKlass com/google/gson/internal/bind/JsonAdapterAnnotationTypeAdapterFactory
instanceKlass com/google/gson/internal/bind/MapTypeAdapterFactory
instanceKlass com/google/gson/internal/bind/CollectionTypeAdapterFactory
instanceKlass com/google/gson/internal/bind/ArrayTypeAdapter$1
instanceKlass com/google/gson/internal/sql/SqlTimestampTypeAdapter$1
instanceKlass com/google/gson/internal/sql/SqlTimeTypeAdapter$1
instanceKlass com/google/gson/internal/sql/SqlDateTypeAdapter$1
instanceKlass com/google/gson/internal/bind/DefaultDateTypeAdapter$DateType
instanceKlass com/google/gson/internal/sql/SqlTypesSupport
instanceKlass com/google/gson/internal/bind/DateTypeAdapter$1
instanceKlass com/google/gson/internal/bind/NumberTypeAdapter$1
instanceKlass com/google/gson/internal/bind/ObjectTypeAdapter$1
instanceKlass com/google/gson/internal/bind/TypeAdapters$28
instanceKlass com/google/gson/internal/bind/TypeAdapters$32
instanceKlass com/google/gson/internal/bind/TypeAdapters$33
instanceKlass com/google/gson/internal/bind/TypeAdapters$31
instanceKlass com/google/gson/internal/bind/TypeAdapters$30
instanceKlass com/google/gson/internal/bind/TypeAdapters
instanceKlass com/google/gson/internal/JavaVersion
instanceKlass com/google/gson/internal/reflect/ReflectionAccessor
instanceKlass com/google/gson/internal/ObjectConstructor
instanceKlass com/google/gson/internal/ConstructorConstructor
instanceKlass com/google/gson/internal/Excluder
instanceKlass com/google/gson/internal/$Gson$Types
instanceKlass com/google/gson/internal/$Gson$Preconditions
instanceKlass com/google/gson/reflect/TypeToken
instanceKlass com/google/gson/stream/JsonWriter
instanceKlass com/google/gson/TypeAdapterFactory
instanceKlass com/google/gson/JsonElement
instanceKlass com/google/gson/stream/JsonReader
instanceKlass com/google/gson/TypeAdapter
instanceKlass com/google/gson/FieldNamingStrategy
instanceKlass com/google/gson/ToNumberStrategy
instanceKlass com/google/gson/Gson
instanceKlass org/sonar/plugins/javascript/nodejs/StreamConsumer
instanceKlass sun/reflect/generics/tree/MethodTypeSignature
instanceKlass org/sonar/scanner/sensor/AbstractSensorWrapper
instanceKlass org/sonar/scanner/postjob/PostJobWrapper
instanceKlass org/sonar/api/batch/postjob/PostJob
instanceKlass org/sonar/api/batch/postjob/internal/DefaultPostJobDescriptor
instanceKlass org/sonar/api/batch/postjob/PostJobDescriptor
instanceKlass org/sonarqube/ws/Ce$TaskOrBuilder
instanceKlass org/sonarqube/ws/Qualitygates$ProjectStatusResponse$ProjectStatusOrBuilder
instanceKlass org/sonar/api/resources/Languages
instanceKlass org/sonar/plugins/javascript/bridge/cache/CacheAnalysis
instanceKlass org/sonar/plugins/javascript/bridge/BridgeServer$HighlightedSymbol
instanceKlass org/sonar/plugins/javascript/bridge/BridgeServer$ParsingError
instanceKlass org/sonar/plugins/javascript/bridge/BridgeServer$Metrics
instanceKlass org/sonar/plugins/javascript/bridge/BridgeServer$IssueLocation
instanceKlass org/sonar/plugins/javascript/bridge/BridgeServer$Issue
instanceKlass org/sonar/api/measures/Metric
instanceKlass org/sonar/plugins/javascript/bridge/BridgeServer$Highlight
instanceKlass org/sonar/plugins/javascript/bridge/BridgeServer$CpdToken
instanceKlass javax/annotation/Nullable
instanceKlass org/sonar/plugins/javascript/bridge/EslintRule
instanceKlass org/sonar/plugins/javascript/api/EslintBasedCheck
instanceKlass org/sonar/plugins/javascript/api/JavaScriptCheck
instanceKlass org/sonar/plugins/javascript/api/RulesBundle
instanceKlass org/sonar/plugins/javascript/bridge/BridgeServer$CssAnalysisRequest
instanceKlass org/sonar/plugins/javascript/bridge/BridgeServer$TsProgram
instanceKlass org/sonar/plugins/javascript/bridge/BridgeServer$TsProgramRequest
instanceKlass org/sonar/plugins/javascript/bridge/BridgeServer$JsAnalysisRequest
instanceKlass org/sonar/plugins/javascript/bridge/TsConfigFile
instanceKlass org/sonar/plugins/javascript/bridge/BridgeServer$TsConfigResponse
instanceKlass org/sonar/plugins/javascript/bridge/BridgeServer$AnalysisResponse
instanceKlass javax/annotation/meta/TypeQualifier
instanceKlass javax/annotation/Nonnull
instanceKlass javax/annotation/CheckForNull
instanceKlass org/sonar/plugins/javascript/nodejs/NodeCommand
instanceKlass org/sonar/plugins/javascript/filter/Assessor
instanceKlass org/sonar/scanner/scan/filesystem/ProjectFileIndexer
instanceKlass org/sonar/scanner/scan/filesystem/FileIndexer
instanceKlass org/sonar/scanner/scan/filesystem/InputFileFilterRepository
instanceKlass org/sonar/scanner/mediumtest/AnalysisObservers
instanceKlass org/sonar/scanner/sensor/AbstractSensorOptimizer
instanceKlass org/sonar/scanner/sensor/ProjectSensorsExecutor
instanceKlass org/sonar/api/batch/fs/internal/SensorStrategy
instanceKlass org/sonar/scanner/bootstrap/AbstractExtensionDictionary
instanceKlass org/sonar/scanner/postjob/DefaultPostJobContext
instanceKlass org/sonar/api/batch/postjob/PostJobContext
instanceKlass org/sonar/scanner/postjob/PostJobOptimizer
instanceKlass org/sonar/scanner/postjob/PostJobsExecutor
instanceKlass org/sonar/scanner/qualitygate/QualityGateCheck
instanceKlass org/sonar/core/language/LanguagesProvider
instanceKlass org/sonar/api/resources/ResourceTypes
instanceKlass org/sonar/css/StylelintReportSensor
instanceKlass org/sonar/css/metrics/CssMetricSensor
instanceKlass org/sonar/plugins/javascript/rules/TslintRulesDefinition
instanceKlass org/sonar/plugins/javascript/rules/EslintRulesDefinition
instanceKlass org/sonar/plugins/javascript/external/AbstractExternalIssuesSensor
instanceKlass org/sonar/plugins/javascript/lcov/CoverageSensor
instanceKlass org/sonar/css/CssRulesDefinition
instanceKlass org/sonar/css/CssProfileDefinition
instanceKlass org/sonar/plugins/javascript/bridge/Environment
instanceKlass org/sonar/plugins/javascript/bridge/EmbeddedNode
instanceKlass org/sonar/plugins/javascript/bridge/AnalysisProcessor
instanceKlass org/sonar/plugins/javascript/bridge/AbstractAnalysis
instanceKlass org/sonar/plugins/javascript/bridge/AnalysisWarningsWrapper
instanceKlass org/sonar/plugins/javascript/bridge/JsTsChecks
instanceKlass org/sonar/plugins/javascript/bridge/RulesBundles
instanceKlass org/sonar/plugins/javascript/rules/TypeScriptRulesDefinition
instanceKlass org/sonar/plugins/javascript/bridge/AbstractBridgeSensor
instanceKlass org/sonar/plugins/javascript/bridge/BundleImpl
instanceKlass org/sonar/plugins/javascript/bridge/Bundle
instanceKlass org/sonar/plugins/javascript/nodejs/BundlePathResolver
instanceKlass org/sonar/plugins/javascript/bridge/NodeDeprecationWarning
instanceKlass org/sonar/plugins/javascript/bridge/BridgeServerImpl
instanceKlass org/sonar/plugins/javascript/bridge/BridgeServer
instanceKlass org/sonar/plugins/javascript/nodejs/ProcessWrapperImpl
instanceKlass org/sonar/plugins/javascript/nodejs/ProcessWrapper
instanceKlass org/sonar/plugins/javascript/nodejs/NodeCommandBuilderImpl
instanceKlass org/sonar/plugins/javascript/nodejs/NodeCommandBuilder
instanceKlass org/sonar/plugins/javascript/JavaScriptProfilesDefinition
instanceKlass org/sonar/plugins/javascript/rules/JavaScriptRulesDefinition
instanceKlass org/sonar/plugins/javascript/filter/JavaScriptExclusionsFileFilter
instanceKlass org/sonar/plugins/html/core/HtmlSensor
instanceKlass org/sonar/plugins/html/rules/JspQualityProfile
instanceKlass org/sonar/plugins/html/rules/SonarWayProfile
instanceKlass org/sonar/plugins/html/rules/HtmlRulesDefinition
instanceKlass org/sonar/plugins/javascript/JavaScriptPlugin
instanceKlass org/sonar/plugins/html/HtmlPlugin
instanceKlass org/apache/commons/io/FilenameUtils
instanceKlass org/sonar/api/internal/apachecommons/io/FilenameUtils
instanceKlass org/sonar/api/utils/PathUtils
instanceKlass java/nio/file/FileTreeWalker$1
instanceKlass org/sonar/scanner/scan/filesystem/DirectoryFileVisitor$FileVisitAction
instanceKlass org/sonar/scanner/scan/filesystem/DirectoryFileVisitor
instanceKlass org/sonar/scanner/scan/ModuleConfigurationProvider
instanceKlass java/util/concurrent/TimeUnit$1
instanceKlass java/util/concurrent/Executors$RunnableAdapter
instanceKlass java/util/concurrent/Callable
instanceKlass java/util/concurrent/FutureTask$WaitNode
instanceKlass java/util/concurrent/FutureTask
instanceKlass java/util/concurrent/ForkJoinPool$WorkQueue
instanceKlass java/util/concurrent/ForkJoinPool$DefaultCommonPoolForkJoinWorkerThreadFactory
instanceKlass java/util/concurrent/ForkJoinPool$1
instanceKlass java/util/concurrent/ForkJoinPool$DefaultForkJoinWorkerThreadFactory
instanceKlass java/util/concurrent/ForkJoinPool$ForkJoinWorkerThreadFactory
instanceKlass org/eclipse/jgit/lib/internal/WorkQueue$2
instanceKlass java/util/concurrent/RunnableScheduledFuture
instanceKlass java/util/concurrent/ScheduledFuture
instanceKlass java/util/concurrent/Delayed
instanceKlass java/util/concurrent/RunnableFuture
instanceKlass java/util/concurrent/Future
instanceKlass java/util/concurrent/Executors$DefaultThreadFactory
instanceKlass org/eclipse/jgit/lib/internal/WorkQueue$1
instanceKlass java/util/concurrent/ScheduledExecutorService
instanceKlass org/eclipse/jgit/lib/internal/WorkQueue
instanceKlass org/eclipse/jgit/lib/RepositoryCacheConfig
instanceKlass org/eclipse/jgit/lib/RepositoryCache$Lock
instanceKlass org/eclipse/jgit/lib/RepositoryCache
instanceKlass org/eclipse/jgit/dircache/DirCacheTree
instanceKlass org/eclipse/jgit/dircache/DirCacheEntry
instanceKlass org/eclipse/jgit/dircache/DirCache
instanceKlass org/eclipse/jgit/submodule/SubmoduleWalk
instanceKlass org/eclipse/jgit/ignore/internal/AbstractMatcher
instanceKlass org/eclipse/jgit/ignore/internal/Strings
instanceKlass org/eclipse/jgit/ignore/IMatcher$1
instanceKlass org/eclipse/jgit/ignore/IMatcher
instanceKlass org/eclipse/jgit/ignore/FastIgnoreRule
instanceKlass org/eclipse/jgit/attributes/AttributesHandler
instanceKlass org/eclipse/jgit/attributes/Attributes
instanceKlass org/eclipse/jgit/attributes/FilterCommandRegistry
instanceKlass org/eclipse/jgit/internal/storage/file/FileRepository$AttributesNodeProviderImpl
instanceKlass org/eclipse/jgit/util/Paths
instanceKlass org/eclipse/jgit/treewalk/TreeWalk
instanceKlass org/eclipse/jgit/attributes/AttributesProvider
instanceKlass org/eclipse/jgit/lib/FileMode
instanceKlass org/eclipse/jgit/util/FS$Attributes
instanceKlass org/eclipse/jgit/treewalk/WorkingTreeIterator$IteratorState
instanceKlass org/eclipse/jgit/treewalk/InstantComparator
instanceKlass org/eclipse/jgit/treewalk/FileTreeIterator$DefaultFileModeStrategy
instanceKlass org/eclipse/jgit/lib/Config$ConfigEnum
instanceKlass org/eclipse/jgit/lib/Config$SectionParser
instanceKlass org/eclipse/jgit/treewalk/WorkingTreeOptions
instanceKlass org/eclipse/jgit/treewalk/FileTreeIterator$FileModeStrategy
instanceKlass org/eclipse/jgit/attributes/AttributesNode
instanceKlass org/eclipse/jgit/ignore/IgnoreNode
instanceKlass org/eclipse/jgit/lib/InflaterCache
instanceKlass org/eclipse/jgit/internal/storage/file/DeltaBaseCache
instanceKlass org/eclipse/jgit/internal/storage/file/WindowCache$StatsRecorderImpl
instanceKlass org/eclipse/jgit/storage/file/WindowCacheStats
instanceKlass org/eclipse/jgit/internal/storage/file/WindowCache$Lock
instanceKlass org/eclipse/jgit/storage/file/WindowCacheConfig
instanceKlass org/eclipse/jgit/internal/storage/file/WindowCache$PageRef
instanceKlass org/eclipse/jgit/internal/storage/file/ByteWindow
instanceKlass org/eclipse/jgit/internal/storage/file/WindowCache$StatsRecorder
instanceKlass org/eclipse/jgit/internal/storage/file/WindowCache$CleanupQueue
instanceKlass org/eclipse/jgit/internal/storage/file/WindowCache
instanceKlass org/eclipse/jgit/lib/BitmapIndex
instanceKlass org/eclipse/jgit/revwalk/ReachabilityChecker
instanceKlass org/eclipse/jgit/revwalk/ObjectReachabilityChecker
instanceKlass org/eclipse/jgit/lib/AsyncObjectSizeQueue
instanceKlass org/eclipse/jgit/lib/AsyncObjectLoaderQueue
instanceKlass org/eclipse/jgit/lib/AsyncOperation
instanceKlass org/eclipse/jgit/internal/storage/file/FileCommitGraph$GraphSnapshot
instanceKlass org/eclipse/jgit/internal/storage/file/FileCommitGraph
instanceKlass org/eclipse/jgit/internal/storage/file/Pack
instanceKlass org/eclipse/jgit/internal/storage/file/PackDirectory$PackList
instanceKlass org/eclipse/jgit/internal/storage/pack/StoredObjectRepresentation
instanceKlass org/eclipse/jgit/internal/storage/file/PackDirectory
instanceKlass java/util/concurrent/atomic/AtomicReferenceArray
instanceKlass org/eclipse/jgit/internal/storage/file/UnpackedObjectCache$Table
instanceKlass org/eclipse/jgit/internal/storage/file/UnpackedObjectCache
instanceKlass org/eclipse/jgit/internal/storage/file/LooseObjects
instanceKlass org/eclipse/jgit/internal/storage/file/ObjectDirectory$AlternateHandle
instanceKlass org/eclipse/jgit/lib/ObjectInserter
instanceKlass org/eclipse/jgit/internal/storage/pack/ObjectReuseAsIs
instanceKlass org/eclipse/jgit/lib/ObjectReader
instanceKlass org/eclipse/jgit/lib/RefUpdate
instanceKlass org/eclipse/jgit/lib/RefRename
instanceKlass org/eclipse/jgit/lib/BatchRefUpdate
instanceKlass org/eclipse/jgit/internal/storage/file/RefDirectory$LooseRef
instanceKlass org/eclipse/jgit/lib/ObjectIdRef
instanceKlass org/eclipse/jgit/util/RefList
instanceKlass org/eclipse/jgit/events/ListenerHandle
instanceKlass org/eclipse/jgit/events/ConfigChangedListener
instanceKlass java/time/Instant$1
instanceKlass java/io/FileOutputStream$1
instanceKlass java/lang/ProcessImpl$2
instanceKlass java/util/concurrent/Executors
instanceKlass java/lang/ProcessHandleImpl
instanceKlass java/lang/ProcessHandle
instanceKlass org/eclipse/jgit/util/FS$Holder
instanceKlass org/eclipse/jgit/lib/ConfigSnapshot$LineComparator
instanceKlass org/eclipse/jgit/lib/ConfigLine
instanceKlass org/eclipse/jgit/lib/Config$StringReader
instanceKlass org/eclipse/jgit/util/References
instanceKlass org/eclipse/jgit/util/NB
instanceKlass java/nio/file/attribute/FileTime$1
instanceKlass org/eclipse/jgit/util/FileUtils
instanceKlass org/eclipse/jgit/util/FileUtils$IOFunction
instanceKlass java/util/concurrent/locks/ReentrantReadWriteLock$WriteLock
instanceKlass java/util/concurrent/locks/ReentrantReadWriteLock$ReadLock
instanceKlass java/util/concurrent/locks/ReentrantReadWriteLock
instanceKlass java/util/concurrent/locks/ReadWriteLock
instanceKlass org/eclipse/jgit/internal/storage/file/FileSnapshot
instanceKlass org/eclipse/jgit/lib/ConfigSnapshot
instanceKlass org/eclipse/jgit/lib/DefaultTypedConfigGetter
instanceKlass org/eclipse/jgit/lib/TypedConfigGetter
instanceKlass org/eclipse/jgit/events/RepositoryListener
instanceKlass org/eclipse/jgit/events/ListenerList
instanceKlass org/eclipse/jgit/events/RepositoryEvent
instanceKlass org/eclipse/jgit/lib/ReflogReader
instanceKlass org/eclipse/jgit/lib/ObjectDatabase
instanceKlass org/eclipse/jgit/attributes/AttributesNodeProvider
instanceKlass org/eclipse/jgit/lib/RefDatabase
instanceKlass org/sonar/scm/git/JGitUtils
instanceKlass org/sonar/scanner/util/ProgressReport
instanceKlass org/apache/commons/lang3/ClassUtils
instanceKlass org/apache/commons/lang3/ObjectUtils$Null
instanceKlass org/apache/commons/lang3/ObjectUtils
instanceKlass org/apache/commons/lang3/CharSequenceUtils
instanceKlass java/util/stream/StreamSpliterators
instanceKlass java/util/stream/StreamSpliterators$AbstractWrappingSpliterator
instanceKlass org/sonar/scanner/repository/FileData
instanceKlass org/apache/commons/csv/CSVRecord
instanceKlass org/apache/commons/csv/CSVParser$1
instanceKlass org/apache/commons/csv/CSVParser$Headers
instanceKlass org/apache/commons/csv/CSVParser$CSVRecordIterator
instanceKlass org/apache/commons/csv/Lexer
instanceKlass org/apache/commons/csv/Token
instanceKlass org/apache/commons/csv/CSVParser
instanceKlass org/apache/commons/csv/CSVFormat$Builder
instanceKlass org/apache/commons/csv/Constants
instanceKlass org/apache/commons/csv/CSVFormat
instanceKlass org/sonar/api/config/internal/MultivalueProperty
instanceKlass jdk/internal/vm/annotation/ForceInline
instanceKlass com/google/gson/internal/UnsafeAllocator
instanceKlass com/google/gson/internal/$Gson$Types$GenericArrayTypeImpl
instanceKlass com/google/gson/internal/ConstructorConstructor$19
instanceKlass org/sonar/scanner/repository/language/DefaultLanguagesLoader$LanguagesWSResponse
instanceKlass org/sonar/scanner/cache/WriteCacheImpl
instanceKlass org/sonar/scanner/cache/ReadCacheImpl
instanceKlass org/sonar/scanner/protocol/internal/ScannerInternal
instanceKlass org/sonar/core/util/CloseableIterator
instanceKlass org/sonar/core/util/Protobuf
instanceKlass org/sonar/scanner/protocol/internal/ScannerInternal$SensorCacheEntryOrBuilder
instanceKlass org/sonar/api/rule/Severity
instanceKlass org/sonar/api/batch/rule/internal/NewActiveRule$Builder
instanceKlass java/util/LinkedList$ListItr
instanceKlass org/apache/commons/io/IOUtils
instanceKlass org/sonarqube/ws/Rules$QProfileOrBuilder
instanceKlass org/sonarqube/ws/Rules$QProfiles$QProfilesDefaultEntryHolder
instanceKlass com/google/protobuf/MapField$MutabilityAwareMap
instanceKlass com/google/protobuf/MapField$ImmutableMessageConverter
instanceKlass com/google/protobuf/MapField$Converter
instanceKlass com/google/protobuf/MapField
instanceKlass com/google/protobuf/MutabilityOracle
instanceKlass org/sonarqube/ws/Rules$Active$ParamOrBuilder
instanceKlass org/sonarqube/ws/Rules$ActiveOrBuilder
instanceKlass com/google/protobuf/WireFormat$1
instanceKlass com/google/protobuf/MapEntryLite$1
instanceKlass com/google/protobuf/MapEntryLite
instanceKlass com/google/protobuf/MapEntryLite$Metadata
instanceKlass org/sonarqube/ws/Rules$ActiveListOrBuilder
instanceKlass com/google/protobuf/DescriptorProtos$FieldOptions$EditionDefaultOrBuilder
instanceKlass com/google/protobuf/GeneratedMessageV3$FieldAccessorTable$OneofAccessor
instanceKlass com/google/protobuf/GeneratedMessageV3$FieldAccessorTable$FieldAccessor
instanceKlass com/google/protobuf/GeneratedMessageV3$FieldAccessorTable
instanceKlass com/google/protobuf/Descriptors$1
instanceKlass com/google/protobuf/DescriptorProtos$FieldOptions$1
instanceKlass com/google/protobuf/Internal$ListAdapter$Converter
instanceKlass com/google/protobuf/Descriptors$EnumValueDescriptor$2
instanceKlass com/google/protobuf/Descriptors$EnumValueDescriptor$1
instanceKlass com/google/protobuf/Descriptors$FieldDescriptor$1
instanceKlass com/google/protobuf/Descriptors$NumberGetter
instanceKlass com/google/protobuf/Descriptors
instanceKlass com/google/protobuf/Descriptors$DescriptorPool
instanceKlass com/google/protobuf/DescriptorProtos$FileOptions$OptimizeMode$1
instanceKlass com/google/protobuf/DescriptorProtos$UninterpretedOptionOrBuilder
instanceKlass com/google/protobuf/SmallSortedMap$EmptySet$2
instanceKlass com/google/protobuf/SmallSortedMap$EmptySet$1
instanceKlass com/google/protobuf/SmallSortedMap$EmptySet
instanceKlass com/google/protobuf/LazyFieldLite
instanceKlass com/google/protobuf/FieldSet
instanceKlass com/google/protobuf/DescriptorProtos$FeatureSetOrBuilder
instanceKlass com/google/protobuf/MessageReflection$MergeTarget
instanceKlass com/google/protobuf/DescriptorProtos$EnumValueOptionsOrBuilder
instanceKlass com/google/protobuf/DescriptorProtos$EnumDescriptorProto$EnumReservedRangeOrBuilder
instanceKlass com/google/protobuf/DescriptorProtos$EnumValueDescriptorProtoOrBuilder
instanceKlass com/google/protobuf/DescriptorProtos$EnumOptionsOrBuilder
instanceKlass com/google/protobuf/DescriptorProtos$FieldDescriptorProto$Type$1
instanceKlass com/google/protobuf/DescriptorProtos$FieldDescriptorProto$Label$1
instanceKlass com/google/protobuf/DescriptorProtos$FieldOptionsOrBuilder
instanceKlass com/google/protobuf/DescriptorProtos$DescriptorProto$ReservedRangeOrBuilder
instanceKlass com/google/protobuf/DescriptorProtos$OneofDescriptorProtoOrBuilder
instanceKlass com/google/protobuf/DescriptorProtos$DescriptorProto$ExtensionRangeOrBuilder
instanceKlass com/google/protobuf/DescriptorProtos$MessageOptionsOrBuilder
instanceKlass com/google/protobuf/DescriptorProtos$ServiceDescriptorProtoOrBuilder
instanceKlass com/google/protobuf/DescriptorProtos$EnumDescriptorProtoOrBuilder
instanceKlass com/google/protobuf/DescriptorProtos$DescriptorProtoOrBuilder
instanceKlass com/google/protobuf/DescriptorProtos$FieldDescriptorProtoOrBuilder
instanceKlass com/google/protobuf/PrimitiveNonBoxingCollection
instanceKlass com/google/protobuf/DescriptorProtos$FileOptionsOrBuilder
instanceKlass com/google/protobuf/GeneratedMessageV3$ExtendableMessageOrBuilder
instanceKlass com/google/protobuf/DescriptorProtos$SourceCodeInfoOrBuilder
instanceKlass com/google/protobuf/DescriptorProtos$FileDescriptorProtoOrBuilder
instanceKlass org/sonarqube/ws/Rules$Actives$ActivesDefaultEntryHolder
instanceKlass org/sonarqube/ws/Common$ImpactSeverity$1
instanceKlass org/sonarqube/ws/Common$SoftwareQuality$1
instanceKlass org/sonarqube/ws/Common
instanceKlass org/sonarqube/ws/Common$ImpactOrBuilder
instanceKlass org/sonarqube/ws/Common$RuleType$1
instanceKlass com/google/protobuf/Internal$EnumLiteMap
instanceKlass org/sonarqube/ws/Rules$Rule$ParamOrBuilder
instanceKlass org/sonarqube/ws/Rules$ImpactsOrBuilder
instanceKlass org/sonarqube/ws/Rules$Rule$ParamsOrBuilder
instanceKlass org/sonarqube/ws/Rules$TagsOrBuilder
instanceKlass org/sonarqube/ws/Rules$EducationPrinciplesOrBuilder
instanceKlass org/sonarqube/ws/Rules$DeprecatedKeysOrBuilder
instanceKlass org/sonarqube/ws/Rules$Rule$DescriptionSectionsOrBuilder
instanceKlass org/sonarqube/ws/Rules$SysTagsOrBuilder
instanceKlass org/sonarqube/ws/Rules
instanceKlass org/sonarqube/ws/Rules$RuleOrBuilder
instanceKlass org/sonarqube/ws/Common$PagingOrBuilder
instanceKlass org/sonarqube/ws/Rules$QProfilesOrBuilder
instanceKlass org/sonarqube/ws/Rules$ActivesOrBuilder
instanceKlass org/sonar/api/batch/rule/internal/ActiveRulesBuilder
instanceKlass org/eclipse/jgit/util/IO
instanceKlass org/eclipse/jgit/lib/RepositoryCache$FileKey
instanceKlass org/eclipse/jgit/lib/RepositoryCache$Key
instanceKlass org/eclipse/jgit/util/StringUtils
instanceKlass org/eclipse/jgit/util/MutableInteger
instanceKlass org/eclipse/jgit/util/RawParseUtils
instanceKlass org/eclipse/jgit/lib/Constants
instanceKlass org/eclipse/jgit/lib/ObjectChecker
instanceKlass org/eclipse/jgit/util/time/MonotonicClock
instanceKlass org/eclipse/jgit/util/SystemReader
instanceKlass org/eclipse/jgit/util/FS$FSFactory
instanceKlass org/eclipse/jgit/treewalk/WorkingTreeIterator$Entry
instanceKlass org/sonar/scm/git/IncludedFilesRepository
instanceKlass org/sonar/scanner/ci/CiConfigurationProvider$EmptyCiConfiguration
instanceKlass org/springframework/beans/factory/support/DefaultListableBeanFactory$FactoryAwareOrderSourceProvider
instanceKlass org/springframework/core/convert/TypeDescriptor$AnnotatedElementAdapter
instanceKlass org/springframework/core/convert/TypeDescriptor
instanceKlass org/sonar/scanner/rule/QProfile
instanceKlass java/time/temporal/TemporalQueries$7
instanceKlass java/time/temporal/TemporalQueries$6
instanceKlass java/time/temporal/TemporalQueries$5
instanceKlass java/time/temporal/TemporalQueries$4
instanceKlass java/time/temporal/TemporalQueries$3
instanceKlass java/time/temporal/TemporalQueries$2
instanceKlass java/time/temporal/TemporalQueries$1
instanceKlass java/time/temporal/TemporalQueries
instanceKlass java/time/format/Parsed
instanceKlass java/time/format/DateTimeParseContext
instanceKlass java/time/OffsetDateTime
instanceKlass org/sonar/api/utils/DateUtils
instanceKlass org/sonar/scanner/rule/QProfile$Builder
instanceKlass com/google/protobuf/ByteString$2
instanceKlass com/google/protobuf/ByteString$ArraysByteArrayCopier
instanceKlass com/google/protobuf/ByteString$ByteIterator
instanceKlass com/google/protobuf/ByteString$ByteArrayCopier
instanceKlass com/google/protobuf/ByteString
instanceKlass org/sonarqube/ws/Qualityprofiles$SearchWsResponse$QualityProfile$ActionsOrBuilder
instanceKlass org/sonarqube/ws/Qualityprofiles
instanceKlass org/sonarqube/ws/Qualityprofiles$SearchWsResponse$QualityProfileOrBuilder
instanceKlass org/sonarqube/ws/Qualityprofiles$SearchWsResponse$ActionsOrBuilder
instanceKlass org/sonarqube/ws/Qualityprofiles$SearchWsResponseOrBuilder
instanceKlass org/sonar/api/impl/utils/DefaultTempFolder
instanceKlass org/springframework/core/DecoratingProxy
instanceKlass com/google/common/collect/Hashing
instanceKlass com/google/common/collect/CollectPreconditions
instanceKlass com/google/common/collect/AbstractMapEntry
instanceKlass com/google/common/collect/UnmodifiableIterator
instanceKlass com/google/common/collect/BiMap
instanceKlass com/google/common/collect/ImmutableMap
instanceKlass org/sonar/scanner/scan/branch/DefaultBranchConfiguration
instanceKlass org/sonar/scanner/scan/branch/BranchInfo
instanceKlass kotlin/ranges/RangesKt__RangesKt
instanceKlass java/net/URLEncoder
instanceKlass org/sonar/api/impl/utils/ScannerUtils
instanceKlass org/sonar/core/platform/PriorityBeanFactory$PriorityFunction
instanceKlass org/sonar/core/platform/PriorityBeanFactory$Bean
instanceKlass org/sonar/scanner/scan/DirectoryLock
instanceKlass java/nio/file/Files$3
instanceKlass java/nio/file/FileTreeWalker$Event
instanceKlass java/nio/file/FileTreeWalker$DirectoryNode
instanceKlass java/nio/file/FileTreeWalker
instanceKlass java/nio/file/SimpleFileVisitor
instanceKlass java/text/CharacterIterator
instanceKlass org/sonar/core/util/FileUtils
instanceKlass java/nio/file/attribute/DosFileAttributeView
instanceKlass jdk/internal/math/FDBigInteger
instanceKlass org/apache/commons/lang3/math/NumberUtils
instanceKlass org/apache/commons/lang3/function/Suppliers
instanceKlass org/apache/commons/lang3/SystemProperties
instanceKlass org/apache/commons/lang3/SystemUtils
instanceKlass sun/nio/fs/WindowsLinkSupport
instanceKlass org/sonar/core/component/ComponentKeys
instanceKlass java/util/stream/Streams$2
instanceKlass java/util/stream/Streams$ConcatSpliterator
instanceKlass javax/annotation/Nullable
instanceKlass org/sonar/scanner/scan/branch/BranchParamsValidator
instanceKlass org/springframework/core/NestedExceptionUtils
instanceKlass org/springframework/core/type/classreading/SimpleAnnotationMetadata
instanceKlass org/springframework/core/annotation/MergedAnnotationsCollection
instanceKlass org/springframework/asm/Type
instanceKlass org/springframework/asm/AnnotationVisitor
instanceKlass org/springframework/core/type/classreading/SimpleMethodMetadataReadingVisitor$Source
instanceKlass org/springframework/core/type/classreading/SimpleMethodMetadata
instanceKlass org/springframework/asm/Context
instanceKlass org/springframework/asm/Attribute
instanceKlass org/springframework/asm/ClassReader
instanceKlass org/springframework/asm/MethodVisitor
instanceKlass org/springframework/core/type/classreading/SimpleMetadataReader
instanceKlass org/sonar/scanner/repository/language/SupportedLanguageDto
instanceKlass org/sonarqube/ws/Batch$WsProjectResponseOrBuilder
instanceKlass org/sonarqube/ws/Batch$WsProjectResponse$FileDataOrBuilder
instanceKlass org/sonarqube/ws/Rules$ListResponseOrBuilder
instanceKlass org/tmatesoft/svn/core/wc/ISVNAnnotateHandler
instanceKlass org/tmatesoft/svn/core/wc/SVNClientManager
instanceKlass org/tmatesoft/svn/core/wc/ISVNRepositoryPool
instanceKlass org/tmatesoft/svn/core/SVNLogEntry
instanceKlass org/tmatesoft/svn/core/SVNLogEntryPath
instanceKlass org/sonar/scm/svn/ChangedLinesComputer
instanceKlass org/tmatesoft/svn/core/SVNURL
instanceKlass org/sonar/scm/git/ChangedLinesComputer
instanceKlass org/eclipse/jgit/diff/DiffEntry
instanceKlass org/eclipse/jgit/lib/BaseRepositoryBuilder
instanceKlass org/eclipse/jgit/lib/Ref
instanceKlass org/sonar/scm/git/ChangedFile
instanceKlass org/eclipse/jgit/treewalk/filter/TreeFilter
instanceKlass org/eclipse/jgit/treewalk/AbstractTreeIterator
instanceKlass org/eclipse/jgit/lib/ProgressMonitor
instanceKlass org/eclipse/jgit/lib/Config
instanceKlass org/sonar/scm/git/ProcessWrapperFactory$ProcessWrapper
instanceKlass org/sonar/scm/git/NativeGitBlameCommand$MutableString
instanceKlass org/eclipse/jgit/lib/Repository
instanceKlass org/sonar/scm/git/blame/BlameResult$FileBlame
instanceKlass org/eclipse/jgit/lib/AnyObjectId
instanceKlass org/eclipse/jgit/api/Git
instanceKlass org/sonar/api/batch/fs/InputDir
instanceKlass org/sonar/api/batch/fs/FilePredicates
instanceKlass org/sonar/scanner/sensor/SensorId
instanceKlass org/sonar/api/batch/sensor/error/NewAnalysisError
instanceKlass org/sonar/api/batch/sensor/issue/NewIssue
instanceKlass org/sonar/api/measures/FileLinesContext
instanceKlass org/sonar/scanner/sensor/DefaultSensorStorage$LineCoverageOperation
instanceKlass org/sonar/scanner/protocol/output/ScannerReport$ImpactOrBuilder
instanceKlass org/sonar/api/batch/sensor/highlighting/internal/SyntaxHighlightingRule
instanceKlass org/sonar/scanner/protocol/output/ScannerReport$SyntaxHighlightingRuleOrBuilder
instanceKlass org/sonar/scanner/protocol/output/ScannerReport$SymbolOrBuilder
instanceKlass org/sonar/scanner/protocol/output/ScannerReport$LineSgnificantCodeOrBuilder
instanceKlass org/sonar/scanner/protocol/output/ScannerReport$LineCoverageOrBuilder
instanceKlass org/sonar/scanner/protocol/output/ScannerReport$MeasureOrBuilder
instanceKlass org/sonar/api/batch/sensor/error/AnalysisError
instanceKlass org/sonar/api/batch/sensor/code/NewSignificantCode
instanceKlass org/sonar/api/batch/sensor/cpd/NewCpdTokens
instanceKlass org/sonar/api/batch/sensor/coverage/NewCoverage
instanceKlass org/sonar/api/batch/sensor/symbol/NewSymbolTable
instanceKlass org/sonar/api/batch/sensor/rule/AdHocRule
instanceKlass org/sonar/api/batch/sensor/highlighting/NewHighlighting
instanceKlass org/sonar/api/batch/scm/BlameCommand$BlameInput
instanceKlass org/sonar/api/batch/scm/BlameCommand$BlameOutput
instanceKlass org/sonar/scanner/protocol/output/ScannerReport$CpdTextBlockOrBuilder
instanceKlass org/sonar/duplications/block/ByteArray
instanceKlass org/sonar/duplications/block/Block
instanceKlass org/sonar/duplications/index/CloneGroup
instanceKlass org/sonar/scanner/protocol/output/ScannerReport$DuplicateOrBuilder
instanceKlass org/sonar/scanner/protocol/output/ScannerReport$DuplicationOrBuilder
instanceKlass org/sonar/scanner/protocol/output/ScannerReport$AnalysisWarningOrBuilder
instanceKlass org/sonar/scanner/notifications/DefaultAnalysisWarnings$Message
instanceKlass org/sonar/api/batch/sensor/internal/DefaultStorable
instanceKlass org/sonar/api/batch/sensor/measure/NewMeasure
instanceKlass org/sonar/api/batch/sensor/measure/Measure
instanceKlass org/sonar/scanner/deprecated/test/DefaultTestCase
instanceKlass org/sonar/scanner/protocol/output/ScannerReport$ContextPropertyOrBuilder
instanceKlass org/sonar/scanner/protocol/output/ScannerReport$ComponentLinkOrBuilder
instanceKlass org/sonar/scanner/protocol/output/ScannerReport$ComponentOrBuilder
instanceKlass org/sonar/api/batch/rule/internal/DefaultActiveRule
instanceKlass org/sonar/api/batch/rule/ActiveRule
instanceKlass org/sonar/scanner/protocol/output/ScannerReport$ActiveRuleOrBuilder
instanceKlass org/sonar/scanner/protocol/output/ScannerReport$MetadataOrBuilder
instanceKlass org/sonar/scanner/ci/DevOpsPlatformInfo
instanceKlass org/sonar/scanner/protocol/output/ScannerReportReader
instanceKlass org/sonar/scanner/protocol/output/ScannerReportWriter
instanceKlass org/sonar/scanner/protocol/internal/SensorCacheData
instanceKlass org/sonar/scanner/protocol/output/FileStructure
instanceKlass org/sonar/scanner/cache/ScannerWriteCache
instanceKlass org/sonar/api/batch/sensor/cache/WriteCache
instanceKlass org/sonar/api/batch/sensor/cache/ReadCache
instanceKlass org/sonar/api/utils/WildcardPattern
instanceKlass org/sonar/api/rule/RuleKey
instanceKlass org/sonar/scanner/issue/ignore/pattern/IssuePattern
instanceKlass org/sonar/api/batch/measure/Metric
instanceKlass org/sonar/scanner/protocol/output/ScannerReport$MessageFormattingOrBuilder
instanceKlass org/sonar/api/batch/sensor/issue/MessageFormatting
instanceKlass org/sonar/api/batch/fs/TextRange
instanceKlass org/sonar/api/batch/sensor/issue/ExternalIssue
instanceKlass com/google/protobuf/ProtocolMessageEnum
instanceKlass org/sonar/scanner/protocol/output/ScannerReport$TextRangeOrBuilder
instanceKlass org/sonar/scanner/protocol/output/ScannerReport$IssueLocationOrBuilder
instanceKlass org/sonar/api/batch/sensor/issue/Issue
instanceKlass org/sonar/api/batch/sensor/issue/IIssue
instanceKlass org/sonar/scanner/protocol/output/ScannerReport$ExternalIssueOrBuilder
instanceKlass org/sonar/scanner/protocol/output/ScannerReport$IssueOrBuilder
instanceKlass org/sonar/api/scan/issue/filter/IssueFilterChain
instanceKlass org/sonar/api/scan/issue/filter/FilterableIssue
instanceKlass org/sonar/api/batch/rule/Checks
instanceKlass org/sonar/api/batch/rule/internal/NewActiveRule
instanceKlass org/sonar/api/batch/rule/LoadedActiveRule
instanceKlass org/sonar/api/batch/rule/internal/DefaultActiveRules
instanceKlass org/sonar/api/batch/rule/ActiveRules
instanceKlass org/sonar/scanner/rule/QualityProfiles
instanceKlass java/nio/file/FileVisitor
instanceKlass org/sonar/scanner/scan/filesystem/ProjectFilePreprocessor$ExclusionCounter
instanceKlass org/sonar/api/batch/fs/internal/FileMetadata$LineHashConsumer
instanceKlass org/sonar/api/batch/fs/internal/Metadata
instanceKlass org/sonar/api/batch/fs/internal/charhandler/CharHandler
instanceKlass org/sonar/api/batch/fs/internal/PathPattern
instanceKlass org/sonar/scanner/repository/language/Language
instanceKlass org/sonar/scanner/scm/ScmChangedFiles
instanceKlass org/sonar/scanner/scan/DefaultInputModuleHierarchy
instanceKlass org/sonar/scanner/scan/ProjectServerSettings
instanceKlass org/sonar/scanner/repository/ProjectRepositories
instanceKlass org/sonar/scanner/scan/branch/ProjectBranchesLoader
instanceKlass org/sonar/scanner/scan/branch/ProjectBranches
instanceKlass org/sonar/scanner/scan/branch/BranchConfigurationLoader
instanceKlass org/sonar/api/batch/bootstrap/ProjectBuilder
instanceKlass org/sonar/api/batch/bootstrap/ProjectBuilder$Context
instanceKlass org/sonar/api/batch/fs/InputModule
instanceKlass org/sonar/api/scanner/fs/InputProject
instanceKlass org/sonar/api/batch/fs/internal/DefaultInputComponent
instanceKlass org/sonar/api/batch/bootstrap/ProjectDefinition
instanceKlass org/sonar/api/batch/bootstrap/ProjectReactor
instanceKlass com/google/protobuf/AbstractMessageLite
instanceKlass com/google/protobuf/Message
instanceKlass com/google/protobuf/MessageLite
instanceKlass org/sonar/iac/helm/protobuf/TemplateEvaluationResultOrBuilder
instanceKlass com/google/protobuf/MessageOrBuilder
instanceKlass com/google/protobuf/MessageLiteOrBuilder
instanceKlass java/lang/ProcessBuilder
instanceKlass java/lang/Process
instanceKlass org/sonar/iac/terraform/plugin/TerraformProviders$Provider
instanceKlass org/sonar/core/sarif/Region
instanceKlass org/sonar/core/sarif/PhysicalLocation
instanceKlass org/sonar/api/batch/fs/FilePredicate
instanceKlass com/google/common/cache/CacheLoader
instanceKlass org/sonar/api/batch/sensor/issue/NewExternalIssue
instanceKlass org/sonar/core/sarif/Location
instanceKlass org/sonar/api/batch/sensor/issue/NewIssueLocation
instanceKlass org/sonar/core/sarif/Result
instanceKlass org/sonar/api/batch/sensor/rule/NewAdHocRule
instanceKlass org/sonar/core/sarif/Rule
instanceKlass org/sonar/core/sarif/Extension
instanceKlass org/sonar/core/sarif/Tool
instanceKlass org/sonar/scanner/externalissue/sarif/RunMapper$RunMapperResult
instanceKlass org/sonar/core/sarif/Run
instanceKlass org/sonar/scanner/externalissue/sarif/SarifImportResults
instanceKlass org/sonar/core/sarif/Sarif210
instanceKlass org/sonar/scanner/externalissue/ExternalIssueReport$Rule
instanceKlass org/sonar/scanner/externalissue/ExternalIssueReport$Issue
instanceKlass org/sonar/scanner/externalissue/ExternalIssueReport
instanceKlass org/sonar/scanner/deprecated/test/DefaultTestPlan
instanceKlass org/sonar/api/batch/fs/InputFile
instanceKlass org/sonar/api/batch/fs/IndexedFile
instanceKlass org/sonar/api/batch/fs/InputPath
instanceKlass org/sonar/api/batch/fs/InputComponent
instanceKlass org/sonar/api/batch/sensor/SensorDescriptor
instanceKlass org/sonar/api/config/PropertyDefinition$Result
instanceKlass org/sonar/scanner/repository/language/DefaultLanguagesRepository
instanceKlass org/sonar/scanner/repository/language/LanguagesRepository
instanceKlass org/sonar/scanner/repository/language/DefaultLanguagesLoader
instanceKlass org/sonar/scanner/repository/language/LanguagesLoader
instanceKlass org/sonar/scanner/repository/DefaultProjectRepositoriesLoader
instanceKlass org/sonar/scanner/repository/ProjectRepositoriesLoader
instanceKlass org/sonar/scanner/repository/DefaultQualityProfileLoader
instanceKlass org/sonar/scanner/repository/QualityProfileLoader
instanceKlass org/sonar/scanner/rule/DefaultActiveRulesLoader
instanceKlass org/sonar/scanner/rule/ActiveRulesLoader
instanceKlass org/sonar/scanner/repository/settings/ProjectSettingsLoader
instanceKlass org/sonar/scm/svn/SvnConfiguration
instanceKlass org/tmatesoft/svn/core/wc/ISVNOptions
instanceKlass org/tmatesoft/svn/core/io/ISVNTunnelProvider
instanceKlass org/sonar/scm/svn/SvnScmSupport
instanceKlass org/sonar/scm/git/GitIgnoreCommand
instanceKlass org/sonar/api/batch/scm/IgnoreCommand
instanceKlass org/sonar/api/batch/scm/ScmProvider
instanceKlass org/sonar/scm/git/ProcessWrapperFactory
instanceKlass org/sonar/scm/git/strategy/DefaultBlameStrategy
instanceKlass org/sonar/scm/git/strategy/BlameStrategy
instanceKlass org/sonar/scm/git/NativeGitBlameCommand
instanceKlass org/sonar/api/batch/scm/BlameCommand
instanceKlass org/sonar/scm/git/JGitBlameCommand
instanceKlass org/eclipse/jgit/internal/util/ShutdownHook$Listener
instanceKlass java/util/ResourceBundle$Control$2
instanceKlass java/util/ResourceBundle$CacheKeyReference
instanceKlass java/util/ResourceBundle$CacheKey
instanceKlass java/util/ServiceLoader$ProviderSpliterator
instanceKlass java/util/spi/ResourceBundleControlProvider
instanceKlass java/util/ResourceBundle$ResourceBundleControlProviderHolder
instanceKlass org/eclipse/jgit/nls/GlobalBundleCache
instanceKlass org/eclipse/jgit/nls/NLS
instanceKlass org/eclipse/jgit/nls/TranslationBundle
instanceKlass org/eclipse/jgit/internal/util/CleanupService
instanceKlass org/eclipse/jgit/util/FS
instanceKlass org/eclipse/jgit/util/SimpleLruCache
instanceKlass org/eclipse/jgit/util/FS$FileStoreAttributes
instanceKlass org/sonar/scm/git/GitScmSupport
instanceKlass org/sonar/api/PropertyField
instanceKlass org/sonar/scanner/ci/vendors/TravisCi
instanceKlass org/sonar/scanner/ci/vendors/SemaphoreCi
instanceKlass org/sonar/scanner/ci/vendors/Jenkins
instanceKlass org/sonar/scanner/ci/vendors/GitlabCi
instanceKlass org/sonar/scanner/ci/vendors/CodeMagic
instanceKlass org/sonar/scanner/ci/vendors/GithubActions
instanceKlass org/sonar/scanner/ci/vendors/DroneCi
instanceKlass org/sonar/scanner/ci/vendors/CirrusCi
instanceKlass org/sonar/scanner/ci/vendors/CircleCi
instanceKlass org/sonar/scanner/ci/vendors/Buildkite
instanceKlass org/sonar/scanner/ci/vendors/Bitrise
instanceKlass org/sonar/scanner/ci/vendors/BitbucketPipelines
instanceKlass org/sonar/scanner/ci/vendors/Bamboo
instanceKlass org/sonar/scanner/ci/vendors/AzureDevops
instanceKlass org/sonar/scanner/ci/vendors/AwsCodeBuild
instanceKlass org/sonar/scanner/ci/vendors/AppVeyor
instanceKlass org/sonar/scanner/ci/CiVendor
instanceKlass org/sonar/scanner/ci/CiConfiguration
instanceKlass org/sonar/scanner/ci/CiConfigurationProvider
instanceKlass org/sonar/api/batch/fs/internal/DefaultFileSystem
instanceKlass org/sonar/api/batch/fs/FileSystem
instanceKlass org/sonar/scanner/sensor/UnchangedFilesHandler
instanceKlass org/sonar/scanner/sensor/ExecutingSensorContext
instanceKlass org/sonar/scanner/sensor/ProjectSensorContext
instanceKlass org/sonar/api/batch/sensor/SensorContext
instanceKlass org/sonar/scanner/DefaultFileLinesContextFactory
instanceKlass org/sonar/api/measures/FileLinesContextFactory
instanceKlass org/sonar/scanner/sensor/DefaultSensorStorage
instanceKlass org/sonar/api/batch/sensor/internal/SensorStorage
instanceKlass org/sonar/scanner/scm/ScmRevisionImpl
instanceKlass org/sonar/scanner/scm/ScmRevision
instanceKlass org/sonar/scanner/scm/ScmPublisher
instanceKlass org/sonar/scanner/scm/ScmConfiguration
instanceKlass org/sonar/duplications/index/AbstractCloneIndex
instanceKlass org/sonar/duplications/index/CloneIndex
instanceKlass org/sonar/scanner/cpd/CpdSettings
instanceKlass org/sonar/scanner/cpd/CpdExecutor
instanceKlass org/sonar/scanner/report/CeTaskReportDataHolder
instanceKlass org/sonar/scanner/report/AnalysisWarningsPublisher
instanceKlass org/sonar/scanner/report/ChangedLinesPublisher
instanceKlass org/sonar/scanner/report/SourcePublisher
instanceKlass org/sonar/scanner/report/TestExecutionPublisher
instanceKlass org/sonar/scanner/report/AnalysisCachePublisher
instanceKlass org/sonar/scanner/report/ContextPropertiesPublisher
instanceKlass org/sonar/scanner/report/ComponentsPublisher
instanceKlass org/sonar/scanner/report/ActiveRulesPublisher
instanceKlass org/sonar/scanner/report/MetadataPublisher
instanceKlass org/sonar/scanner/report/ReportPublisherStep
instanceKlass org/sonar/scanner/report/AnalysisContextReportPublisher
instanceKlass org/sonar/scanner/report/ScannerFileStructureProvider
instanceKlass org/sonar/scanner/report/ReportPublisher
instanceKlass org/sonar/scanner/report/JavaArchitectureInformationProvider
instanceKlass org/sonar/core/metric/ScannerMetrics
instanceKlass org/sonar/scanner/repository/ReferenceBranchSupplier
instanceKlass org/sonar/scanner/cache/DefaultAnalysisCacheLoader
instanceKlass org/sonar/scanner/cache/AnalysisCacheLoader
instanceKlass org/sonar/scanner/cache/AnalysisCacheMemoryStorage
instanceKlass org/sonar/scanner/cache/AnalysisCacheStorage
instanceKlass org/sonar/scanner/cache/AnalysisCacheProvider
instanceKlass org/sonar/scanner/scan/filesystem/AbstractCoverageAndDuplicationExclusions
instanceKlass org/sonar/scanner/scan/ProjectConfigurationProvider
instanceKlass org/sonar/scanner/scan/SonarGlobalPropertiesFilter
instanceKlass org/sonar/api/config/Settings
instanceKlass org/sonar/scanner/repository/ContextPropertiesCache
instanceKlass org/sonar/scanner/issue/ignore/IgnoreIssuesFilter
instanceKlass org/sonar/scanner/issue/ignore/EnforceIssuesFilter
instanceKlass org/sonar/api/scan/issue/filter/IssueFilter
instanceKlass org/sonar/scanner/issue/ignore/scanner/IssueExclusionsLoader
instanceKlass org/sonar/scanner/issue/ignore/pattern/AbstractPatternInitializer
instanceKlass org/sonar/scanner/scan/measure/DefaultMetricFinder
instanceKlass org/sonar/api/batch/measure/MetricFinder
instanceKlass org/sonar/scanner/issue/IssuePublisher
instanceKlass org/sonar/scanner/issue/IssueFilters
instanceKlass org/sonar/api/issue/NoSonarFilter
instanceKlass org/sonar/scanner/rule/QProfileVerifier
instanceKlass org/sonar/api/batch/rule/CheckFactory
instanceKlass org/sonar/scanner/repository/QualityProfilesProvider
instanceKlass org/sonar/scanner/rule/ActiveRulesProvider
instanceKlass org/sonar/scanner/scan/filesystem/AbstractExclusionFilters
instanceKlass org/sonar/scanner/scan/filesystem/ProjectFilePreprocessor
instanceKlass org/sonar/scanner/scan/filesystem/FilePreprocessor
instanceKlass org/sonar/scanner/scan/filesystem/ModuleRelativePathWarner
instanceKlass org/sonar/api/batch/fs/internal/FileMetadata
instanceKlass org/sonar/scanner/scan/filesystem/MetadataGenerator
instanceKlass org/sonar/scanner/scan/filesystem/LanguageDetection
instanceKlass org/sonar/scanner/scan/filesystem/StatusDetection
instanceKlass org/sonar/scanner/scm/ScmChangedFilesProvider
instanceKlass org/sonar/scanner/scan/filesystem/ScannerComponentIdGenerator
instanceKlass java/util/function/IntSupplier
instanceKlass org/sonar/scanner/fs/InputModuleHierarchy
instanceKlass org/sonar/scanner/scan/InputModuleHierarchyProvider
instanceKlass org/sonar/scanner/scan/InputProjectProvider
instanceKlass org/sonar/api/scan/filesystem/PathResolver
instanceKlass org/sonar/api/batch/fs/internal/DefaultFileSystem$Cache
instanceKlass org/sonar/api/batch/fs/FileSystem$Index
instanceKlass org/sonar/scanner/scan/ModuleIndexer
instanceKlass org/sonar/scanner/analysis/AnalysisTempFolderProvider
instanceKlass org/sonar/scanner/scan/DeprecatedPropertiesWarningGenerator
instanceKlass org/sonar/scanner/cache/AnalysisCacheEnabled
instanceKlass org/sonar/scanner/scan/ProjectServerSettingsProvider
instanceKlass org/sonar/scanner/repository/ProjectRepositoriesProvider
instanceKlass org/sonar/scanner/scan/branch/ProjectBranchesProvider
instanceKlass org/sonar/scanner/scan/branch/BranchConfiguration
instanceKlass org/sonar/scanner/scan/branch/BranchConfigurationProvider
instanceKlass org/sonar/scanner/ProjectInfo
instanceKlass org/sonar/scanner/scan/ProjectReactorValidator
instanceKlass org/sonar/scanner/scan/ProjectLock
instanceKlass org/sonar/scanner/scan/ProjectBuildersExecutor
instanceKlass org/sonar/scanner/scan/MutableProjectReactorProvider
instanceKlass org/sonar/scanner/scan/WorkDirectoriesInitializer
instanceKlass org/sonar/scanner/scan/ProjectReactorBuilder
instanceKlass org/sonar/scanner/scan/ScanProperties
instanceKlass org/sonar/plugins/common/DefaultQualityProfileDefinition
instanceKlass org/sonar/plugins/common/CommonRulesDefinition
instanceKlass org/sonar/plugins/common/warnings/DefaultAnalysisWarningsWrapper
instanceKlass org/sonar/plugins/common/warnings/AnalysisWarningsWrapper
instanceKlass org/sonar/plugins/common/TextAndSecretsSensor
instanceKlass org/sonarsource/api/sonarlint/SonarLintSide
instanceKlass org/sonar/iac/common/warnings/DefaultAnalysisWarningsWrapper
instanceKlass org/sonar/iac/common/warnings/AnalysisWarningsWrapper
instanceKlass org/sonar/iac/common/json/JsonBuiltInProfileDefinition
instanceKlass org/sonar/iac/common/json/JsonFileFilter
instanceKlass org/sonar/api/batch/fs/InputFileFilter
instanceKlass org/sonar/iac/common/yaml/YamlBuiltInProfileDefinition
instanceKlass org/sonar/iac/springconfig/plugin/SpringConfigSettings
instanceKlass org/sonar/iac/springconfig/plugin/SpringConfigExtension
instanceKlass org/sonar/iac/arm/plugin/ArmSettings
instanceKlass org/sonar/iac/arm/plugin/ArmExtension
instanceKlass org/sonar/iac/docker/plugin/HadolintRulesDefinition
instanceKlass org/sonar/iac/docker/plugin/DockerSettings
instanceKlass org/sonar/iac/docker/plugin/DockerExtension
instanceKlass org/sonar/iac/kubernetes/plugin/KubernetesSettings
instanceKlass org/sonar/iac/helm/HelmEvaluator
instanceKlass org/sonar/iac/kubernetes/plugin/KubernetesExtension
instanceKlass org/sonar/iac/cloudformation/plugin/CfnLintRulesDefinition
instanceKlass org/sonar/iac/cloudformation/plugin/CloudformationSettings
instanceKlass org/sonar/iac/cloudformation/plugin/CloudformationExtension
instanceKlass org/sonar/iac/terraform/plugin/TFLintRulesDefinition
instanceKlass org/sonar/iac/terraform/plugin/TerraformSettings
instanceKlass org/sonar/iac/terraform/plugin/TerraformProviders
instanceKlass org/sonar/iac/common/extension/IacDefaultProfileDefinition
instanceKlass org/sonar/iac/common/extension/IacRulesDefinition
instanceKlass org/sonar/iac/common/extension/ProvideLanguageKey
instanceKlass org/sonar/iac/common/extension/IacSensor
instanceKlass org/sonar/iac/terraform/plugin/TerraformExtension
instanceKlass org/sonar/plugins/jacoco/JacocoSensor
instanceKlass org/sonar/plugins/xml/XmlSensor
instanceKlass org/sonar/plugins/xml/XmlSonarWayProfile
instanceKlass org/sonar/plugins/xml/XmlRulesDefinition
instanceKlass org/sonar/plugin/cayc/CAYCPageDefinition
instanceKlass org/sonar/api/web/page/PageDefinition
instanceKlass org/sonar/api/batch/DependedUpon
instanceKlass org/sonar/plugins/python/ruff/RuffRulesDefinition
instanceKlass org/sonar/plugins/python/mypy/MypyRulesDefinition
instanceKlass org/sonar/plugins/python/flake8/Flake8RulesDefinition
instanceKlass org/sonar/plugins/python/bandit/BanditRulesDefinition
instanceKlass org/sonar/plugins/python/pylint/PylintRulesDefinition
instanceKlass org/sonar/plugins/python/ExternalIssuesSensor
instanceKlass org/sonar/plugins/python/PythonReportSensor
instanceKlass org/sonar/plugins/python/coverage/PythonCoverageSensor
instanceKlass org/sonar/plugins/python/warnings/AnalysisWarningsWrapper
instanceKlass org/sonar/plugins/python/PythonRuleRepository
instanceKlass org/sonar/api/server/rule/RulesDefinition
instanceKlass org/sonar/plugins/python/PythonSensor
instanceKlass org/sonar/plugins/python/PythonProfile
instanceKlass org/sonar/api/server/profile/BuiltInQualityProfilesDefinition
instanceKlass org/sonar/api/resources/AbstractLanguage
instanceKlass org/sonar/api/resources/Language
instanceKlass org/sonar/api/Plugin$Context
instanceKlass org/sonar/api/internal/PluginContextImpl$Builder
instanceKlass org/sonar/api/batch/InstantiationStrategy
instanceKlass org/sonar/api/batch/Phase
instanceKlass org/sonar/api/batch/ScannerSide
instanceKlass org/sonar/scanner/bootstrap/ExtensionUtils
instanceKlass org/sonar/scanner/externalissue/sarif/RuleMapper
instanceKlass org/sonar/scanner/externalissue/sarif/RegionMapper
instanceKlass org/sonar/scanner/externalissue/sarif/LocationMapper
instanceKlass org/sonar/scanner/externalissue/sarif/ResultMapper
instanceKlass org/sonar/scanner/externalissue/sarif/RunMapper
instanceKlass org/sonar/scanner/externalissue/sarif/DefaultSarif210Importer
instanceKlass org/sonar/scanner/externalissue/sarif/Sarif210Importer
instanceKlass org/sonar/scanner/externalissue/sarif/SarifIssuesImportSensor
instanceKlass org/sonar/core/sarif/SarifSerializerImpl
instanceKlass org/sonar/core/sarif/SarifSerializer
instanceKlass org/sonar/scanner/externalissue/ExternalIssuesImportSensor
instanceKlass org/sonar/scanner/externalissue/ExternalIssueReportParser
instanceKlass org/sonar/scanner/externalissue/ExternalIssueReportValidator
instanceKlass org/sonar/scanner/deprecated/test/TestPlanBuilder
instanceKlass org/sonar/scanner/genericcoverage/GenericTestExecutionSensor
instanceKlass org/sonar/api/batch/sensor/Sensor
instanceKlass org/sonar/scanner/genericcoverage/GenericCoverageSensor
instanceKlass org/sonar/scanner/cpd/JavaCpdBlockIndexerSensor
instanceKlass org/sonar/scanner/source/ZeroCoverageSensor
instanceKlass org/sonar/api/scanner/sensor/ProjectSensor
instanceKlass org/sonar/core/config/ScannerProperties
instanceKlass org/sonar/api/config/EmailSettings
instanceKlass org/sonar/core/config/PurgeProperties
instanceKlass org/sonar/core/config/DebtProperties
instanceKlass org/sonar/core/config/SecurityProperties
instanceKlass org/sonar/core/config/ExclusionProperties
instanceKlass org/sonar/api/config/PropertyFieldDefinition$Builder
instanceKlass org/sonar/api/config/PropertyFieldDefinition
instanceKlass org/sonar/core/config/IssueExclusionProperties
instanceKlass org/sonar/core/config/CorePropertyDefinitions
instanceKlass org/sonar/api/resources/ResourceType$Builder
instanceKlass org/sonar/api/resources/ResourceType
instanceKlass org/sonar/api/resources/ResourceTypeTree$Builder
instanceKlass org/sonar/api/resources/ResourceTypeTree
instanceKlass org/sonar/core/component/DefaultResourceTypes
instanceKlass org/sonar/scanner/bootstrap/BatchComponents
instanceKlass org/sonar/api/config/Category
instanceKlass org/sonar/api/ExtensionPoint
instanceKlass org/sonar/api/config/PropertyDefinition$Builder
instanceKlass java/util/stream/SortedOps
instanceKlass java/util/function/ToLongFunction
instanceKlass com/google/common/collect/ImmutableSet$SetBuilderImpl
instanceKlass org/sonar/core/extension/ServiceLoaderWrapper
instanceKlass java/util/stream/Nodes$ArrayNode
instanceKlass org/springframework/beans/factory/config/NamedBeanHolder
instanceKlass org/springframework/beans/factory/NamedBean
instanceKlass org/springframework/util/ConcurrentReferenceHashMap$EntryIterator
instanceKlass java/beans/BeanInfo
instanceKlass org/springframework/beans/ExtendedBeanInfoFactory
instanceKlass org/springframework/util/ResourceUtils
instanceKlass org/springframework/util/PropertiesPersister
instanceKlass org/springframework/core/io/support/PropertiesLoaderUtils
instanceKlass org/springframework/core/io/support/SpringFactoriesLoader
instanceKlass org/springframework/beans/BeanInfoFactory
instanceKlass java/beans/FeatureDescriptor
instanceKlass org/springframework/beans/CachedIntrospectionResults
instanceKlass org/springframework/core/annotation/OrderUtils
instanceKlass org/springframework/context/support/LiveBeansView
instanceKlass org/springframework/context/support/LiveBeansViewMBean
instanceKlass org/springframework/context/event/AbstractApplicationEventMulticaster$CachedListenerRetriever
instanceKlass org/springframework/context/event/AbstractApplicationEventMulticaster$ListenerCacheKey
instanceKlass org/springframework/context/support/DefaultLifecycleProcessor
instanceKlass java/io/ObjectStreamConstants
instanceKlass java/io/ObjectInput
instanceKlass sun/reflect/annotation/AnnotationInvocationHandler$1
instanceKlass org/springframework/core/MethodIntrospector
instanceKlass org/springframework/core/MethodIntrospector$MetadataLookup
instanceKlass org/springframework/context/event/EventListener
instanceKlass org/springframework/aop/scope/ScopedObject
instanceKlass org/springframework/aop/RawTargetAccess
instanceKlass org/springframework/aop/framework/autoproxy/AutoProxyUtils
instanceKlass org/springframework/aop/scope/ScopedProxyUtils
instanceKlass org/sonar/plugins/common/TextAndSecretsPlugin
instanceKlass org/sonar/plugins/iac/IacPlugin
instanceKlass org/sonar/plugins/jacoco/JacocoPlugin
instanceKlass org/sonar/plugins/xml/XmlPlugin
instanceKlass org/sonar/plugin/cayc/CleanAsYouCodePlugin
instanceKlass org/sonar/plugins/python/PythonPlugin
instanceKlass java/net/URLClassLoader$1
instanceKlass org/sonar/classloader/DefaultClassloaderRef
instanceKlass org/sonar/classloader/ClassloaderBuilder$NewRealm
instanceKlass org/sonar/classloader/SelfFirstStrategy
instanceKlass org/sonar/classloader/ParentFirstStrategy
instanceKlass org/sonar/classloader/Strategy
instanceKlass org/sonar/classloader/NullClassloaderRef
instanceKlass org/sonar/classloader/StrategyContext
instanceKlass org/sonar/classloader/ClassloaderRef
instanceKlass org/sonar/classloader/Mask$Builder
instanceKlass com/google/common/base/CommonPattern
instanceKlass com/google/common/base/Platform$JdkPatternCompiler
instanceKlass com/google/common/base/PatternCompiler
instanceKlass com/google/common/base/Platform
instanceKlass com/google/common/base/Strings
instanceKlass org/sonar/core/platform/PluginInfo$RequiredPlugin
instanceKlass org/apache/commons/lang/ArrayUtils
instanceKlass java/text/CalendarBuilder
instanceKlass java/text/ParsePosition
instanceKlass java/text/DateFormatSymbols
instanceKlass sun/util/locale/provider/CalendarDataUtility$CalendarWeekParameterGetter
instanceKlass sun/util/locale/provider/LocaleServiceProviderPool$LocalizedObjectGetter
instanceKlass sun/util/locale/provider/LocaleServiceProviderPool
instanceKlass java/util/Calendar$Builder
instanceKlass java/text/AttributedCharacterIterator$Attribute
instanceKlass org/sonar/updatecenter/common/FormatUtils
instanceKlass org/sonar/updatecenter/common/PluginKeyUtils
instanceKlass org/sonar/updatecenter/common/PluginManifest
instanceKlass com/google/common/base/Preconditions
instanceKlass com/google/common/base/Joiner
instanceKlass java/util/ImmutableCollections$Access$1
instanceKlass jdk/internal/access/JavaUtilCollectionAccess
instanceKlass java/util/ImmutableCollections$Access
instanceKlass com/google/gson/internal/ConstructorConstructor$11
instanceKlass org/sonar/scanner/bootstrap/ScannerPluginInstaller$InstalledPlugins
instanceKlass okhttp3/MediaType$Companion
instanceKlass okhttp3/MediaType
instanceKlass okio/InflaterSource
instanceKlass okio/GzipSource
instanceKlass org/apache/commons/lang/StringUtils
instanceKlass org/sonar/updatecenter/common/Version
instanceKlass org/slf4j/helpers/FormattingTuple
instanceKlass org/slf4j/helpers/NormalizedParameters
instanceKlass org/slf4j/helpers/MessageFormatter
instanceKlass org/apache/commons/text/translate/CsvTranslators
instanceKlass java/util/AbstractList$RandomAccessSpliterator
instanceKlass com/google/protobuf/AbstractMessageLite$InternalOneOfEnum
instanceKlass com/google/protobuf/Internal$EnumLite
instanceKlass org/sonar/scanner/repository/settings/AbstractSettingsLoader$1
instanceKlass org/sonar/api/utils/log/Logger$1
instanceKlass com/google/protobuf/GeneratedMessageV3$1
instanceKlass com/google/protobuf/GeneratedMessageV3$Builder$BuilderParentImpl
instanceKlass com/google/protobuf/SingleFieldBuilderV3
instanceKlass jdk/internal/access/foreign/MemorySegmentProxy
instanceKlass com/google/protobuf/Android
instanceKlass sun/misc/Unsafe
instanceKlass com/google/protobuf/UnsafeUtil$1
instanceKlass com/google/protobuf/UnsafeUtil$MemoryAccessor
instanceKlass com/google/protobuf/UnsafeUtil
instanceKlass com/google/protobuf/Utf8$Processor
instanceKlass com/google/protobuf/Utf8
instanceKlass org/sonarqube/ws/Settings$FieldValuesOrBuilder
instanceKlass org/sonarqube/ws/Settings$ValuesOrBuilder
instanceKlass com/google/protobuf/WireFormat
instanceKlass org/sonarqube/ws/Settings
instanceKlass com/google/protobuf/AbstractMessageLite$Builder
instanceKlass com/google/protobuf/Internal
instanceKlass com/google/protobuf/CodedInputStream
instanceKlass com/google/protobuf/LazyStringList
instanceKlass com/google/protobuf/ExtensionRegistry$ExtensionInfo
instanceKlass com/google/protobuf/Descriptors$GenericDescriptor
instanceKlass com/google/protobuf/FieldSet$FieldDescriptorLite
instanceKlass com/google/protobuf/ExtensionLite
instanceKlass com/google/protobuf/ExtensionRegistryFactory
instanceKlass com/google/protobuf/ExtensionRegistryLite
instanceKlass com/google/protobuf/AbstractParser
instanceKlass com/google/protobuf/UnknownFieldSet
instanceKlass com/google/protobuf/ProtocolStringList
instanceKlass com/google/protobuf/Message$Builder
instanceKlass com/google/protobuf/Internal$FloatList
instanceKlass com/google/protobuf/Internal$BooleanList
instanceKlass com/google/protobuf/Internal$LongList
instanceKlass com/google/protobuf/Internal$DoubleList
instanceKlass com/google/protobuf/Internal$IntList
instanceKlass com/google/protobuf/GeneratedMessageV3$BuilderParent
instanceKlass com/google/protobuf/AbstractMessage$BuilderParent
instanceKlass com/google/protobuf/Reader
instanceKlass com/google/protobuf/Internal$ProtobufList
instanceKlass com/google/protobuf/MessageLite$Builder
instanceKlass org/sonarqube/ws/Settings$ValuesWsResponseOrBuilder
instanceKlass okio/ForwardingSource
instanceKlass okhttp3/internal/http1/Http1ExchangeCodec$AbstractSource
instanceKlass okhttp3/internal/http/HttpHeaders
instanceKlass okhttp3/Response$Builder
instanceKlass okio/internal/-Buffer
instanceKlass okhttp3/internal/http/StatusLine$Companion
instanceKlass okhttp3/internal/http/StatusLine
instanceKlass java/util/concurrent/locks/AbstractQueuedSynchronizer$Node
instanceKlass okhttp3/internal/http/RequestLine
instanceKlass okhttp3/internal/connection/Exchange
instanceKlass okhttp3/internal/http1/HeadersReader$Companion
instanceKlass okhttp3/internal/http1/HeadersReader
instanceKlass okhttp3/internal/http1/Http1ExchangeCodec$Companion
instanceKlass okhttp3/internal/http1/Http1ExchangeCodec
instanceKlass okhttp3/internal/http/ExchangeCodec
instanceKlass okio/RealBufferedSink
instanceKlass okio/AsyncTimeout$sink$1
instanceKlass okio/OutputStreamSink
instanceKlass okio/RealBufferedSource
instanceKlass okio/Okio__OkioKt
instanceKlass okio/AsyncTimeout$source$1
instanceKlass okio/InputStreamSource
instanceKlass okio/Okio__JvmOkioKt
instanceKlass okio/Okio
instanceKlass sun/net/NetHooks
instanceKlass java/net/SocksSocketImpl$3
instanceKlass jdk/net/ExtendedSocketOptions$PlatformSocketOptions$1
instanceKlass jdk/net/ExtendedSocketOptions$PlatformSocketOptions
instanceKlass jdk/net/ExtendedSocketOptions$ExtSocketOption
instanceKlass java/net/SocketOption
instanceKlass jdk/net/ExtendedSocketOptions
instanceKlass sun/net/ext/ExtendedSocketOptions
instanceKlass sun/nio/ch/Net$1
instanceKlass java/net/ProtocolFamily
instanceKlass sun/nio/ch/Net
instanceKlass okhttp3/internal/connection/RealConnection$WhenMappings
instanceKlass okhttp3/internal/connection/ConnectionSpecSelector
instanceKlass okhttp3/internal/connection/RealConnection$Companion
instanceKlass okhttp3/internal/http2/Http2Connection$Listener$Companion
instanceKlass okhttp3/internal/http2/Http2Connection$Listener
instanceKlass okhttp3/Connection
instanceKlass okhttp3/internal/connection/RouteSelector$Selection
instanceKlass okhttp3/Route
instanceKlass java/net/InetSocketAddress$InetSocketAddressHolder
instanceKlass java/util/concurrent/atomic/Striped64$1
instanceKlass jdk/internal/util/random/RandomSupport
instanceKlass java/net/InetAddress$CachedAddresses
instanceKlass sun/net/InetAddressCachePolicy$2
instanceKlass sun/net/InetAddressCachePolicy$1
instanceKlass sun/net/InetAddressCachePolicy
instanceKlass java/net/InetAddress$NameServiceAddresses
instanceKlass java/net/InetAddress$Addresses
instanceKlass java/util/concurrent/ConcurrentSkipListMap$Iter
instanceKlass sun/net/spi/DefaultProxySelector$3
instanceKlass sun/net/spi/DefaultProxySelector$NonProxyInfo
instanceKlass okhttp3/internal/connection/RouteSelector$Companion
instanceKlass okhttp3/internal/connection/RouteSelector
instanceKlass java/util/concurrent/ConcurrentLinkedQueue$Itr
instanceKlass okhttp3/CacheControl$Builder
instanceKlass okhttp3/CacheControl$Companion
instanceKlass okhttp3/CacheControl
instanceKlass okhttp3/internal/cache/CacheStrategy$Companion
instanceKlass okhttp3/internal/cache/CacheStrategy
instanceKlass okhttp3/internal/cache/CacheStrategy$Factory
instanceKlass okhttp3/Address
instanceKlass okhttp3/internal/connection/ExchangeFinder
instanceKlass kotlin/Unit
instanceKlass kotlin/collections/EmptyList
instanceKlass okhttp3/internal/http/RealInterceptorChain
instanceKlass okhttp3/internal/http/CallServerInterceptor
instanceKlass okhttp3/internal/connection/ConnectInterceptor
instanceKlass okhttp3/internal/cache/CacheInterceptor$Companion
instanceKlass okhttp3/internal/cache/CacheInterceptor
instanceKlass okhttp3/internal/http/BridgeInterceptor
instanceKlass okhttp3/internal/http/RetryAndFollowUpInterceptor$Companion
instanceKlass okhttp3/internal/http/RetryAndFollowUpInterceptor
instanceKlass okio/AsyncTimeout$Companion
instanceKlass okio/Timeout$Companion
instanceKlass okio/Timeout
instanceKlass okhttp3/internal/connection/RealCall
instanceKlass okhttp3/Request
instanceKlass kotlin/collections/EmptyMap
instanceKlass kotlin/collections/MapsKt__MapWithDefaultKt
instanceKlass org/sonarqube/ws/client/BaseResponse
instanceKlass okhttp3/internal/http/HttpMethod
instanceKlass okhttp3/Headers$Builder
instanceKlass okhttp3/Request$Builder
instanceKlass org/sonarqube/ws/client/BaseRequest$DefaultHeaders
instanceKlass org/sonarqube/ws/client/BaseRequest$DefaultParameters
instanceKlass org/sonarqube/ws/client/Headers
instanceKlass org/sonarqube/ws/client/Parameters
instanceKlass org/sonar/api/utils/log/Profiler
instanceKlass org/springframework/util/MethodInvoker
instanceKlass org/sonarqube/ws/Settings$SettingOrBuilder
instanceKlass com/google/protobuf/Parser
instanceKlass org/sonarqube/ws/client/BaseService
instanceKlass org/sonarqube/ws/client/DefaultWsClient
instanceKlass okhttp3/internal/connection/RouteDatabase
instanceKlass sun/net/spi/DefaultProxySelector$1
instanceKlass java/net/Proxy
instanceKlass java/net/ProxySelector
instanceKlass okhttp3/logging/HttpLoggingInterceptor$Logger
instanceKlass okhttp3/logging/HttpLoggingInterceptor
instanceKlass jdk/internal/icu/impl/NormalizerImpl$ReorderingBuffer
instanceKlass jdk/internal/icu/impl/NormalizerImpl$UTF16Plus
instanceKlass jdk/internal/icu/util/CodePointTrie$Data
instanceKlass jdk/internal/icu/util/CodePointTrie$1
instanceKlass jdk/internal/icu/util/CodePointMap
instanceKlass jdk/internal/icu/impl/NormalizerImpl$IsAcceptable
instanceKlass jdk/internal/icu/impl/NormalizerImpl
instanceKlass jdk/internal/icu/impl/Norm2AllModes$Norm2AllModesSingleton
instanceKlass jdk/internal/icu/impl/Norm2AllModes$NFKCSingleton
instanceKlass jdk/internal/icu/impl/Norm2AllModes
instanceKlass jdk/internal/icu/text/Normalizer2
instanceKlass jdk/internal/icu/text/NormalizerBase$ModeImpl
instanceKlass jdk/internal/icu/text/NormalizerBase$NFKDModeImpl
instanceKlass jdk/internal/icu/text/NormalizerBase$1
instanceKlass jdk/internal/icu/text/NormalizerBase$Mode
instanceKlass jdk/internal/icu/text/NormalizerBase
instanceKlass java/text/Normalizer
instanceKlass sun/security/pkcs/SignerInfo
instanceKlass sun/security/pkcs/PKCS9Attribute
instanceKlass sun/security/x509/AVAKeyword
instanceKlass java/util/stream/AbstractSpinedBuffer
instanceKlass java/util/stream/Node$Builder
instanceKlass java/util/stream/Node$OfDouble
instanceKlass java/util/stream/Node$OfLong
instanceKlass java/util/stream/Node$OfInt
instanceKlass java/util/stream/Node$OfPrimitive
instanceKlass java/util/stream/Nodes$EmptyNode
instanceKlass java/util/stream/Node
instanceKlass java/util/stream/Nodes
instanceKlass java/util/function/IntFunction
instanceKlass okhttp3/internal/tls/BasicTrustRootIndex
instanceKlass okhttp3/internal/tls/TrustRootIndex
instanceKlass okhttp3/internal/tls/BasicCertificateChainCleaner$Companion
instanceKlass kotlin/ranges/IntRange$Companion
instanceKlass kotlin/ranges/IntProgression$Companion
instanceKlass kotlin/ranges/IntProgression
instanceKlass kotlin/ranges/OpenEndRange
instanceKlass kotlin/ranges/ClosedRange
instanceKlass kotlin/text/CharsKt__CharJVMKt
instanceKlass okhttp3/internal/platform/Jdk9Platform$Companion
instanceKlass okhttp3/internal/platform/Platform$Companion
instanceKlass okhttp3/internal/platform/Platform
instanceKlass okhttp3/internal/tls/CertificateChainCleaner$Companion
instanceKlass okhttp3/internal/tls/CertificateChainCleaner
instanceKlass java/util/Collections$UnmodifiableList$1
instanceKlass okhttp3/Interceptor$Chain
instanceKlass kotlin/collections/EmptySet
instanceKlass kotlin/collections/SetsKt__SetsJVMKt
instanceKlass okhttp3/CertificatePinner$Builder
instanceKlass okhttp3/CertificatePinner$Companion
instanceKlass okhttp3/CertificatePinner
instanceKlass okhttp3/internal/tls/OkHostnameVerifier
instanceKlass okhttp3/TlsVersion$Companion
instanceKlass okhttp3/ConnectionSpec$Builder
instanceKlass okhttp3/CipherSuite$Companion$ORDER_BY_NAME$1
instanceKlass okhttp3/CipherSuite$Companion
instanceKlass okhttp3/CipherSuite
instanceKlass okhttp3/ConnectionSpec$Companion
instanceKlass okhttp3/ConnectionSpec
instanceKlass kotlin/collections/ArraysUtilJVM
instanceKlass okhttp3/Protocol$Companion
instanceKlass okhttp3/OkHttpClient$Companion
instanceKlass okhttp3/CookieJar$Companion$NoCookies
instanceKlass okhttp3/CookieJar$Companion
instanceKlass okhttp3/CookieJar
instanceKlass okhttp3/Dns$Companion$DnsSystem
instanceKlass okhttp3/Dns$Companion
instanceKlass okhttp3/Dns
instanceKlass okhttp3/internal/authenticator/JavaNetAuthenticator
instanceKlass okhttp3/Authenticator$Companion$AuthenticatorNone
instanceKlass okhttp3/Authenticator$Companion
instanceKlass okhttp3/Authenticator
instanceKlass okhttp3/Call
instanceKlass okhttp3/EventListener$Factory
instanceKlass okhttp3/EventListener$Companion
instanceKlass okhttp3/EventListener
instanceKlass okhttp3/internal/concurrent/Task
instanceKlass okhttp3/internal/concurrent/TaskQueue
instanceKlass java/util/logging/Logger$SystemLoggerHelper$1
instanceKlass java/util/logging/Logger$SystemLoggerHelper
instanceKlass java/util/logging/LogManager$4
instanceKlass jdk/internal/logger/BootstrapLogger$BootstrapExecutors
instanceKlass jdk/internal/logger/LoggerFinderLoader
instanceKlass java/util/stream/Streams
instanceKlass java/util/stream/Stream$Builder
instanceKlass java/util/stream/Streams$AbstractStreamBuilderImpl
instanceKlass java/util/Collections$3
instanceKlass java/util/logging/LogManager$LoggerContext$1
instanceKlass java/util/logging/LogManager$VisitedLoggers
instanceKlass java/util/logging/LogManager$2
instanceKlass java/util/logging/LogManager$LoggingProviderAccess
instanceKlass java/lang/Shutdown$Lock
instanceKlass java/lang/Shutdown
instanceKlass java/lang/ApplicationShutdownHooks$1
instanceKlass java/lang/ApplicationShutdownHooks
instanceKlass java/util/logging/LogManager$LogNode
instanceKlass java/util/logging/LogManager$LoggerContext
instanceKlass java/util/logging/LogManager$1
instanceKlass java/util/logging/LogManager
instanceKlass java/util/logging/Logger$ConfigurationData
instanceKlass java/util/logging/Logger$LoggerBundle
instanceKlass java/util/logging/Level
instanceKlass java/util/logging/Handler
instanceKlass java/util/logging/Logger
instanceKlass okhttp3/internal/concurrent/TaskRunner$runnable$1
instanceKlass java/util/concurrent/SynchronousQueue$TransferStack$SNode
instanceKlass java/util/concurrent/ForkJoinPool$ManagedBlocker
instanceKlass java/util/concurrent/SynchronousQueue$Transferer
instanceKlass java/util/concurrent/ThreadPoolExecutor$AbortPolicy
instanceKlass java/util/concurrent/RejectedExecutionHandler
instanceKlass java/util/concurrent/AbstractExecutorService
instanceKlass okhttp3/internal/concurrent/TaskRunner$RealBackend
instanceKlass okhttp3/internal/concurrent/TaskRunner$Backend
instanceKlass okhttp3/internal/concurrent/TaskRunner$Companion
instanceKlass okhttp3/internal/concurrent/TaskRunner
instanceKlass okhttp3/internal/connection/RealConnectionPool$Companion
instanceKlass okhttp3/internal/connection/RealConnectionPool
instanceKlass okhttp3/ConnectionPool
instanceKlass okhttp3/Dispatcher
instanceKlass okhttp3/OkHttpClient$Builder
instanceKlass kotlin/text/Charsets
instanceKlass okio/_JvmPlatformKt
instanceKlass okio/-Base64
instanceKlass okhttp3/Credentials
instanceKlass okhttp3/Interceptor
instanceKlass org/sonarqube/ws/client/OkHttpClientBuilder
instanceKlass jdk/internal/icu/impl/Trie2$UTrie2Header
instanceKlass jdk/internal/icu/impl/Trie2$1
instanceKlass jdk/internal/icu/impl/Trie2$ValueMapper
instanceKlass jdk/internal/icu/impl/Trie2
instanceKlass jdk/internal/icu/impl/UCharacterProperty$IsAcceptable
instanceKlass jdk/internal/icu/impl/ICUBinary$1
instanceKlass jdk/internal/icu/impl/UCharacterProperty$IntProperty
instanceKlass jdk/internal/icu/impl/UCharacterProperty
instanceKlass jdk/internal/icu/lang/UCharacter
instanceKlass jdk/internal/icu/util/VersionInfo
instanceKlass jdk/internal/icu/impl/Trie
instanceKlass jdk/internal/icu/text/StringPrep$StringPrepTrieImpl
instanceKlass jdk/internal/icu/impl/Trie$DataManipulate
instanceKlass jdk/internal/icu/impl/ICUBinary
instanceKlass jdk/internal/icu/impl/StringPrepDataReader
instanceKlass jdk/internal/icu/impl/ICUBinary$Authenticate
instanceKlass jdk/internal/icu/text/StringPrep
instanceKlass java/net/IDN
instanceKlass okhttp3/internal/HostnamesKt
instanceKlass kotlin/text/StringsKt__AppendableKt
instanceKlass kotlin/text/Regex$Companion
instanceKlass kotlin/text/Regex
instanceKlass okio/Segment$Companion
instanceKlass okio/Segment
instanceKlass okio/SegmentPool
instanceKlass kotlin/comparisons/ComparisonsKt__ComparisonsKt
instanceKlass kotlin/collections/ArrayAsCollection
instanceKlass kotlin/collections/CollectionsKt__CollectionsJVMKt
instanceKlass kotlin/collections/ArraysKt__ArraysJVMKt
instanceKlass okio/internal/-ByteString
instanceKlass okio/ByteString$Companion
instanceKlass okio/ByteString
instanceKlass okio/Options$Companion
instanceKlass kotlin/collections/AbstractList$Companion
instanceKlass kotlin/collections/AbstractCollection
instanceKlass okhttp3/RequestBody$Companion
instanceKlass okio/Buffer$UnsafeCursor
instanceKlass okio/-SegmentedByteString
instanceKlass okio/Buffer
instanceKlass okio/BufferedSink
instanceKlass okio/Sink
instanceKlass okio/BufferedSource
instanceKlass okio/Source
instanceKlass okhttp3/ResponseBody$Companion
instanceKlass okhttp3/ResponseBody
instanceKlass kotlin/internal/ProgressionUtilKt
instanceKlass okhttp3/Headers$Companion
instanceKlass okhttp3/Headers
instanceKlass kotlin/jvm/internal/markers/KMappedMarker
instanceKlass okhttp3/internal/Util
instanceKlass okhttp3/HttpUrl$Builder$Companion
instanceKlass okhttp3/HttpUrl$Builder
instanceKlass kotlin/jvm/internal/Intrinsics
instanceKlass okhttp3/HttpUrl$Companion
instanceKlass okhttp3/HttpUrl
instanceKlass org/sonarqube/ws/WsUtils
instanceKlass org/sonarqube/ws/client/WsClient
instanceKlass org/sonarqube/ws/client/LocalWsClientFactory
instanceKlass org/sonarqube/ws/client/WsClientFactory
instanceKlass org/sonarqube/ws/client/WsClientFactories
instanceKlass javax/net/ServerSocketFactory
instanceKlass nl/altindag/ssl/util/SSLSocketUtils
instanceKlass java/util/regex/Pattern$1
instanceKlass java/time/Duration$Lazy
instanceKlass nl/altindag/ssl/model/internal/SSLMaterial
instanceKlass nl/altindag/ssl/model/internal/SSLMaterial$Builder
instanceKlass javax/net/ssl/SSLEngine
instanceKlass nl/altindag/ssl/util/SSLParametersUtils
instanceKlass java/util/stream/DistinctOps
instanceKlass sun/security/ssl/SSLConfiguration$1
instanceKlass sun/security/ssl/SessionId
instanceKlass java/util/concurrent/ConcurrentLinkedQueue$Node
instanceKlass java/security/spec/MGF1ParameterSpec
instanceKlass sun/security/ec/ParametersMap$1
instanceKlass sun/security/ec/ed/EdDSAParameters$SHAKE256DigesterFactory
instanceKlass sun/security/ec/point/ProjectivePoint
instanceKlass sun/security/ec/ed/EdDSAParameters$Digester
instanceKlass sun/security/ec/ed/EdDSAParameters$SHA512DigesterFactory
instanceKlass sun/security/ec/point/ExtendedHomogeneousPoint
instanceKlass sun/security/ec/point/AffinePoint
instanceKlass sun/security/util/math/intpoly/IntegerPolynomial$Limb
instanceKlass sun/security/util/math/SmallValue
instanceKlass sun/security/ec/point/MutablePoint
instanceKlass sun/security/ec/point/ImmutablePoint
instanceKlass sun/security/util/math/intpoly/IntegerPolynomial$Element
instanceKlass sun/security/util/math/ImmutableIntegerModuloP
instanceKlass sun/security/util/math/IntegerModuloP
instanceKlass java/math/MutableBigInteger
instanceKlass sun/security/util/math/intpoly/IntegerPolynomial
instanceKlass sun/security/ec/ParametersMap
instanceKlass sun/security/ec/ed/EdECOperations
instanceKlass sun/security/ec/ed/EdDSAParameters$DigesterFactory
instanceKlass sun/security/util/math/IntegerFieldModuloP
instanceKlass sun/security/ec/ed/EdDSAParameters
instanceKlass java/security/spec/EdDSAParameterSpec
instanceKlass sun/security/ec/ed/EdDSASignature$MessageAccumulator
instanceKlass javax/crypto/spec/DHParameterSpec
instanceKlass sun/security/ssl/PredefinedDHParameterSpecs$1
instanceKlass sun/security/ssl/PredefinedDHParameterSpecs
instanceKlass javax/net/ssl/ExtendedSSLSession
instanceKlass javax/net/ssl/SSLSession
instanceKlass sun/security/ssl/SSLConfiguration$CustomizedClientSignatureSchemes
instanceKlass javax/crypto/KeyGeneratorSpi
instanceKlass javax/crypto/KeyGenerator
instanceKlass sun/security/ssl/SSLConfiguration
instanceKlass sun/security/ssl/SSLCipher$SSLWriteCipher
instanceKlass sun/security/ssl/KeyUpdate$KeyUpdateProducer
instanceKlass sun/security/ssl/KeyUpdate$KeyUpdateConsumer
instanceKlass sun/security/ssl/KeyUpdate$KeyUpdateKickstartProducer
instanceKlass sun/security/ssl/KeyUpdate
instanceKlass sun/security/ssl/CertificateStatus$CertificateStatusAbsence
instanceKlass sun/security/ssl/HandshakeAbsence
instanceKlass sun/security/ssl/CertificateStatus$CertificateStatusProducer
instanceKlass sun/security/ssl/CertificateStatus$CertificateStatusConsumer
instanceKlass sun/security/ssl/CertificateStatus
instanceKlass sun/security/ssl/Finished$T13FinishedProducer
instanceKlass sun/security/ssl/Finished$T13FinishedConsumer
instanceKlass sun/security/ssl/Finished$T12FinishedProducer
instanceKlass sun/security/ssl/Finished$T12FinishedConsumer
instanceKlass sun/security/ssl/Finished
instanceKlass sun/security/ssl/ClientKeyExchange$ClientKeyExchangeProducer
instanceKlass sun/security/ssl/ClientKeyExchange$ClientKeyExchangeConsumer
instanceKlass sun/security/ssl/ClientKeyExchange
instanceKlass sun/security/ssl/CertificateVerify$T13CertificateVerifyProducer
instanceKlass sun/security/ssl/CertificateVerify$T13CertificateVerifyConsumer
instanceKlass sun/security/ssl/CertificateVerify$T12CertificateVerifyProducer
instanceKlass sun/security/ssl/CertificateVerify$T12CertificateVerifyConsumer
instanceKlass sun/security/ssl/CertificateVerify$T10CertificateVerifyProducer
instanceKlass sun/security/ssl/CertificateVerify$T10CertificateVerifyConsumer
instanceKlass sun/security/ssl/CertificateVerify$S30CertificateVerifyProducer
instanceKlass sun/security/ssl/CertificateVerify$S30CertificateVerifyConsumer
instanceKlass sun/security/ssl/CertificateVerify
instanceKlass sun/security/ssl/ServerHelloDone$ServerHelloDoneProducer
instanceKlass sun/security/ssl/ServerHelloDone$ServerHelloDoneConsumer
instanceKlass sun/security/ssl/ServerHelloDone
instanceKlass sun/security/ssl/CertificateRequest$T13CertificateRequestProducer
instanceKlass sun/security/ssl/CertificateRequest$T13CertificateRequestConsumer
instanceKlass sun/security/ssl/CertificateRequest$T12CertificateRequestProducer
instanceKlass sun/security/ssl/CertificateRequest$T12CertificateRequestConsumer
instanceKlass sun/security/ssl/CertificateRequest$T10CertificateRequestProducer
instanceKlass sun/security/ssl/CertificateRequest$T10CertificateRequestConsumer
instanceKlass sun/security/ssl/CertificateRequest
instanceKlass sun/security/ssl/ServerKeyExchange$ServerKeyExchangeProducer
instanceKlass sun/security/ssl/ServerKeyExchange$ServerKeyExchangeConsumer
instanceKlass sun/security/ssl/ServerKeyExchange
instanceKlass sun/security/ssl/CertificateMessage$T13CertificateProducer
instanceKlass sun/security/ssl/CertificateMessage$T13CertificateConsumer
instanceKlass sun/security/ssl/CertificateMessage$T12CertificateProducer
instanceKlass sun/security/ssl/CertificateMessage$T12CertificateConsumer
instanceKlass sun/security/ssl/CertificateMessage
instanceKlass sun/security/ssl/EncryptedExtensions$EncryptedExtensionsConsumer
instanceKlass sun/security/ssl/EncryptedExtensions$EncryptedExtensionsProducer
instanceKlass sun/security/ssl/EncryptedExtensions
instanceKlass sun/security/ssl/NewSessionTicket$T12NewSessionTicketProducer
instanceKlass sun/security/ssl/NewSessionTicket$T13NewSessionTicketProducer
instanceKlass sun/security/ssl/NewSessionTicket$T12NewSessionTicketConsumer
instanceKlass sun/security/ssl/NewSessionTicket$T13NewSessionTicketConsumer
instanceKlass sun/security/ssl/NewSessionTicket
instanceKlass sun/security/ssl/HelloVerifyRequest$HelloVerifyRequestProducer
instanceKlass sun/security/ssl/HelloVerifyRequest$HelloVerifyRequestConsumer
instanceKlass sun/security/ssl/HelloVerifyRequest
instanceKlass sun/security/ssl/ServerHello$T13HelloRetryRequestConsumer
instanceKlass sun/security/ssl/ServerHello$T13ServerHelloConsumer
instanceKlass sun/security/ssl/ServerHello$T12ServerHelloConsumer
instanceKlass sun/security/ssl/ServerHello$T13HelloRetryRequestReproducer
instanceKlass sun/security/ssl/ServerHello$T13HelloRetryRequestProducer
instanceKlass sun/security/ssl/ServerHello$T13ServerHelloProducer
instanceKlass sun/security/ssl/ServerHello$T12ServerHelloProducer
instanceKlass sun/security/ssl/ServerHello$ServerHelloConsumer
instanceKlass sun/security/ssl/ServerHello
instanceKlass sun/security/ssl/ClientHello$D13ClientHelloConsumer
instanceKlass sun/security/ssl/ClientHello$D12ClientHelloConsumer
instanceKlass sun/security/ssl/ClientHello$T13ClientHelloConsumer
instanceKlass sun/security/ssl/ClientHello$T12ClientHelloConsumer
instanceKlass sun/security/ssl/HandshakeConsumer
instanceKlass sun/security/ssl/ClientHello$ClientHelloProducer
instanceKlass sun/security/ssl/ClientHello$ClientHelloConsumer
instanceKlass sun/security/ssl/ClientHello$ClientHelloKickstartProducer
instanceKlass sun/security/ssl/ClientHello
instanceKlass sun/security/ssl/HelloRequest$HelloRequestProducer
instanceKlass sun/security/ssl/HelloRequest$HelloRequestConsumer
instanceKlass sun/security/ssl/HelloRequest$HelloRequestKickstartProducer
instanceKlass sun/security/ssl/SSLProducer
instanceKlass sun/security/ssl/HelloRequest
instanceKlass sun/security/ssl/HandshakeProducer
instanceKlass sun/security/ssl/SSLConsumer
instanceKlass sun/security/ssl/Authenticator$MacImpl
instanceKlass sun/security/ssl/Authenticator$MAC
instanceKlass sun/security/ssl/Authenticator
instanceKlass sun/security/ssl/SSLCipher$SSLReadCipher
instanceKlass sun/security/ssl/InputRecord
instanceKlass sun/security/ssl/SSLRecord
instanceKlass sun/security/ssl/Record
instanceKlass sun/security/ssl/TransportContext
instanceKlass sun/security/ssl/ConnectionContext
instanceKlass sun/security/ssl/HandshakeHash$CacheOnlyHash
instanceKlass sun/security/ssl/HandshakeHash$TranscriptHash
instanceKlass sun/security/ssl/HandshakeHash
instanceKlass java/net/SocksConsts
instanceKlass sun/net/PlatformSocketImpl
instanceKlass sun/net/NetProperties$1
instanceKlass sun/net/NetProperties
instanceKlass java/net/SocketImpl
instanceKlass java/net/SocketOptions
instanceKlass java/net/Socket
instanceKlass sun/security/ssl/SSLTransport
instanceKlass javax/net/SocketFactory
instanceKlass javax/net/ssl/X509ExtendedKeyManager
instanceKlass sun/security/ssl/SSLSessionContextImpl
instanceKlass javax/net/ssl/SSLSessionContext
instanceKlass sun/security/ssl/EphemeralKeyManager$EphemeralKeyPair
instanceKlass sun/security/ssl/EphemeralKeyManager
instanceKlass sun/security/ssl/SSLContextImpl$CustomizedSSLProtocols
instanceKlass java/security/spec/NamedParameterSpec
instanceKlass sun/security/util/ECKeySizeParameterSpec
instanceKlass sun/security/ec/point/Point
instanceKlass java/security/KeyPairGeneratorSpi
instanceKlass javax/crypto/KeyAgreement
instanceKlass java/security/Signature$1
instanceKlass jdk/internal/access/JavaSecuritySignatureAccess
instanceKlass java/security/SignatureSpi
instanceKlass sun/security/ssl/JsseJce$EcAvailability
instanceKlass sun/security/ssl/SSLAlgorithmDecomposer$1
instanceKlass sun/security/ssl/Utilities
instanceKlass sun/security/ssl/JsseJce
instanceKlass sun/security/ssl/NamedGroup$XDHScheme
instanceKlass sun/security/ssl/NamedGroup$FFDHEScheme
instanceKlass sun/security/ssl/NamedGroup$ECDHEScheme
instanceKlass sun/security/ssl/NamedGroup$NamedGroupScheme
instanceKlass sun/security/ssl/SSLCipher$1
instanceKlass sun/security/ssl/SSLCipher$T13CC20P1305WriteCipherGenerator
instanceKlass sun/security/ssl/SSLCipher$T12CC20P1305WriteCipherGenerator
instanceKlass sun/security/ssl/SSLCipher$T13CC20P1305ReadCipherGenerator
instanceKlass sun/security/ssl/SSLCipher$T12CC20P1305ReadCipherGenerator
instanceKlass sun/security/ssl/SSLCipher$T13GcmWriteCipherGenerator
instanceKlass sun/security/ssl/SSLCipher$T13GcmReadCipherGenerator
instanceKlass sun/security/ssl/SSLCipher$T12GcmWriteCipherGenerator
instanceKlass sun/security/ssl/SSLCipher$T12GcmReadCipherGenerator
instanceKlass com/sun/crypto/provider/AESConstants
instanceKlass javax/crypto/JceSecurityManager$1
instanceKlass java/util/Spliterators$IteratorSpliterator
instanceKlass sun/security/ssl/SSLCipher$T11BlockWriteCipherGenerator
instanceKlass sun/security/ssl/SSLCipher$T11BlockReadCipherGenerator
instanceKlass com/sun/crypto/provider/PKCS5Padding
instanceKlass com/sun/crypto/provider/Padding
instanceKlass com/sun/crypto/provider/FeedbackCipher
instanceKlass com/sun/crypto/provider/SymmetricCipher
instanceKlass com/sun/crypto/provider/DESConstants
instanceKlass com/sun/crypto/provider/CipherCore
instanceKlass sun/security/ssl/SSLCipher$T10BlockWriteCipherGenerator
instanceKlass sun/security/ssl/SSLCipher$T10BlockReadCipherGenerator
instanceKlass javax/crypto/CipherSpi
instanceKlass javax/crypto/ProviderVerifier
instanceKlass javax/crypto/JceSecurity$3
instanceKlass javax/crypto/JceSecurity$2
instanceKlass java/net/spi/URLStreamHandlerProvider
instanceKlass java/net/URL$1
instanceKlass java/net/URL$2
instanceKlass javax/crypto/CryptoPolicyParser$CryptoPermissionEntry
instanceKlass javax/crypto/CryptoPolicyParser$GrantEntry
instanceKlass javax/crypto/CryptoPolicyParser
instanceKlass java/nio/file/Files$1
instanceKlass sun/nio/fs/WindowsFileSystem$2
instanceKlass java/nio/file/PathMatcher
instanceKlass sun/nio/fs/Globs
instanceKlass sun/nio/fs/WindowsFileSystemProvider$1
instanceKlass javax/crypto/JceSecurity$1
instanceKlass javax/crypto/JceSecurity
instanceKlass sun/security/jca/ServiceId
instanceKlass javax/crypto/Cipher$Transform
instanceKlass javax/crypto/Cipher
instanceKlass sun/security/ssl/SSLCipher$StreamWriteCipherGenerator
instanceKlass sun/security/ssl/SSLCipher$StreamReadCipherGenerator
instanceKlass sun/security/ssl/SSLCipher$NullWriteCipherGenerator
instanceKlass sun/security/ssl/SSLCipher$WriteCipherGenerator
instanceKlass sun/security/ssl/SSLCipher$NullReadCipherGenerator
instanceKlass sun/security/ssl/SSLCipher$ReadCipherGenerator
instanceKlass java/time/ZonedDateTime
instanceKlass java/time/chrono/ChronoZonedDateTime
instanceKlass sun/security/util/DisabledAlgorithmConstraints$Constraints$Holder
instanceKlass sun/security/util/DisabledAlgorithmConstraints$1
instanceKlass sun/security/util/DisabledAlgorithmConstraints$Constraint
instanceKlass sun/security/util/DisabledAlgorithmConstraints$Constraints
instanceKlass sun/security/util/AbstractAlgorithmConstraints$1
instanceKlass sun/security/util/AlgorithmDecomposer
instanceKlass sun/security/util/AbstractAlgorithmConstraints
instanceKlass sun/security/ssl/SSLAlgorithmConstraints
instanceKlass java/security/AlgorithmConstraints
instanceKlass javax/net/ssl/SSLContextSpi
instanceKlass nl/altindag/ssl/util/SSLContextUtils
instanceKlass sun/nio/fs/WindowsChannelFactory$2
instanceKlass nl/altindag/ssl/util/internal/StringUtils
instanceKlass java/util/Collections$2
instanceKlass nl/altindag/ssl/trustmanager/CombinableX509TrustManager
instanceKlass sun/security/mscapi/CKeyStore$1
instanceKlass nl/altindag/ssl/util/internal/CollectorsUtils
instanceKlass sun/security/mscapi/CKey$NativeHandles
instanceKlass sun/security/mscapi/CKeyStore$KeyEntry
instanceKlass sun/security/pkcs/ContentInfo
instanceKlass sun/security/pkcs/PKCS7
instanceKlass sun/security/mscapi/CKey
instanceKlass sun/security/util/Length
instanceKlass com/sun/security/sasl/Provider$1
instanceKlass org/jcp/xml/dsig/internal/dom/XMLDSigRI$2
instanceKlass org/jcp/xml/dsig/internal/dom/XMLDSigRI$1
instanceKlass sun/security/jgss/SunProvider$1
instanceKlass sun/security/smartcardio/SunPCSC$1
instanceKlass sun/security/mscapi/SunMSCAPI$2
instanceKlass sun/security/mscapi/SunMSCAPI$1
instanceKlass com/sun/security/sasl/gsskerb/JdkSASL$1
instanceKlass nl/altindag/ssl/util/KeyStoreUtils$1
instanceKlass nl/altindag/ssl/util/KeyStoreUtils
instanceKlass java/util/function/UnaryOperator
instanceKlass nl/altindag/ssl/util/internal/ValidationUtils
instanceKlass nl/altindag/ssl/util/TrustManagerUtils$TrustManagerBuilder
instanceKlass sun/invoke/util/VerifyAccess$1
instanceKlass java/util/Hashtable$Enumerator
instanceKlass sun/security/validator/TrustStoreUtil
instanceKlass sun/security/x509/NetscapeCertTypeExtension$MapEntry
instanceKlass sun/security/x509/RFC822Name
instanceKlass sun/security/x509/DistributionPoint
instanceKlass java/security/cert/PolicyQualifierInfo
instanceKlass sun/security/x509/DNSName
instanceKlass sun/security/x509/URIName
instanceKlass sun/security/x509/GeneralName
instanceKlass sun/security/x509/AccessDescription
instanceKlass sun/security/util/ECUtil
instanceKlass java/security/interfaces/ECPublicKey
instanceKlass java/security/interfaces/ECKey
instanceKlass java/security/PrivateKey
instanceKlass javax/security/auth/Destroyable
instanceKlass java/security/AlgorithmParametersSpi
instanceKlass java/security/AlgorithmParameters
instanceKlass sun/util/logging/PlatformLogger
instanceKlass sun/util/logging/PlatformLogger$ConfigurableBridge$LoggerConfiguration
instanceKlass jdk/internal/logger/BootstrapLogger$RedirectedLoggers
instanceKlass jdk/internal/logger/LazyLoggers$LazyLoggerAccessor
instanceKlass jdk/internal/logger/LazyLoggers$LoggerAccessor
instanceKlass jdk/internal/logger/AbstractLoggerWrapper
instanceKlass sun/util/logging/internal/LoggingProviderImpl$LogManagerAccess
instanceKlass jdk/internal/logger/BootstrapLogger$DetectBackend$1
instanceKlass jdk/internal/logger/BootstrapLogger$DetectBackend
instanceKlass jdk/internal/logger/BootstrapLogger
instanceKlass sun/util/logging/PlatformLogger$ConfigurableBridge
instanceKlass sun/util/logging/PlatformLogger$Bridge
instanceKlass jdk/internal/logger/DefaultLoggerFinder$1
instanceKlass java/lang/System$LoggerFinder
instanceKlass jdk/internal/logger/LazyLoggers$LazyLoggerFactories
instanceKlass jdk/internal/logger/LazyLoggers$1
instanceKlass jdk/internal/logger/LazyLoggers
instanceKlass java/lang/System$Logger
instanceKlass jdk/internal/event/EventHelper
instanceKlass sun/security/jca/JCAUtil
instanceKlass sun/security/util/MemoryCache$CacheEntry
instanceKlass sun/security/x509/X509AttributeName
instanceKlass sun/security/x509/CertificatePolicyId
instanceKlass sun/security/x509/PolicyInformation
instanceKlass sun/security/x509/GeneralNames
instanceKlass sun/security/x509/KeyIdentifier
instanceKlass sun/security/x509/OIDMap$OIDInfo
instanceKlass sun/security/x509/PKIXExtensions
instanceKlass sun/security/x509/OIDMap
instanceKlass sun/security/x509/Extension
instanceKlass java/security/cert/Extension
instanceKlass sun/security/x509/CertificateExtensions
instanceKlass sun/security/rsa/RSAUtil
instanceKlass java/security/interfaces/RSAPublicKey
instanceKlass java/security/interfaces/RSAKey
instanceKlass java/security/spec/PSSParameterSpec
instanceKlass java/security/spec/RSAPrivateKeySpec
instanceKlass java/security/spec/RSAPublicKeySpec
instanceKlass java/security/KeyFactorySpi
instanceKlass sun/security/jca/ProviderList$ServiceList$1
instanceKlass java/security/KeyFactory
instanceKlass java/security/spec/EncodedKeySpec$1
instanceKlass jdk/internal/access/JavaSecuritySpecAccess
instanceKlass java/security/spec/EncodedKeySpec
instanceKlass java/security/spec/KeySpec
instanceKlass sun/security/util/BitArray
instanceKlass sun/security/x509/X509Key
instanceKlass java/security/PublicKey
instanceKlass sun/security/x509/CertificateX509Key
instanceKlass sun/util/calendar/CalendarUtils
instanceKlass sun/util/calendar/CalendarDate
instanceKlass sun/security/x509/CertificateValidity
instanceKlass sun/security/x509/AVA
instanceKlass sun/security/x509/RDN
instanceKlass javax/security/auth/x500/X500Principal
instanceKlass sun/security/x509/X500Name$1
instanceKlass sun/security/x509/X500Name
instanceKlass sun/security/x509/GeneralNameInterface
instanceKlass sun/security/x509/CertificateAlgorithmId
instanceKlass sun/security/x509/SerialNumber
instanceKlass sun/security/x509/CertificateSerialNumber
instanceKlass sun/security/x509/CertificateVersion
instanceKlass sun/security/x509/X509CertInfo
instanceKlass sun/security/x509/CertAttrSet
instanceKlass sun/security/x509/AlgorithmId
instanceKlass sun/security/util/Cache$EqualByteArray
instanceKlass sun/security/util/IOUtils
instanceKlass sun/security/util/Cache
instanceKlass java/security/cert/CertificateFactorySpi
instanceKlass java/security/cert/CertificateFactory
instanceKlass sun/security/provider/JavaKeyStore$TrustedCertEntry
instanceKlass sun/security/util/DerInputStream
instanceKlass sun/security/util/DerValue
instanceKlass sun/security/action/OpenFileInputStreamAction
instanceKlass java/security/KeyStoreSpi
instanceKlass sun/security/ssl/SSLLogger
instanceKlass java/security/KeyStore$1
instanceKlass java/security/KeyStore
instanceKlass sun/security/ssl/TrustStoreManager$TrustStoreDescriptor$1
instanceKlass sun/security/util/FilePaths
instanceKlass sun/security/ssl/TrustStoreManager$TrustStoreDescriptor
instanceKlass sun/security/ssl/TrustStoreManager$TrustAnchorManager
instanceKlass sun/security/ssl/TrustStoreManager
instanceKlass java/security/spec/ECFieldF2m
instanceKlass sun/security/util/ObjectIdentifier
instanceKlass sun/security/util/ByteArrayTagOrder
instanceKlass sun/security/util/ByteArrayLexOrder
instanceKlass sun/security/util/DerEncoder
instanceKlass java/security/spec/ECParameterSpec
instanceKlass java/security/spec/ECPoint
instanceKlass java/security/spec/EllipticCurve
instanceKlass java/security/spec/ECFieldFp
instanceKlass java/security/spec/ECField
instanceKlass sun/security/util/CurveDB
instanceKlass sun/security/ec/SunEC$1
instanceKlass sun/security/pkcs11/SunPKCS11$Descriptor
instanceKlass javax/security/auth/callback/CallbackHandler
instanceKlass javax/security/auth/Subject
instanceKlass sun/security/jca/ProviderConfig$ProviderLoader
instanceKlass sun/security/jca/ProviderConfig$3
instanceKlass sun/security/rsa/SunRsaSignEntries
instanceKlass javax/net/ssl/TrustManagerFactorySpi
instanceKlass javax/net/ssl/TrustManagerFactory$1
instanceKlass javax/net/ssl/X509ExtendedTrustManager
instanceKlass javax/net/ssl/TrustManagerFactory
instanceKlass nl/altindag/ssl/util/TrustManagerUtils
instanceKlass javax/net/ssl/SSLParameters
instanceKlass nl/altindag/ssl/hostnameverifier/FenixHostnameVerifier
instanceKlass javax/net/ssl/HostnameVerifier
instanceKlass nl/altindag/ssl/util/HostnameVerifierUtils
instanceKlass javax/net/ssl/ManagerFactoryParameters
instanceKlass java/security/cert/X509Extension
instanceKlass javax/net/ssl/SSLContext
instanceKlass javax/net/ssl/X509KeyManager
instanceKlass javax/net/ssl/KeyManager
instanceKlass javax/net/ssl/X509TrustManager
instanceKlass javax/net/ssl/TrustManager
instanceKlass nl/altindag/ssl/SSLFactory$Builder
instanceKlass org/sonar/scanner/http/ssl/CertificateStore
instanceKlass sun/nio/fs/WindowsPath$1
instanceKlass org/sonarqube/ws/client/HttpConnector$Builder
instanceKlass org/sonarqube/ws/client/BaseRequest
instanceKlass okhttp3/RequestBody
instanceKlass org/sonarqube/ws/client/HttpConnector
instanceKlass java/lang/Character$Subset
instanceKlass org/apache/commons/lang3/StringUtils
instanceKlass org/springframework/core/annotation/AnnotatedElementUtils$AnnotatedElementForAnnotations
instanceKlass org/springframework/core/SerializableTypeWrapper$SerializableTypeProxy
instanceKlass org/springframework/beans/factory/support/ConstructorResolver$ArgumentsHolder
instanceKlass java/beans/ConstructorProperties
instanceKlass org/springframework/beans/factory/support/ConstructorResolver$ConstructorPropertiesChecker
instanceKlass org/springframework/beans/factory/support/AutowireUtils
instanceKlass org/springframework/beans/factory/support/BeanDefinitionValueResolver
instanceKlass org/springframework/beans/factory/config/ConstructorArgumentValues
instanceKlass org/springframework/beans/factory/support/ConstructorResolver
instanceKlass org/springframework/beans/factory/annotation/Lookup
instanceKlass org/springframework/context/weaving/LoadTimeWeaverAware
instanceKlass org/springframework/context/event/AbstractApplicationEventMulticaster$DefaultListenerRetriever
instanceKlass org/springframework/context/event/GenericApplicationListener
instanceKlass org/springframework/context/event/SmartApplicationListener
instanceKlass org/springframework/context/event/AbstractApplicationEventMulticaster
instanceKlass org/springframework/context/support/MessageSourceSupport
instanceKlass org/springframework/context/HierarchicalMessageSource
instanceKlass org/springframework/util/ReflectionUtils$FieldCallback
instanceKlass org/springframework/beans/factory/annotation/InjectionMetadata
instanceKlass org/springframework/jndi/JndiTemplate
instanceKlass org/springframework/jndi/JndiAccessor
instanceKlass javax/annotation/PreDestroy
instanceKlass javax/annotation/PostConstruct
instanceKlass javax/naming/InitialContext
instanceKlass javax/naming/Context
instanceKlass org/springframework/beans/factory/annotation/InitDestroyAnnotationBeanPostProcessor$LifecycleMetadata
instanceKlass javax/inject/Inject
instanceKlass org/springframework/beans/factory/annotation/Autowired
instanceKlass org/springframework/beans/factory/support/MethodOverride
instanceKlass org/springframework/context/support/PostProcessorRegistrationDelegate$BeanPostProcessorChecker
instanceKlass java/lang/StrictMath
instanceKlass org/springframework/context/annotation/ImportAware
instanceKlass org/springframework/context/annotation/ConfigurationClassEnhancer$EnhancedConfiguration
instanceKlass org/springframework/beans/MutablePropertyValues
instanceKlass org/springframework/context/expression/CachedExpressionEvaluator
instanceKlass org/springframework/context/annotation/ConfigurationClassPostProcessor$ImportAwareBeanPostProcessor
instanceKlass org/springframework/core/SerializableTypeWrapper
instanceKlass org/springframework/core/ResolvableType$DefaultVariableResolver
instanceKlass org/springframework/core/SerializableTypeWrapper$MethodParameterTypeProvider
instanceKlass org/springframework/core/MethodParameter
instanceKlass org/springframework/context/annotation/ImportBeanDefinitionRegistrar
instanceKlass org/springframework/beans/factory/annotation/RequiredAnnotationBeanPostProcessor
instanceKlass java/util/RegularEnumSet$EnumSetIterator
instanceKlass org/springframework/core/annotation/ValueExtractor
instanceKlass java/lang/Deprecated
instanceKlass org/springframework/context/annotation/ConfigurationClassBeanDefinitionReader$TrackedConditionEvaluator
instanceKlass org/springframework/context/annotation/ConfigurationClassBeanDefinitionReader
instanceKlass org/springframework/context/annotation/ConfigurationClassParser$DeferredImportSelectorGroupingHandler
instanceKlass org/springframework/context/annotation/ConfigurationMethod
instanceKlass org/springframework/core/type/StandardMethodMetadata
instanceKlass org/springframework/core/type/MethodMetadata
instanceKlass org/springframework/context/annotation/ComponentScans
instanceKlass org/springframework/context/annotation/PropertySource
instanceKlass org/springframework/context/annotation/PropertySources
instanceKlass org/springframework/core/io/AbstractResource
instanceKlass org/springframework/context/annotation/ConfigurationClass
instanceKlass org/springframework/context/annotation/ComponentScanAnnotationParser
instanceKlass org/springframework/context/annotation/ConfigurationClassParser$SourceClass
instanceKlass org/springframework/context/annotation/ConfigurationClassParser$DeferredImportSelectorHandler
instanceKlass org/springframework/util/MultiValueMapAdapter
instanceKlass org/springframework/context/annotation/ConfigurationClassParser$DeferredImportSelectorHolder
instanceKlass org/springframework/core/io/support/DefaultPropertySourceFactory
instanceKlass org/springframework/beans/factory/parsing/Problem
instanceKlass org/springframework/context/annotation/ImportRegistry
instanceKlass org/springframework/core/io/support/PropertySourceFactory
instanceKlass org/springframework/context/annotation/ConfigurationClassParser
instanceKlass com/google/protobuf/AbstractMessageLite
instanceKlass com/google/protobuf/Message
instanceKlass com/google/protobuf/MessageLite
instanceKlass org/sonarqube/ws/NewCodePeriods$ShowWSResponseOrBuilder
instanceKlass com/google/protobuf/MessageOrBuilder
instanceKlass com/google/protobuf/MessageLiteOrBuilder
instanceKlass org/sonar/core/extension/CoreExtension$Context
instanceKlass org/sonar/core/extension/CoreExtension
instanceKlass org/sonar/scanner/bootstrap/ScannerPluginInstaller$Loaded
instanceKlass org/sonar/scanner/bootstrap/ScannerPluginInstaller$InstallResult
instanceKlass okhttp3/Response
instanceKlass okhttp3/OkHttpClient
instanceKlass okhttp3/WebSocket$Factory
instanceKlass okhttp3/Call$Factory
instanceKlass org/sonar/scanner/repository/MetricsRepository
instanceKlass org/sonarqube/ws/client/WsResponse
instanceKlass org/sonar/scanner/bootstrap/ScannerPluginInstaller$InstalledPlugin
instanceKlass org/sonarqube/ws/client/WsRequest
instanceKlass nl/altindag/ssl/SSLFactory
instanceKlass org/sonar/scanner/http/ssl/SslConfig
instanceKlass org/sonar/scanner/http/DefaultScannerWsClient
instanceKlass org/sonar/scanner/http/ScannerWsClient
instanceKlass org/sonar/scanner/bootstrap/SonarUserHome
instanceKlass org/sonar/scanner/config/DefaultConfiguration
instanceKlass org/sonar/api/config/Configuration
instanceKlass org/springframework/core/annotation/Order
instanceKlass org/springframework/beans/BeanMetadataAttribute
instanceKlass org/sonar/scanner/bootstrap/GlobalServerSettings
instanceKlass org/sonar/scanner/bootstrap/ExtensionMatcher
instanceKlass java/nio/channels/FileLock
instanceKlass org/sonar/core/platform/PluginClassLoaderDef
instanceKlass org/sonar/classloader/Mask
instanceKlass org/sonar/classloader/ClassloaderBuilder
instanceKlass org/sonar/core/platform/PluginInfo
instanceKlass org/sonar/scanner/bootstrap/ScannerPlugin
instanceKlass org/sonar/core/platform/ExplodedPlugin
instanceKlass org/sonar/api/Plugin
instanceKlass javax/annotation/meta/TypeQualifier
instanceKlass javax/annotation/CheckForNull
instanceKlass org/springframework/core/BridgeMethodResolver
instanceKlass org/springframework/core/annotation/AnnotatedElementUtils
instanceKlass javax/annotation/Nonnull
instanceKlass org/springframework/lang/Nullable
instanceKlass org/springframework/core/annotation/AnnotationUtils
instanceKlass org/springframework/context/annotation/Bean
instanceKlass org/springframework/context/annotation/Configuration
instanceKlass org/springframework/aop/framework/AopInfrastructureBean
instanceKlass org/springframework/context/annotation/ImportResource
instanceKlass org/springframework/context/annotation/Import
instanceKlass org/springframework/context/annotation/ComponentScan
instanceKlass org/springframework/core/Conventions
instanceKlass org/springframework/context/annotation/ConfigurationClassUtils
instanceKlass org/springframework/beans/factory/support/DisposableBeanAdapter
instanceKlass org/springframework/beans/factory/InitializingBean
instanceKlass org/springframework/context/ApplicationListener
instanceKlass java/util/EventListener
instanceKlass org/springframework/core/io/WritableResource
instanceKlass org/springframework/core/io/ContextResource
instanceKlass java/beans/PropertyEditorSupport
instanceKlass org/springframework/beans/TypeConverterDelegate
instanceKlass org/springframework/beans/AbstractNestablePropertyAccessor$PropertyHandler
instanceKlass org/springframework/beans/PropertyEditorRegistrySupport
instanceKlass org/springframework/beans/factory/parsing/FailFastProblemReporter
instanceKlass org/springframework/beans/factory/parsing/PassThroughSourceExtractor
instanceKlass java/lang/Short$ShortCache
instanceKlass java/lang/Byte$ByteCache
instanceKlass org/springframework/beans/BeanUtils
instanceKlass org/springframework/beans/factory/parsing/ProblemReporter
instanceKlass org/springframework/beans/factory/parsing/SourceExtractor
instanceKlass org/springframework/beans/factory/support/NullBean
instanceKlass org/springframework/beans/factory/support/AbstractBeanFactory$BeanPostProcessorCache
instanceKlass org/springframework/beans/factory/FactoryBean
instanceKlass org/springframework/util/MultiValueMap
instanceKlass org/springframework/util/CollectionUtils
instanceKlass org/springframework/core/ResolvableType$EmptyType
instanceKlass org/springframework/core/SerializableTypeWrapper$TypeProvider
instanceKlass org/springframework/core/ResolvableType$VariableResolver
instanceKlass org/springframework/core/ResolvableType
instanceKlass org/springframework/context/support/PostProcessorRegistrationDelegate
instanceKlass org/springframework/beans/factory/BeanFactoryUtils
instanceKlass org/springframework/context/support/ApplicationListenerDetector
instanceKlass org/springframework/context/MessageSourceAware
instanceKlass org/springframework/context/ApplicationEventPublisherAware
instanceKlass org/springframework/context/EmbeddedValueResolverAware
instanceKlass org/springframework/beans/factory/config/BeanExpressionContext
instanceKlass org/springframework/beans/factory/config/EmbeddedValueResolver
instanceKlass org/springframework/util/StringValueResolver
instanceKlass org/springframework/context/support/ApplicationContextAwareProcessor
instanceKlass java/beans/PropertyEditor
instanceKlass org/springframework/beans/support/ResourceEditorRegistrar
instanceKlass org/springframework/expression/spel/SpelParserConfiguration
instanceKlass org/springframework/expression/Expression
instanceKlass org/springframework/expression/common/TemplateAwareExpressionParser
instanceKlass org/springframework/context/expression/StandardBeanExpressionResolver$1
instanceKlass org/springframework/expression/EvaluationContext
instanceKlass org/springframework/expression/TypeConverter
instanceKlass org/springframework/expression/TypeLocator
instanceKlass org/springframework/expression/BeanResolver
instanceKlass org/springframework/expression/PropertyAccessor
instanceKlass org/springframework/expression/ExpressionParser
instanceKlass org/springframework/expression/ParserContext
instanceKlass org/springframework/context/expression/StandardBeanExpressionResolver
instanceKlass org/sonarsource/api/sonarlint/SonarLintSide
instanceKlass org/sonar/scanner/bootstrap/RuntimeJavaVersion
instanceKlass org/sonar/scanner/repository/DefaultMetricsRepositoryLoader
instanceKlass org/sonar/scanner/repository/MetricsRepositoryLoader
instanceKlass org/sonar/scanner/repository/DefaultNewCodePeriodLoader
instanceKlass org/sonar/scanner/repository/NewCodePeriodLoader
instanceKlass org/sonar/scanner/repository/settings/AbstractSettingsLoader
instanceKlass org/sonar/scanner/repository/settings/GlobalSettingsLoader
instanceKlass org/sonar/core/extension/CoreExtensionsInstaller
instanceKlass org/sonar/core/extension/CoreExtensionsLoader
instanceKlass org/sonar/core/extension/CoreExtensionRepositoryImpl
instanceKlass org/sonar/core/extension/CoreExtensionRepository
instanceKlass org/sonar/scanner/bootstrap/ScannerPluginInstaller
instanceKlass org/sonar/scanner/bootstrap/PluginInstaller
instanceKlass org/sonar/api/utils/Preconditions
instanceKlass org/sonar/api/internal/SonarRuntimeImpl
instanceKlass org/sonar/api/SonarRuntime
instanceKlass org/sonar/api/utils/UriReader$SchemeProcessor
instanceKlass org/sonar/api/utils/log/Slf4jLogger
instanceKlass org/sonar/api/utils/log/Logger
instanceKlass org/sonar/api/utils/log/Loggers
instanceKlass org/sonar/scanner/repository/MetricsRepositoryProvider
instanceKlass org/sonar/scanner/bootstrap/PluginFiles
instanceKlass org/sonar/api/utils/UriReader
instanceKlass org/sonar/scanner/bootstrap/SonarUserHomeProvider
instanceKlass org/sonar/api/utils/TempFolder
instanceKlass org/sonar/scanner/bootstrap/GlobalTempFolderProvider
instanceKlass org/sonar/core/documentation/DefaultDocumentationLinkGenerator
instanceKlass org/sonar/core/documentation/DocumentationLinkGenerator
instanceKlass org/sonar/api/platform/Server
instanceKlass org/sonarqube/ws/client/WsConnector
instanceKlass java/net/SocketAddress
instanceKlass org/sonar/scanner/http/ScannerWsClientProvider
instanceKlass org/sonar/scanner/bootstrap/GlobalConfigurationProvider
instanceKlass org/sonar/scanner/bootstrap/GlobalServerSettingsProvider
instanceKlass org/sonar/core/platform/SonarQubeVersion
instanceKlass org/sonar/scanner/bootstrap/ExtensionInstaller
instanceKlass org/sonar/core/platform/PluginJarExploder
instanceKlass org/sonar/core/platform/PluginClassloaderFactory
instanceKlass org/sonar/core/platform/PluginClassLoader
instanceKlass org/sonar/scanner/bootstrap/ScannerPluginRepository
instanceKlass org/sonar/api/Startable
instanceKlass org/sonar/core/platform/PluginRepository
instanceKlass org/sonar/scanner/notifications/DefaultAnalysisWarnings
instanceKlass org/sonar/api/notifications/AnalysisWarnings
instanceKlass org/sonar/api/internal/apachecommons/lang/StringUtils
instanceKlass org/sonar/api/utils/Version
instanceKlass java/util/regex/Matcher$ImmutableMatchResult
instanceKlass java/text/DigitList
instanceKlass java/text/FieldPosition
instanceKlass java/lang/StringUTF16$CharsSpliterator
instanceKlass java/util/stream/Sink$ChainedInt
instanceKlass java/util/OptionalInt
instanceKlass java/util/stream/FindOps$FindOp
instanceKlass java/util/stream/Sink$OfInt
instanceKlass java/util/function/IntConsumer
instanceKlass java/util/stream/FindOps$FindSink
instanceKlass java/util/stream/FindOps
instanceKlass java/util/function/IntPredicate
instanceKlass java/util/stream/IntStream
instanceKlass java/lang/StringLatin1$CharsSpliterator
instanceKlass java/text/DecimalFormatSymbols
instanceKlass sun/util/resources/Bundles$2
instanceKlass sun/util/resources/Bundles$CacheKeyReference
instanceKlass java/util/ResourceBundle$ResourceBundleProviderHelper
instanceKlass java/util/LinkedList$Node
instanceKlass sun/util/resources/LocaleData$LocaleDataResourceBundleProvider
instanceKlass java/util/spi/ResourceBundleProvider
instanceKlass sun/util/resources/Bundles$CacheKey
instanceKlass java/util/ResourceBundle$1
instanceKlass jdk/internal/access/JavaUtilResourceBundleAccess
instanceKlass sun/util/resources/Bundles
instanceKlass sun/util/resources/LocaleData$LocaleDataStrategy
instanceKlass sun/util/resources/Bundles$Strategy
instanceKlass sun/util/resources/LocaleData$1
instanceKlass java/util/ResourceBundle
instanceKlass java/util/ResourceBundle$Control
instanceKlass sun/util/resources/LocaleData
instanceKlass sun/util/locale/provider/LocaleResources
instanceKlass java/util/Locale$Builder
instanceKlass sun/util/locale/provider/CalendarDataUtility
instanceKlass java/util/StringTokenizer
instanceKlass sun/util/locale/provider/AvailableLanguageTags
instanceKlass sun/util/resources/cldr/provider/CLDRLocaleDataMetaInfo
instanceKlass java/util/concurrent/CopyOnWriteArrayList$COWIterator
instanceKlass sun/util/locale/InternalLocaleBuilder$CaseInsensitiveChar
instanceKlass sun/util/locale/InternalLocaleBuilder
instanceKlass sun/util/locale/StringTokenIterator
instanceKlass sun/util/locale/ParseStatus
instanceKlass sun/util/locale/LanguageTag
instanceKlass sun/util/cldr/CLDRBaseLocaleDataMetaInfo
instanceKlass sun/util/locale/provider/LocaleDataMetaInfo
instanceKlass sun/util/locale/provider/ResourceBundleBasedAdapter
instanceKlass sun/util/locale/provider/LocaleProviderAdapter$1
instanceKlass sun/util/locale/provider/LocaleProviderAdapter
instanceKlass java/util/spi/LocaleServiceProvider
instanceKlass java/util/Scanner$PatternLRUCache
instanceKlass java/util/Scanner
instanceKlass org/sonar/api/internal/MetadataLoader
instanceKlass org/sonar/scanner/bootstrap/GlobalAnalysisMode
instanceKlass org/sonar/api/config/internal/Base64Cipher
instanceKlass java/security/spec/AlgorithmParameterSpec
instanceKlass java/security/Key
instanceKlass org/sonar/api/config/internal/AesCipher
instanceKlass org/sonar/api/config/internal/Cipher
instanceKlass org/sonar/api/config/internal/Encryption
instanceKlass org/sonar/scanner/bootstrap/ScannerProperties
instanceKlass jdk/internal/misc/ScopedMemoryAccess$Scope
instanceKlass org/sonar/api/ce/ComputeEngineSide
instanceKlass org/sonar/api/server/ServerSide
instanceKlass org/sonar/api/scanner/ScannerSide
instanceKlass java/util/Formattable
instanceKlass java/util/Formatter$FixedString
instanceKlass java/util/Formatter$Flags
instanceKlass java/util/Formatter$FormatSpecifier
instanceKlass java/util/Formatter$FormatString
instanceKlass java/util/Formatter$Conversion
instanceKlass java/util/Formatter
instanceKlass com/google/common/collect/ObjectArrays
instanceKlass com/google/common/collect/Iterables
instanceKlass org/sonar/core/platform/StartableBeanPostProcessor
instanceKlass org/springframework/core/annotation/AliasFor
instanceKlass org/springframework/core/annotation/AnnotationTypeMapping$MirrorSets
instanceKlass org/springframework/core/annotation/AnnotationTypeMapping$MirrorSets$MirrorSet
instanceKlass org/springframework/core/annotation/AnnotationTypeMapping
instanceKlass org/springframework/core/annotation/AnnotationTypeMappings$Cache
instanceKlass org/springframework/core/annotation/AnnotationTypeMappings
instanceKlass org/springframework/util/ConcurrentReferenceHashMap$Entry
instanceKlass org/springframework/util/ConcurrentReferenceHashMap$Entries
instanceKlass org/springframework/util/ReflectionUtils$FieldFilter
instanceKlass org/springframework/util/ReflectionUtils$MethodFilter
instanceKlass org/springframework/util/ReflectionUtils
instanceKlass org/springframework/core/annotation/AttributeMethods
instanceKlass javax/annotation/Priority
instanceKlass org/sonar/api/config/PropertyDefinition
instanceKlass org/sonar/api/Property
instanceKlass java/lang/FunctionalInterface
instanceKlass org/sonar/api/internal/apachecommons/lang/ClassUtils
instanceKlass org/sonar/api/utils/AnnotationUtils
instanceKlass org/sonar/api/Properties
instanceKlass org/springframework/beans/factory/support/BeanDefinitionReaderUtils
instanceKlass org/springframework/context/annotation/Description
instanceKlass org/springframework/context/annotation/Role
instanceKlass org/springframework/context/annotation/DependsOn
instanceKlass org/springframework/context/annotation/Primary
instanceKlass org/springframework/context/annotation/Lazy
instanceKlass org/springframework/core/annotation/AbstractMergedAnnotation
instanceKlass org/springframework/core/annotation/MergedAnnotation
instanceKlass org/springframework/core/annotation/TypeMappedAnnotations$MergedAnnotationFinder
instanceKlass org/springframework/core/annotation/MergedAnnotationSelectors$FirstDirectlyDeclared
instanceKlass org/springframework/core/annotation/MergedAnnotationSelectors$Nearest
instanceKlass org/springframework/core/annotation/MergedAnnotationSelector
instanceKlass org/springframework/core/annotation/MergedAnnotationSelectors
instanceKlass org/springframework/context/annotation/ScopeMetadata
instanceKlass org/springframework/core/annotation/AnnotationsScanner$1
instanceKlass org/springframework/core/annotation/TypeMappedAnnotations$IsPresent
instanceKlass org/springframework/context/annotation/Conditional
instanceKlass org/springframework/core/annotation/AnnotationsScanner
instanceKlass org/springframework/core/annotation/AnnotationsProcessor
instanceKlass org/springframework/core/annotation/TypeMappedAnnotations
instanceKlass org/springframework/core/annotation/AnnotationFilter$2
instanceKlass org/springframework/core/annotation/AnnotationFilter$1
instanceKlass org/springframework/core/annotation/PackagesAnnotationFilter
instanceKlass org/springframework/core/annotation/AnnotationFilter
instanceKlass org/springframework/core/annotation/MergedAnnotations
instanceKlass org/springframework/core/annotation/RepeatableContainers
instanceKlass org/springframework/core/type/StandardClassMetadata
instanceKlass org/springframework/core/type/AnnotationMetadata
instanceKlass org/springframework/core/type/ClassMetadata
instanceKlass org/springframework/beans/factory/config/BeanDefinitionCustomizer
instanceKlass sun/security/provider/AbstractDrbg$NonceProvider
instanceKlass sun/nio/fs/BasicFileAttributesHolder
instanceKlass sun/nio/fs/WindowsDirectoryStream$WindowsDirectoryIterator
instanceKlass sun/nio/fs/WindowsDirectoryStream
instanceKlass java/nio/file/DirectoryStream
instanceKlass java/nio/file/Files$AcceptAllFilter
instanceKlass java/nio/file/DirectoryStream$Filter
instanceKlass java/net/NetworkInterface$1
instanceKlass java/net/DefaultInterface
instanceKlass java/net/Inet6Address$Inet6AddressHolder
instanceKlass java/net/InetAddress$PlatformNameService
instanceKlass java/net/InetAddress$NameService
instanceKlass java/net/Inet6AddressImpl
instanceKlass java/net/InetAddressImpl
instanceKlass java/net/InetAddressImplFactory
instanceKlass java/util/concurrent/ConcurrentSkipListMap$Node
instanceKlass java/util/concurrent/ConcurrentSkipListMap$Index
instanceKlass java/util/concurrent/ConcurrentNavigableMap
instanceKlass java/net/InetAddress$InetAddressHolder
instanceKlass java/net/InetAddress$1
instanceKlass jdk/internal/access/JavaNetInetAddressAccess
instanceKlass java/net/InterfaceAddress
instanceKlass java/net/NetworkInterface
instanceKlass sun/nio/cs/StringUTF16
instanceKlass java/lang/constant/DynamicConstantDesc
instanceKlass java/lang/constant/DirectMethodHandleDesc$1
instanceKlass java/lang/constant/DirectMethodHandleDescImpl$1
instanceKlass java/lang/constant/DirectMethodHandleDescImpl
instanceKlass java/lang/constant/DirectMethodHandleDesc
instanceKlass java/lang/constant/MethodHandleDesc$1
instanceKlass java/lang/constant/MethodHandleDesc
instanceKlass java/lang/constant/MethodTypeDescImpl
instanceKlass java/lang/constant/MethodTypeDesc
instanceKlass java/lang/constant/ReferenceClassDescImpl
instanceKlass java/lang/constant/ConstantUtils
instanceKlass java/lang/constant/ClassDesc
instanceKlass java/lang/constant/ConstantDescs
instanceKlass java/lang/invoke/VarHandle$2
instanceKlass java/lang/invoke/VarHandle$TypesAndInvokers
instanceKlass java/lang/invoke/VarHandle$AccessDescriptor
instanceKlass java/lang/invoke/VarHandleByteArrayBase
instanceKlass java/lang/invoke/MethodHandle$1
instanceKlass sun/security/provider/ByteArrayAccess$BE
instanceKlass sun/security/provider/ByteArrayAccess
instanceKlass java/util/Collections$SynchronizedCollection
instanceKlass java/util/Properties$EntrySet
instanceKlass sun/security/provider/SeedGenerator$1
instanceKlass sun/security/util/MessageDigestSpi2
instanceKlass sun/security/jca/GetInstance$Instance
instanceKlass sun/security/jca/GetInstance
instanceKlass java/security/MessageDigestSpi
instanceKlass sun/security/provider/SeedGenerator
instanceKlass sun/security/provider/AbstractDrbg$SeederHolder
instanceKlass java/security/DrbgParameters$NextBytes
instanceKlass sun/security/provider/EntropySource
instanceKlass sun/security/provider/AbstractDrbg
instanceKlass java/security/DrbgParameters$Instantiation
instanceKlass java/security/DrbgParameters
instanceKlass sun/security/provider/MoreDrbgParameters
instanceKlass java/security/SecureRandomSpi
instanceKlass java/security/SecureRandomParameters
instanceKlass jdk/internal/event/Event
instanceKlass sun/security/util/SecurityProviderConstants
instanceKlass java/security/Provider$UString
instanceKlass java/security/Provider$Service
instanceKlass sun/security/provider/NativePRNG$NonBlocking
instanceKlass sun/security/provider/NativePRNG$Blocking
instanceKlass sun/security/provider/NativePRNG
instanceKlass sun/security/provider/SunEntries$1
instanceKlass sun/security/provider/SunEntries
instanceKlass java/util/AbstractList$Itr
instanceKlass sun/security/jca/ProviderList$2
instanceKlass jdk/internal/math/FloatingDecimal$ASCIIToBinaryBuffer
instanceKlass jdk/internal/math/FloatingDecimal$PreparedASCIIToBinaryBuffer
instanceKlass jdk/internal/math/FloatingDecimal$ASCIIToBinaryConverter
instanceKlass jdk/internal/math/FloatingDecimal$BinaryToASCIIBuffer
instanceKlass jdk/internal/math/FloatingDecimal$ExceptionalBinaryToASCIIBuffer
instanceKlass jdk/internal/math/FloatingDecimal$BinaryToASCIIConverter
instanceKlass jdk/internal/math/FloatingDecimal
instanceKlass java/security/Provider$EngineDescription
instanceKlass java/security/Provider$ServiceKey
instanceKlass sun/security/jca/ProviderConfig
instanceKlass sun/security/jca/ProviderList
instanceKlass sun/security/jca/Providers
instanceKlass java/util/UUID$Holder
instanceKlass org/sonar/core/util/UuidFactory
instanceKlass org/sonar/core/util/Uuids
instanceKlass java/util/regex/IntHashSet
instanceKlass java/util/regex/Matcher
instanceKlass java/util/regex/MatchResult
instanceKlass org/sonar/core/platform/Module
instanceKlass org/springframework/context/index/CandidateComponentsIndex
instanceKlass org/springframework/context/index/CandidateComponentsIndexLoader
instanceKlass org/springframework/core/type/classreading/MetadataReader
instanceKlass org/springframework/core/type/classreading/SimpleMetadataReaderFactory
instanceKlass org/springframework/core/io/support/ResourcePatternUtils
instanceKlass javax/inject/Named
instanceKlass javax/annotation/ManagedBean
instanceKlass org/springframework/stereotype/Indexed
instanceKlass org/springframework/stereotype/Component
instanceKlass org/springframework/core/type/filter/AbstractTypeHierarchyTraversingFilter
instanceKlass org/springframework/core/type/filter/TypeFilter
instanceKlass org/springframework/beans/factory/support/BeanDefinitionDefaults
instanceKlass org/springframework/core/type/classreading/MetadataReaderFactory
instanceKlass org/springframework/context/annotation/ClassPathScanningCandidateComponentProvider
instanceKlass org/springframework/context/event/DefaultEventListenerFactory
instanceKlass org/springframework/context/event/EventListenerFactory
instanceKlass org/springframework/context/event/EventListenerMethodProcessor
instanceKlass org/springframework/context/ApplicationContextAware
instanceKlass org/springframework/beans/factory/SmartInitializingSingleton
instanceKlass org/springframework/beans/factory/annotation/InitDestroyAnnotationBeanPostProcessor
instanceKlass org/springframework/beans/factory/config/DestructionAwareBeanPostProcessor
instanceKlass org/springframework/beans/factory/annotation/AutowiredAnnotationBeanPostProcessor
instanceKlass org/springframework/beans/factory/support/MergedBeanDefinitionPostProcessor
instanceKlass org/springframework/beans/factory/config/SmartInstantiationAwareBeanPostProcessor
instanceKlass org/springframework/beans/factory/config/InstantiationAwareBeanPostProcessor
instanceKlass org/springframework/beans/factory/config/BeanDefinitionHolder
instanceKlass org/springframework/beans/factory/support/MethodOverrides
instanceKlass org/springframework/context/annotation/ConfigurationClassPostProcessor
instanceKlass org/springframework/context/EnvironmentAware
instanceKlass org/springframework/context/ApplicationStartupAware
instanceKlass org/springframework/context/ResourceLoaderAware
instanceKlass org/springframework/core/PriorityOrdered
instanceKlass org/springframework/core/Ordered
instanceKlass org/springframework/beans/factory/support/BeanDefinitionRegistryPostProcessor
instanceKlass javax/inject/Qualifier
instanceKlass org/springframework/beans/factory/annotation/Qualifier
instanceKlass org/springframework/beans/factory/annotation/Value
instanceKlass org/springframework/aop/TargetSource
instanceKlass org/springframework/aop/TargetClassAware
instanceKlass org/springframework/core/OrderComparator
instanceKlass javax/annotation/Resource
instanceKlass org/springframework/context/annotation/AnnotationConfigUtils
instanceKlass org/springframework/context/annotation/ConditionEvaluator$ConditionContextImpl
instanceKlass org/springframework/context/annotation/ConditionContext
instanceKlass org/springframework/context/annotation/ConditionEvaluator
instanceKlass org/springframework/context/annotation/Scope
instanceKlass org/springframework/context/annotation/AnnotationScopeMetadataResolver
instanceKlass org/springframework/context/annotation/AnnotationBeanNameGenerator
instanceKlass org/springframework/core/convert/support/ConfigurableConversionService
instanceKlass org/springframework/core/convert/converter/ConverterRegistry
instanceKlass org/springframework/core/convert/ConversionService
instanceKlass org/springframework/core/env/AbstractPropertyResolver
instanceKlass org/springframework/core/env/MutablePropertySources
instanceKlass org/springframework/core/env/PropertySource
instanceKlass org/springframework/core/env/PropertySources
instanceKlass org/springframework/core/env/AbstractEnvironment
instanceKlass org/springframework/beans/factory/annotation/AnnotatedBeanDefinition
instanceKlass org/springframework/core/type/AnnotatedTypeMetadata
instanceKlass org/springframework/context/annotation/ScopeMetadataResolver
instanceKlass org/springframework/beans/factory/support/BeanNameGenerator
instanceKlass org/springframework/context/annotation/AnnotatedBeanDefinitionReader
instanceKlass org/springframework/util/AntPathMatcher$PathSeparatorPatternCache
instanceKlass org/springframework/util/AntPathMatcher
instanceKlass org/springframework/util/PathMatcher
instanceKlass org/springframework/core/io/support/PathMatchingResourcePatternResolver
instanceKlass org/springframework/util/ObjectUtils
instanceKlass org/springframework/beans/factory/support/SimpleAutowireCandidateResolver
instanceKlass org/springframework/beans/factory/support/SimpleInstantiationStrategy
instanceKlass org/springframework/core/NativeDetector
instanceKlass org/springframework/beans/factory/BeanClassLoaderAware
instanceKlass org/springframework/beans/factory/BeanFactoryAware
instanceKlass org/springframework/beans/factory/BeanNameAware
instanceKlass org/springframework/beans/factory/Aware
instanceKlass org/springframework/asm/ClassVisitor
instanceKlass org/springframework/core/LocalVariableTableParameterNameDiscoverer
instanceKlass org/springframework/core/StandardReflectionParameterNameDiscoverer
instanceKlass kotlin/Metadata
instanceKlass org/springframework/core/KotlinDetector
instanceKlass org/springframework/core/PrioritizedParameterNameDiscoverer
instanceKlass org/springframework/core/metrics/DefaultApplicationStartup$DefaultStartupStep$DefaultTags
instanceKlass org/springframework/core/metrics/StartupStep$Tags
instanceKlass org/springframework/core/metrics/DefaultApplicationStartup$DefaultStartupStep
instanceKlass org/springframework/core/metrics/StartupStep
instanceKlass org/springframework/core/metrics/DefaultApplicationStartup
instanceKlass org/springframework/core/metrics/ApplicationStartup
instanceKlass org/springframework/util/StringUtils
instanceKlass org/apache/commons/logging/impl/SLF4JLocationAwareLog
instanceKlass org/apache/commons/logging/Log
instanceKlass org/apache/commons/logging/LogFactory
instanceKlass javax/inject/Provider
instanceKlass java/util/IdentityHashMap$EntryIterator$Entry
instanceKlass java/util/IdentityHashMap$IdentityHashMapIterator
instanceKlass org/springframework/util/ConcurrentReferenceHashMap$Reference
instanceKlass org/springframework/util/ConcurrentReferenceHashMap$ReferenceManager
instanceKlass org/springframework/util/Assert
instanceKlass org/springframework/util/ConcurrentReferenceHashMap$Task
instanceKlass org/springframework/util/ClassUtils
instanceKlass org/springframework/beans/factory/ObjectProvider
instanceKlass org/springframework/beans/factory/ObjectFactory
instanceKlass org/springframework/core/OrderComparator$OrderSourceProvider
instanceKlass org/springframework/beans/factory/support/AutowireCandidateResolver
instanceKlass org/springframework/core/AttributeAccessorSupport
instanceKlass org/springframework/beans/factory/InjectionPoint
instanceKlass org/springframework/util/ReflectionUtils$MethodCallback
instanceKlass org/springframework/beans/PropertyValues
instanceKlass org/springframework/beans/BeanWrapper
instanceKlass org/springframework/beans/ConfigurablePropertyAccessor
instanceKlass org/springframework/beans/PropertyAccessor
instanceKlass org/springframework/beans/factory/support/InstantiationStrategy
instanceKlass org/springframework/core/ParameterNameDiscoverer
instanceKlass org/springframework/beans/factory/DisposableBean
instanceKlass org/springframework/beans/TypeConverter
instanceKlass org/springframework/beans/PropertyEditorRegistry
instanceKlass org/springframework/core/SpringProperties
instanceKlass org/springframework/context/LifecycleProcessor
instanceKlass org/springframework/context/event/ApplicationEventMulticaster
instanceKlass org/springframework/core/SmartClassLoader
instanceKlass org/springframework/beans/factory/config/BeanPostProcessor
instanceKlass org/springframework/beans/PropertyEditorRegistrar
instanceKlass org/springframework/beans/factory/config/BeanExpressionResolver
instanceKlass org/springframework/core/env/ConfigurableEnvironment
instanceKlass org/springframework/core/env/ConfigurablePropertyResolver
instanceKlass org/springframework/core/ResolvableTypeProvider
instanceKlass java/util/EventObject
instanceKlass org/springframework/core/env/Environment
instanceKlass org/springframework/core/env/PropertyResolver
instanceKlass org/springframework/core/io/Resource
instanceKlass org/springframework/core/io/InputStreamSource
instanceKlass org/springframework/core/io/DefaultResourceLoader
instanceKlass org/springframework/context/ConfigurableApplicationContext
instanceKlass org/springframework/context/Lifecycle
instanceKlass org/springframework/context/annotation/AnnotationConfigRegistry
instanceKlass org/sonar/core/platform/ComponentKeys
instanceKlass org/sonar/api/utils/System2
instanceKlass org/sonar/api/config/PropertyDefinitions
instanceKlass org/springframework/beans/factory/config/BeanDefinition
instanceKlass org/springframework/beans/BeanMetadataElement
instanceKlass org/springframework/core/AttributeAccessor
instanceKlass org/sonar/core/platform/SpringInitStrategy
instanceKlass org/springframework/beans/factory/config/BeanFactoryPostProcessor
instanceKlass org/springframework/context/ApplicationContext
instanceKlass org/springframework/core/io/support/ResourcePatternResolver
instanceKlass org/springframework/core/io/ResourceLoader
instanceKlass org/springframework/context/ApplicationEventPublisher
instanceKlass org/springframework/context/MessageSource
instanceKlass org/springframework/core/env/EnvironmentCapable
instanceKlass org/springframework/core/SimpleAliasRegistry
instanceKlass org/springframework/beans/factory/support/BeanDefinitionRegistry
instanceKlass org/springframework/core/AliasRegistry
instanceKlass org/springframework/beans/factory/config/ConfigurableListableBeanFactory
instanceKlass org/springframework/beans/factory/config/ConfigurableBeanFactory
instanceKlass org/springframework/beans/factory/config/SingletonBeanRegistry
instanceKlass org/springframework/beans/factory/HierarchicalBeanFactory
instanceKlass org/springframework/beans/factory/config/AutowireCapableBeanFactory
instanceKlass org/springframework/beans/factory/ListableBeanFactory
instanceKlass org/springframework/beans/factory/BeanFactory
instanceKlass org/sonar/core/platform/SpringComponentContainer
instanceKlass org/sonar/core/platform/StartableContainer
instanceKlass org/sonar/core/platform/ExtensionContainer
instanceKlass org/sonar/core/platform/Container
instanceKlass org/sonar/batch/bootstrapper/EnvironmentInformation
instanceKlass org/sonar/batch/bootstrapper/LoggingConfiguration
instanceKlass java/util/stream/ReduceOps$2ReducingSink
instanceKlass java/lang/ProcessEnvironment$CheckedEntry
instanceKlass java/lang/ProcessEnvironment$CheckedEntrySet$1
instanceKlass java/lang/ProcessEnvironment$EntryComparator
instanceKlass java/lang/ProcessEnvironment$NameComparator
instanceKlass org/sonar/scanner/bootstrap/EnvironmentConfig
instanceKlass jdk/internal/reflect/ClassDefiner$1
instanceKlass jdk/internal/reflect/ClassDefiner
instanceKlass jdk/internal/reflect/MethodAccessorGenerator$1
instanceKlass jdk/internal/reflect/Label$PatchInfo
instanceKlass jdk/internal/reflect/Label
instanceKlass jdk/internal/reflect/UTF8
instanceKlass jdk/internal/reflect/ClassFileAssembler
instanceKlass jdk/internal/reflect/ByteVectorImpl
instanceKlass jdk/internal/reflect/ByteVector
instanceKlass jdk/internal/reflect/ByteVectorFactory
instanceKlass jdk/internal/reflect/AccessorGenerator
instanceKlass jdk/internal/reflect/ClassFileConstants
instanceKlass jdk/internal/reflect/UnsafeFieldAccessorFactory
instanceKlass com/google/gson/internal/ConstructorConstructor$13
instanceKlass sun/reflect/misc/ReflectUtil
instanceKlass com/google/gson/internal/Primitives
instanceKlass com/google/gson/internal/$Gson$Preconditions
instanceKlass com/google/gson/internal/$Gson$Types$ParameterizedTypeImpl
instanceKlass java/lang/annotation/Documented
instanceKlass com/google/gson/annotations/SerializedName
instanceKlass sun/reflect/generics/reflectiveObjects/LazyReflectiveObjectGenerator
instanceKlass sun/reflect/generics/tree/TypeVariableSignature
instanceKlass sun/reflect/generics/tree/ClassSignature
instanceKlass sun/reflect/generics/tree/Signature
instanceKlass sun/reflect/generics/tree/FormalTypeParameter
instanceKlass sun/reflect/generics/reflectiveObjects/ParameterizedTypeImpl
instanceKlass org/sonar/scanner/bootstrap/ScannerMain$ScannerProperty
instanceKlass sun/reflect/generics/repository/AbstractRepository
instanceKlass com/google/gson/internal/ConstructorConstructor$9
instanceKlass java/lang/reflect/AnnotatedType
instanceKlass java/lang/reflect/TypeVariable
instanceKlass com/google/gson/internal/reflect/ReflectionHelper$RecordHelper
instanceKlass com/google/gson/internal/reflect/ReflectionHelper
instanceKlass com/google/gson/internal/ReflectionAccessFilterHelper
instanceKlass com/google/gson/annotations/JsonAdapter
instanceKlass com/google/gson/internal/JsonReaderInternalAccess
instanceKlass java/lang/reflect/WildcardType
instanceKlass java/lang/reflect/ParameterizedType
instanceKlass com/google/gson/internal/$Gson$Types
instanceKlass com/google/gson/reflect/TypeToken
instanceKlass org/sonar/scanner/bootstrap/ScannerMain$Input
instanceKlass com/google/gson/internal/bind/ReflectiveTypeAdapterFactory$BoundField
instanceKlass com/google/gson/internal/bind/ReflectiveTypeAdapterFactory
instanceKlass com/google/gson/internal/bind/JsonAdapterAnnotationTypeAdapterFactory
instanceKlass com/google/gson/internal/bind/MapTypeAdapterFactory
instanceKlass com/google/gson/internal/bind/CollectionTypeAdapterFactory
instanceKlass com/google/gson/internal/bind/ArrayTypeAdapter$1
instanceKlass com/google/gson/internal/sql/SqlTimestampTypeAdapter$1
instanceKlass com/google/gson/internal/sql/SqlTimeTypeAdapter$1
instanceKlass com/google/gson/internal/sql/SqlDateTypeAdapter$1
instanceKlass java/text/Format
instanceKlass sun/util/calendar/CalendarSystem$GregorianHolder
instanceKlass sun/util/calendar/CalendarSystem
instanceKlass java/util/Date
instanceKlass jdk/internal/module/ModulePatcher$PatchedModuleReader
instanceKlass com/google/gson/internal/bind/DefaultDateTypeAdapter$DateType
instanceKlass com/google/gson/internal/sql/SqlTypesSupport
instanceKlass com/google/gson/internal/bind/DateTypeAdapter$1
instanceKlass java/util/concurrent/atomic/AtomicLongArray
instanceKlass com/google/gson/internal/bind/NumberTypeAdapter$1
instanceKlass com/google/gson/internal/bind/ObjectTypeAdapter$1
instanceKlass com/google/gson/internal/bind/TypeAdapters$29
instanceKlass com/google/gson/internal/bind/TypeAdapters$33
instanceKlass java/util/Calendar
instanceKlass java/util/Currency
instanceKlass java/util/UUID
instanceKlass com/google/gson/internal/bind/TypeAdapters$34
instanceKlass java/net/InetAddress
instanceKlass java/util/concurrent/atomic/AtomicIntegerArray
instanceKlass com/google/gson/internal/bind/TypeAdapters$32
instanceKlass com/google/gson/internal/bind/TypeAdapters$31
instanceKlass com/google/gson/internal/bind/TypeAdapters
instanceKlass com/google/gson/internal/ObjectConstructor
instanceKlass com/google/gson/internal/ConstructorConstructor
instanceKlass com/google/gson/internal/Excluder
instanceKlass com/google/gson/stream/JsonWriter
instanceKlass com/google/gson/TypeAdapterFactory
instanceKlass com/google/gson/TypeAdapter
instanceKlass com/google/gson/JsonElement
instanceKlass com/google/gson/stream/JsonReader
instanceKlass com/google/gson/ToNumberStrategy
instanceKlass com/google/gson/FieldNamingStrategy
instanceKlass com/google/gson/Gson
instanceKlass org/slf4j/event/DefaultLoggingEvent
instanceKlass org/slf4j/spi/DefaultLoggingEventBuilder
instanceKlass org/slf4j/spi/CallerBoundaryAware
instanceKlass ch/qos/logback/core/CoreConstants
instanceKlass org/apache/commons/lang3/Validate
instanceKlass java/util/Random
instanceKlass java/util/random/RandomGenerator
instanceKlass org/apache/commons/lang3/ArrayUtils
instanceKlass org/apache/commons/lang3/Range
instanceKlass java/util/stream/ForEachOps$ForEachOp
instanceKlass java/util/stream/ForEachOps
instanceKlass java/util/HashMap$HashMapSpliterator
instanceKlass java/util/Collections$UnmodifiableMap$UnmodifiableEntrySet$UnmodifiableEntrySetSpliterator
instanceKlass org/apache/commons/text/translate/EntityArrays
instanceKlass java/util/Collections$UnmodifiableMap$UnmodifiableEntrySet$UnmodifiableEntry
instanceKlass java/util/Collections$UnmodifiableMap$UnmodifiableEntrySet$1
instanceKlass java/util/BitSet
instanceKlass org/apache/commons/text/translate/CharSequenceTranslator
instanceKlass org/apache/commons/text/StringEscapeUtils
instanceKlass ch/qos/logback/classic/spi/EventArgUtil
instanceKlass java/time/Instant
instanceKlass java/time/Clock
instanceKlass java/time/InstantSource
instanceKlass ch/qos/logback/classic/spi/IThrowableProxy
instanceKlass ch/qos/logback/classic/spi/LoggingEvent
instanceKlass ch/qos/logback/classic/util/LogbackMDCAdapter
instanceKlass java/util/concurrent/atomic/AtomicReference
instanceKlass ch/qos/logback/core/util/CachingDateFormatter$CacheTuple
instanceKlass java/time/Period
instanceKlass java/time/chrono/ChronoPeriod
instanceKlass java/time/format/DateTimeFormatterBuilder$TextPrinterParser
instanceKlass java/time/format/DateTimeTextProvider$1
instanceKlass java/time/format/DateTimeTextProvider
instanceKlass java/util/AbstractMap$SimpleImmutableEntry
instanceKlass java/time/format/DateTimeTextProvider$LocaleStore
instanceKlass java/time/format/DateTimeFormatterBuilder$InstantPrinterParser
instanceKlass java/time/format/DateTimeFormatterBuilder$StringLiteralPrinterParser
instanceKlass java/time/format/DateTimeFormatterBuilder$ZoneIdPrinterParser
instanceKlass java/time/format/DateTimeFormatterBuilder$OffsetIdPrinterParser
instanceKlass java/time/format/DecimalStyle
instanceKlass java/time/format/DateTimeFormatterBuilder$CompositePrinterParser
instanceKlass java/time/chrono/AbstractChronology
instanceKlass java/time/chrono/Chronology
instanceKlass java/time/format/DateTimeFormatterBuilder$CharLiteralPrinterParser
instanceKlass java/time/format/DateTimeFormatterBuilder$NumberPrinterParser
instanceKlass java/time/format/DateTimeFormatterBuilder$DateTimePrinterParser
instanceKlass java/time/temporal/JulianFields
instanceKlass java/time/temporal/IsoFields
instanceKlass java/lang/Character$CharacterCache
instanceKlass java/time/temporal/TemporalQuery
instanceKlass java/time/format/DateTimeFormatterBuilder
instanceKlass java/time/format/DateTimeFormatter
instanceKlass java/time/LocalDate
instanceKlass java/time/chrono/ChronoLocalDate
instanceKlass java/time/zone/ZoneOffsetTransition
instanceKlass java/time/temporal/ValueRange
instanceKlass java/time/Duration
instanceKlass java/time/temporal/TemporalAmount
instanceKlass java/time/temporal/TemporalUnit
instanceKlass java/time/temporal/TemporalField
instanceKlass java/time/LocalTime
instanceKlass java/time/LocalDateTime
instanceKlass java/time/chrono/ChronoLocalDateTime
instanceKlass java/time/temporal/TemporalAdjuster
instanceKlass java/time/temporal/Temporal
instanceKlass java/time/zone/ZoneOffsetTransitionRule
instanceKlass java/time/zone/ZoneRules
instanceKlass java/time/zone/Ser
instanceKlass java/io/Externalizable
instanceKlass java/time/zone/ZoneRulesProvider$1
instanceKlass java/time/zone/ZoneRulesProvider
instanceKlass sun/util/calendar/ZoneInfoFile$ZoneOffsetTransitionRule
instanceKlass sun/util/calendar/ZoneInfoFile$1
instanceKlass sun/util/calendar/ZoneInfoFile
instanceKlass java/util/TimeZone
instanceKlass java/time/ZoneId
instanceKlass ch/qos/logback/core/util/CachingDateFormatter
instanceKlass ch/qos/logback/core/util/StatusPrinter
instanceKlass ch/qos/logback/core/status/StatusUtil
instanceKlass ch/qos/logback/classic/util/LoggerNameUtil
instanceKlass ch/qos/logback/core/spi/AppenderAttachableImpl
instanceKlass ch/qos/logback/core/joran/spi/NoAutoStart
instanceKlass ch/qos/logback/core/joran/spi/NoAutoStartUtil
instanceKlass ch/qos/logback/core/pattern/Converter
instanceKlass ch/qos/logback/core/model/processor/ImplicitModelHandler$1
instanceKlass java/util/Spliterators$ArraySpliterator
instanceKlass ch/qos/logback/core/joran/util/StringToObjectConverter
instanceKlass ch/qos/logback/core/util/StringUtil
instanceKlass ch/qos/logback/core/joran/util/beans/BeanDescription
instanceKlass ch/qos/logback/core/joran/util/beans/BeanUtil
instanceKlass java/lang/invoke/VarForm
instanceKlass java/lang/invoke/VarHandleGuards
instanceKlass jdk/internal/util/Preconditions$1
instanceKlass java/lang/invoke/VarHandle$1
instanceKlass java/lang/invoke/VarHandles
instanceKlass java/util/concurrent/atomic/AtomicBoolean
instanceKlass ch/qos/logback/core/util/COWArrayList
instanceKlass ch/qos/logback/core/spi/FilterAttachableImpl
instanceKlass ch/qos/logback/core/model/processor/DefaultProcessor$TraverseMethod
instanceKlass ch/qos/logback/core/model/processor/DependencyDefinition
instanceKlass ch/qos/logback/core/subst/NodeToStringTransformer$1
instanceKlass ch/qos/logback/core/subst/Node
instanceKlass ch/qos/logback/core/subst/Parser$1
instanceKlass ch/qos/logback/core/subst/Parser
instanceKlass ch/qos/logback/core/subst/Token
instanceKlass ch/qos/logback/core/subst/Tokenizer
instanceKlass ch/qos/logback/core/subst/NodeToStringTransformer
instanceKlass java/util/regex/Pattern$TreeInfo
instanceKlass java/util/regex/ASCII
instanceKlass java/util/regex/CharPredicates
instanceKlass java/util/regex/Pattern$BitClass
instanceKlass java/util/regex/Pattern$BmpCharPredicate
instanceKlass java/util/regex/Pattern$CharPredicate
instanceKlass java/util/regex/Pattern$Node
instanceKlass java/util/regex/Pattern
instanceKlass ch/qos/logback/core/util/Duration
instanceKlass ch/qos/logback/core/model/processor/ChainedModelFilter$1
instanceKlass ch/qos/logback/core/model/processor/AllowAllModelFilter
instanceKlass ch/qos/logback/core/model/processor/DenyAllModelFilter
instanceKlass java/lang/reflect/Proxy$ProxyBuilder$1
instanceKlass jdk/internal/org/objectweb/asm/Edge
instanceKlass java/lang/reflect/ProxyGenerator$PrimitiveTypeInfo
instanceKlass java/util/StringJoiner
instanceKlass java/lang/reflect/ProxyGenerator$ProxyMethod
instanceKlass java/lang/WeakPairMap$Pair$Lookup
instanceKlass java/lang/WeakPairMap$Pair
instanceKlass java/lang/WeakPairMap
instanceKlass java/lang/Module$ReflectionData
instanceKlass jdk/internal/module/Checks
instanceKlass java/lang/module/ModuleDescriptor$Builder
instanceKlass java/lang/PublicMethods
instanceKlass java/util/Collections$1
instanceKlass java/lang/reflect/Proxy$ProxyBuilder
instanceKlass java/lang/ClassValue$Version
instanceKlass java/lang/ClassValue$Identity
instanceKlass java/lang/ClassValue
instanceKlass java/lang/reflect/Proxy
instanceKlass sun/reflect/annotation/AnnotationInvocationHandler
instanceKlass java/lang/reflect/InvocationHandler
instanceKlass sun/reflect/annotation/AnnotationParser$1
instanceKlass java/lang/annotation/Target
instanceKlass java/lang/annotation/Inherited
instanceKlass java/lang/annotation/Retention
instanceKlass sun/reflect/annotation/ExceptionProxy
instanceKlass sun/reflect/annotation/AnnotationType$1
instanceKlass sun/reflect/annotation/AnnotationType
instanceKlass java/lang/reflect/GenericArrayType
instanceKlass sun/reflect/generics/visitor/Reifier
instanceKlass sun/reflect/generics/visitor/TypeTreeVisitor
instanceKlass sun/reflect/generics/factory/CoreReflectionFactory
instanceKlass sun/reflect/generics/factory/GenericsFactory
instanceKlass sun/reflect/generics/scope/AbstractScope
instanceKlass sun/reflect/generics/scope/Scope
instanceKlass sun/reflect/generics/tree/ClassTypeSignature
instanceKlass sun/reflect/generics/tree/SimpleClassTypeSignature
instanceKlass sun/reflect/generics/tree/FieldTypeSignature
instanceKlass sun/reflect/generics/tree/BaseType
instanceKlass sun/reflect/generics/tree/TypeSignature
instanceKlass sun/reflect/generics/tree/ReturnType
instanceKlass sun/reflect/generics/tree/TypeArgument
instanceKlass sun/reflect/generics/tree/TypeTree
instanceKlass sun/reflect/generics/tree/Tree
instanceKlass sun/reflect/generics/parser/SignatureParser
instanceKlass ch/qos/logback/core/sift/AppenderFactory
instanceKlass ch/qos/logback/core/joran/action/ImplicitModelData
instanceKlass java/time/temporal/TemporalAccessor
instanceKlass ch/qos/logback/core/hook/ShutdownHook
instanceKlass ch/qos/logback/core/model/processor/AllowModelFilter
instanceKlass ch/qos/logback/core/model/processor/DefaultProcessor$1
instanceKlass java/lang/Class$AnnotationData
instanceKlass ch/qos/logback/core/model/processor/PhaseIndicator
instanceKlass ch/qos/logback/core/model/ModelHandlerFactoryMethod
instanceKlass ch/qos/logback/core/joran/ModelClassToModelHandlerLinkerBase
instanceKlass ch/qos/logback/core/model/processor/ChainedModelFilter
instanceKlass ch/qos/logback/core/model/processor/ModelFilter
instanceKlass ch/qos/logback/core/net/ssl/SSLComponent
instanceKlass ch/qos/logback/core/net/ssl/SSLNestedComponentRegistryRules
instanceKlass ch/qos/logback/core/boolex/EventEvaluator
instanceKlass ch/qos/logback/core/joran/spi/HostClassAndPropertyDouble
instanceKlass ch/qos/logback/core/Appender
instanceKlass ch/qos/logback/core/spi/FilterAttachable
instanceKlass ch/qos/logback/core/net/ssl/SecureRandomFactoryBean
instanceKlass ch/qos/logback/core/net/ssl/TrustManagerFactoryFactoryBean
instanceKlass ch/qos/logback/core/net/ssl/KeyManagerFactoryFactoryBean
instanceKlass ch/qos/logback/core/net/ssl/KeyStoreFactoryBean
instanceKlass ch/qos/logback/core/net/ssl/SSLContextFactoryBean
instanceKlass ch/qos/logback/core/Layout
instanceKlass ch/qos/logback/core/encoder/Encoder
instanceKlass ch/qos/logback/core/joran/util/ParentTag_Tag_Class_Tuple
instanceKlass ch/qos/logback/classic/model/processor/LogbackClassicDefaultNestedComponentRules
instanceKlass ch/qos/logback/core/joran/spi/DefaultNestedComponentRegistry
instanceKlass ch/qos/logback/core/spi/ContextAwarePropertyContainer
instanceKlass java/util/stream/Sink$ChainedReference
instanceKlass java/util/stream/ReduceOps$AccumulatingSink
instanceKlass java/util/stream/TerminalSink
instanceKlass java/util/stream/ReduceOps$Box
instanceKlass java/util/stream/ReduceOps$ReduceOp
instanceKlass java/util/stream/ReduceOps
instanceKlass java/util/function/BinaryOperator
instanceKlass java/util/function/BiConsumer
instanceKlass java/util/stream/Collectors$CollectorImpl
instanceKlass java/util/stream/Collector
instanceKlass java/util/stream/Collectors
instanceKlass ch/qos/logback/core/joran/sanity/Pair
instanceKlass java/util/stream/MatchOps$BooleanTerminalSink
instanceKlass java/util/stream/Sink
instanceKlass java/util/stream/MatchOps$MatchOp
instanceKlass java/util/stream/TerminalOp
instanceKlass java/util/stream/MatchOps
instanceKlass java/util/function/Predicate
instanceKlass java/util/ArrayList$ArrayListSpliterator
instanceKlass ch/qos/logback/core/joran/spi/EventPlayer
instanceKlass ch/qos/logback/core/joran/spi/SaxEventInterpreter
instanceKlass ch/qos/logback/core/model/INamedModel
instanceKlass ch/qos/logback/core/model/Model
instanceKlass org/xml/sax/helpers/AttributesImpl
instanceKlass org/xml/sax/helpers/LocatorImpl
instanceKlass ch/qos/logback/core/joran/event/SaxEvent
instanceKlass com/sun/org/apache/xerces/internal/impl/Constants$ArrayEnumeration
instanceKlass com/sun/org/apache/xerces/internal/impl/Constants
instanceKlass com/sun/org/apache/xerces/internal/impl/dtd/XMLContentSpec
instanceKlass com/sun/org/apache/xerces/internal/impl/dtd/models/ContentModelValidator
instanceKlass com/sun/org/apache/xerces/internal/impl/dtd/DTDGrammar
instanceKlass com/sun/org/apache/xerces/internal/xni/grammars/Grammar
instanceKlass com/sun/org/apache/xerces/internal/impl/validation/EntityState
instanceKlass com/sun/org/apache/xerces/internal/parsers/AbstractSAXParser$LocatorProxy
instanceKlass org/xml/sax/ext/Locator2
instanceKlass org/xml/sax/Locator
instanceKlass com/sun/org/apache/xerces/internal/util/XMLSymbols
instanceKlass com/sun/org/apache/xerces/internal/util/XMLChar
instanceKlass com/sun/xml/internal/stream/Entity
instanceKlass com/sun/xml/internal/stream/util/BufferAllocator
instanceKlass com/sun/xml/internal/stream/util/ThreadLocalBufferAllocator
instanceKlass com/sun/org/apache/xerces/internal/impl/XMLEntityManager$EncodingInfo
instanceKlass com/sun/org/apache/xerces/internal/util/URI
instanceKlass com/sun/org/apache/xerces/internal/utils/XMLLimitAnalyzer
instanceKlass com/sun/org/apache/xerces/internal/xni/parser/XMLInputSource
instanceKlass com/sun/org/apache/xerces/internal/util/ErrorHandlerWrapper
instanceKlass com/sun/org/apache/xerces/internal/xni/parser/XMLErrorHandler
instanceKlass com/sun/org/apache/xerces/internal/impl/ExternalSubsetResolver
instanceKlass com/sun/org/apache/xerces/internal/util/EntityResolverWrapper
instanceKlass org/xml/sax/ext/EntityResolver2
instanceKlass com/sun/org/apache/xerces/internal/parsers/AbstractSAXParser$AttributesProxy
instanceKlass org/xml/sax/ext/Attributes2
instanceKlass org/xml/sax/Attributes
instanceKlass org/xml/sax/AttributeList
instanceKlass com/sun/org/apache/xerces/internal/util/FeatureState
instanceKlass com/sun/org/apache/xerces/internal/util/PropertyState
instanceKlass com/sun/org/apache/xerces/internal/impl/msg/XMLMessageFormatter
instanceKlass com/sun/org/apache/xerces/internal/util/MessageFormatter
instanceKlass com/sun/org/apache/xerces/internal/impl/XMLVersionDetector
instanceKlass com/sun/org/apache/xerces/internal/impl/validation/ValidationManager
instanceKlass com/sun/org/apache/xerces/internal/impl/dv/dtd/NMTOKENDatatypeValidator
instanceKlass com/sun/org/apache/xerces/internal/impl/dv/dtd/NOTATIONDatatypeValidator
instanceKlass com/sun/org/apache/xerces/internal/impl/dv/dtd/ENTITYDatatypeValidator
instanceKlass com/sun/org/apache/xerces/internal/impl/dv/dtd/ListDatatypeValidator
instanceKlass com/sun/org/apache/xerces/internal/impl/dv/dtd/IDREFDatatypeValidator
instanceKlass com/sun/org/apache/xerces/internal/impl/dv/dtd/IDDatatypeValidator
instanceKlass com/sun/org/apache/xerces/internal/impl/dv/dtd/StringDatatypeValidator
instanceKlass com/sun/org/apache/xerces/internal/impl/dv/DatatypeValidator
instanceKlass com/sun/org/apache/xerces/internal/impl/dv/DTDDVFactory
instanceKlass com/sun/org/apache/xerces/internal/impl/dtd/DTDGrammarBucket
instanceKlass com/sun/org/apache/xerces/internal/impl/dtd/XMLAttributeDecl
instanceKlass com/sun/org/apache/xerces/internal/impl/dtd/XMLSimpleType
instanceKlass com/sun/org/apache/xerces/internal/impl/dtd/XMLElementDecl
instanceKlass com/sun/org/apache/xerces/internal/impl/validation/ValidationState
instanceKlass com/sun/org/apache/xerces/internal/impl/dv/ValidationContext
instanceKlass com/sun/org/apache/xerces/internal/impl/dtd/XMLDTDValidator
instanceKlass com/sun/org/apache/xerces/internal/impl/RevalidationHandler
instanceKlass com/sun/org/apache/xerces/internal/impl/dtd/XMLDTDValidatorFilter
instanceKlass com/sun/org/apache/xerces/internal/xni/parser/XMLDocumentFilter
instanceKlass com/sun/org/apache/xerces/internal/impl/dtd/XMLEntityDecl
instanceKlass com/sun/org/apache/xerces/internal/impl/dtd/XMLDTDProcessor
instanceKlass com/sun/org/apache/xerces/internal/xni/parser/XMLDTDContentModelFilter
instanceKlass com/sun/org/apache/xerces/internal/xni/parser/XMLDTDFilter
instanceKlass com/sun/org/apache/xerces/internal/xni/parser/XMLDTDScanner
instanceKlass com/sun/org/apache/xerces/internal/xni/parser/XMLDTDContentModelSource
instanceKlass com/sun/org/apache/xerces/internal/xni/parser/XMLDTDSource
instanceKlass com/sun/org/apache/xerces/internal/xni/grammars/XMLDTDDescription
instanceKlass com/sun/org/apache/xerces/internal/xni/grammars/XMLGrammarDescription
instanceKlass com/sun/org/apache/xerces/internal/impl/XMLDocumentScannerImpl$TrailingMiscDriver
instanceKlass com/sun/org/apache/xerces/internal/impl/XMLDocumentScannerImpl$PrologDriver
instanceKlass com/sun/org/apache/xerces/internal/impl/XMLDocumentScannerImpl$XMLDeclDriver
instanceKlass com/sun/org/apache/xerces/internal/util/NamespaceSupport
instanceKlass com/sun/org/apache/xerces/internal/xni/NamespaceContext
instanceKlass com/sun/org/apache/xerces/internal/util/XMLAttributesImpl$Attribute
instanceKlass com/sun/org/apache/xerces/internal/util/XMLAttributesImpl
instanceKlass com/sun/org/apache/xerces/internal/xni/XMLAttributes
instanceKlass com/sun/org/apache/xerces/internal/impl/XMLDocumentFragmentScannerImpl$FragmentContentDriver
instanceKlass com/sun/org/apache/xerces/internal/impl/XMLDocumentFragmentScannerImpl$Driver
instanceKlass com/sun/org/apache/xerces/internal/impl/XMLDocumentFragmentScannerImpl$ElementStack2
instanceKlass com/sun/org/apache/xerces/internal/xni/QName
instanceKlass com/sun/org/apache/xerces/internal/impl/XMLDocumentFragmentScannerImpl$ElementStack
instanceKlass com/sun/org/apache/xerces/internal/xni/XMLString
instanceKlass com/sun/org/apache/xerces/internal/impl/XMLScanner
instanceKlass com/sun/xml/internal/stream/XMLBufferListener
instanceKlass com/sun/org/apache/xerces/internal/impl/XMLEntityHandler
instanceKlass com/sun/org/apache/xerces/internal/xni/parser/XMLDocumentScanner
instanceKlass com/sun/org/apache/xerces/internal/xni/parser/XMLDocumentSource
instanceKlass com/sun/org/apache/xerces/internal/impl/XMLErrorReporter
instanceKlass com/sun/org/apache/xerces/internal/impl/XMLEntityScanner
instanceKlass com/sun/org/apache/xerces/internal/xni/XMLLocator
instanceKlass com/sun/xml/internal/stream/XMLEntityStorage
instanceKlass com/sun/org/apache/xerces/internal/util/AugmentationsImpl$AugmentationsItemsContainer
instanceKlass com/sun/org/apache/xerces/internal/util/AugmentationsImpl
instanceKlass com/sun/org/apache/xerces/internal/xni/Augmentations
instanceKlass com/sun/org/apache/xerces/internal/util/XMLResourceIdentifierImpl
instanceKlass com/sun/org/apache/xerces/internal/xni/XMLResourceIdentifier
instanceKlass com/sun/org/apache/xerces/internal/impl/XMLEntityManager
instanceKlass com/sun/org/apache/xerces/internal/xni/parser/XMLEntityResolver
instanceKlass com/sun/org/apache/xerces/internal/xni/parser/XMLComponent
instanceKlass com/sun/org/apache/xerces/internal/util/SymbolTable$Entry
instanceKlass com/sun/org/apache/xerces/internal/util/SymbolTable
instanceKlass jdk/xml/internal/JdkConstants
instanceKlass jdk/xml/internal/JdkXmlUtils
instanceKlass com/sun/org/apache/xerces/internal/util/ParserConfigurationSettings
instanceKlass com/sun/org/apache/xerces/internal/parsers/XML11Configurable
instanceKlass com/sun/org/apache/xerces/internal/xni/parser/XMLPullParserConfiguration
instanceKlass com/sun/org/apache/xerces/internal/xni/parser/XMLParserConfiguration
instanceKlass com/sun/org/apache/xerces/internal/xni/parser/XMLComponentManager
instanceKlass com/sun/org/apache/xerces/internal/parsers/XMLParser
instanceKlass com/sun/org/apache/xerces/internal/xni/XMLDTDContentModelHandler
instanceKlass com/sun/org/apache/xerces/internal/xni/XMLDTDHandler
instanceKlass com/sun/org/apache/xerces/internal/xni/XMLDocumentHandler
instanceKlass org/xml/sax/XMLReader
instanceKlass org/xml/sax/Parser
instanceKlass com/sun/org/apache/xerces/internal/utils/XMLSecurityPropertyManager
instanceKlass com/sun/org/apache/xerces/internal/utils/XMLSecurityManager
instanceKlass javax/xml/parsers/SAXParser
instanceKlass com/sun/org/apache/xerces/internal/xs/PSVIProvider
instanceKlass com/sun/org/apache/xerces/internal/jaxp/JAXPConstants
instanceKlass sun/invoke/util/Wrapper$1
instanceKlass java/lang/invoke/InnerClassLambdaMetafactory$1
instanceKlass javax/xml/parsers/FactoryFinder$1
instanceKlass jdk/xml/internal/SecuritySupport
instanceKlass javax/xml/parsers/FactoryFinder
instanceKlass javax/xml/parsers/SAXParserFactory
instanceKlass ch/qos/logback/core/joran/spi/ElementPath
instanceKlass org/xml/sax/helpers/DefaultHandler
instanceKlass org/xml/sax/ErrorHandler
instanceKlass org/xml/sax/ContentHandler
instanceKlass org/xml/sax/DTDHandler
instanceKlass org/xml/sax/EntityResolver
instanceKlass jdk/internal/org/objectweb/asm/ClassReader
instanceKlass java/lang/invoke/LambdaProxyClassArchive
instanceKlass java/lang/invoke/InfoFromMemberName
instanceKlass java/lang/invoke/MethodHandleInfo
instanceKlass jdk/internal/org/objectweb/asm/ConstantDynamic
instanceKlass jdk/internal/org/objectweb/asm/Handle
instanceKlass java/lang/invoke/AbstractValidatingLambdaMetafactory
instanceKlass ch/qos/logback/core/spi/ConfigurationEventListener
instanceKlass java/lang/invoke/LambdaMetafactory
instanceKlass ch/qos/logback/core/spi/ConfigurationEvent
instanceKlass org/xml/sax/InputSource
instanceKlass ch/qos/logback/core/joran/util/ConfigurationWatchListUtil
instanceKlass ch/qos/logback/core/joran/sanity/SanityChecker
instanceKlass ch/qos/logback/core/joran/spi/RuleStore
instanceKlass java/lang/invoke/LambdaFormEditor$1
instanceKlass java/lang/invoke/MethodHandles$1
instanceKlass java/lang/Long$LongCache
instanceKlass ch/qos/logback/core/spi/ContextAwareBase
instanceKlass java/util/TimSort
instanceKlass ch/qos/logback/classic/util/ClassicEnvUtil
instanceKlass ch/qos/logback/core/status/StatusListener
instanceKlass ch/qos/logback/core/util/StatusListenerConfigHelper
instanceKlass java/lang/invoke/MethodHandles$Lookup$ClassDefiner
instanceKlass java/lang/invoke/MethodHandles$Lookup$ClassFile
instanceKlass jdk/internal/org/objectweb/asm/Handler
instanceKlass jdk/internal/org/objectweb/asm/Attribute
instanceKlass jdk/internal/org/objectweb/asm/FieldVisitor
instanceKlass java/lang/invoke/InvokerBytecodeGenerator$ClassData
instanceKlass jdk/internal/org/objectweb/asm/AnnotationVisitor
instanceKlass jdk/internal/org/objectweb/asm/Frame
instanceKlass jdk/internal/org/objectweb/asm/Label
instanceKlass jdk/internal/org/objectweb/asm/Type
instanceKlass jdk/internal/org/objectweb/asm/MethodVisitor
instanceKlass sun/invoke/util/BytecodeDescriptor
instanceKlass jdk/internal/org/objectweb/asm/ByteVector
instanceKlass jdk/internal/org/objectweb/asm/Symbol
instanceKlass jdk/internal/org/objectweb/asm/SymbolTable
instanceKlass jdk/internal/org/objectweb/asm/ClassVisitor
instanceKlass java/lang/invoke/LambdaFormBuffer
instanceKlass java/lang/invoke/LambdaFormEditor$TransformKey
instanceKlass java/lang/invoke/LambdaFormEditor
instanceKlass java/lang/invoke/DirectMethodHandle$2
instanceKlass sun/invoke/empty/Empty
instanceKlass sun/invoke/util/VerifyType
instanceKlass java/lang/invoke/ClassSpecializer$Factory
instanceKlass java/lang/invoke/ClassSpecializer$SpeciesData
instanceKlass java/lang/invoke/ClassSpecializer$1
instanceKlass java/lang/invoke/ClassSpecializer
instanceKlass java/lang/invoke/BootstrapMethodInvoker
instanceKlass java/lang/invoke/Invokers$Holder
instanceKlass java/lang/invoke/DelegatingMethodHandle$Holder
instanceKlass java/lang/invoke/MethodHandleImpl$1
instanceKlass jdk/internal/access/JavaLangInvokeAccess
instanceKlass java/lang/invoke/InvokerBytecodeGenerator$2
instanceKlass java/lang/invoke/InvokerBytecodeGenerator
instanceKlass java/lang/invoke/LambdaForm$Holder
instanceKlass java/lang/invoke/LambdaForm$Name
instanceKlass java/lang/invoke/Invokers
instanceKlass java/lang/invoke/MethodHandleImpl
instanceKlass sun/invoke/util/ValueConversions
instanceKlass java/lang/invoke/DirectMethodHandle$Holder
instanceKlass java/lang/invoke/LambdaForm$NamedFunction
instanceKlass sun/invoke/util/Wrapper$Format
instanceKlass java/lang/invoke/MethodTypeForm
instanceKlass java/lang/invoke/MethodType$ConcurrentWeakInternSet
instanceKlass ch/qos/logback/core/status/StatusBase
instanceKlass ch/qos/logback/core/util/EnvUtil
instanceKlass java/security/PermissionsEnumerator
instanceKlass java/io/FilePermissionCollection$1
instanceKlass java/util/PropertyPermissionCollection$1
instanceKlass java/net/SocketPermissionCollection$1
instanceKlass java/util/function/BiFunction
instanceKlass sun/security/provider/PolicyFile$8
instanceKlass sun/security/provider/PolicyFile$6
instanceKlass sun/security/util/PolicyUtil
instanceKlass sun/security/provider/PolicyFile$4
instanceKlass sun/security/util/SecurityProperties
instanceKlass sun/security/util/FilePermCompat
instanceKlass java/io/FilePermission$1
instanceKlass jdk/internal/access/JavaIOFilePermissionAccess
instanceKlass java/util/Collections$UnmodifiableCollection$1
instanceKlass java/util/ComparableTimSort
instanceKlass java/util/Arrays$LegacyMergeSort
instanceKlass java/net/HostPortrange
instanceKlass java/net/URLPermission$Authority
instanceKlass sun/security/action/GetBooleanAction
instanceKlass sun/security/util/SecurityConstants
instanceKlass sun/security/provider/PolicyFile$PolicyEntry
instanceKlass java/util/Vector$1
instanceKlass sun/security/util/PropertyExpander
instanceKlass sun/security/provider/PolicyParser$PermissionEntry
instanceKlass sun/security/provider/PolicyParser$GrantEntry
instanceKlass sun/nio/ch/IOStatus
instanceKlass java/nio/DirectByteBuffer$Deallocator
instanceKlass sun/nio/ch/Util$BufferCache
instanceKlass sun/nio/ch/Util
instanceKlass sun/nio/ch/NativeThread
instanceKlass java/io/StreamTokenizer
instanceKlass sun/security/provider/PolicyParser
instanceKlass java/nio/channels/Channels
instanceKlass sun/nio/ch/FileChannelImpl$Closer
instanceKlass sun/nio/ch/NativeDispatcher
instanceKlass sun/nio/ch/NativeThreadSet
instanceKlass sun/nio/ch/IOUtil
instanceKlass java/nio/channels/spi/AbstractInterruptibleChannel
instanceKlass java/nio/channels/InterruptibleChannel
instanceKlass java/nio/channels/ScatteringByteChannel
instanceKlass java/nio/channels/GatheringByteChannel
instanceKlass java/nio/channels/SeekableByteChannel
instanceKlass java/nio/channels/ByteChannel
instanceKlass java/nio/channels/WritableByteChannel
instanceKlass java/nio/channels/ReadableByteChannel
instanceKlass java/nio/channels/Channel
instanceKlass sun/nio/fs/WindowsChannelFactory$Flags
instanceKlass sun/nio/fs/WindowsChannelFactory$1
instanceKlass sun/nio/fs/WindowsChannelFactory
instanceKlass sun/nio/fs/WindowsSecurityDescriptor
instanceKlass java/nio/file/attribute/FileAttribute
instanceKlass sun/security/provider/PolicyFile$2
instanceKlass java/security/ProtectionDomain$JavaSecurityAccessImpl$1
instanceKlass jdk/internal/access/JavaSecurityAccess$ProtectionDomainCache
instanceKlass java/util/Collections$SynchronizedMap
instanceKlass sun/security/provider/PolicyFile$PolicyInfo
instanceKlass sun/security/provider/PolicyFile$1
instanceKlass java/security/Security$2
instanceKlass jdk/internal/access/JavaSecurityPropertiesAccess
instanceKlass java/util/concurrent/ConcurrentHashMap$MapEntry
instanceKlass java/io/FileInputStream$1
instanceKlass java/util/Properties$LineReader
instanceKlass java/security/Security$1
instanceKlass java/security/Security
instanceKlass java/security/Policy$1
instanceKlass java/security/Policy$PolicyInfo
instanceKlass java/security/Policy
instanceKlass ch/qos/logback/core/util/Loader$1
instanceKlass ch/qos/logback/core/util/OptionHelper
instanceKlass ch/qos/logback/core/util/Loader
instanceKlass ch/qos/logback/classic/spi/Configurator
instanceKlass ch/qos/logback/core/spi/ContextAwareImpl
instanceKlass ch/qos/logback/classic/util/ContextInitializer$1
instanceKlass ch/qos/logback/core/spi/ContextAware
instanceKlass ch/qos/logback/classic/util/ContextInitializer
instanceKlass ch/qos/logback/classic/Level
instanceKlass ch/qos/logback/classic/spi/ILoggingEvent
instanceKlass ch/qos/logback/core/spi/DeferredProcessingAware
instanceKlass org/slf4j/spi/LoggingEventBuilder
instanceKlass ch/qos/logback/classic/Logger
instanceKlass ch/qos/logback/core/spi/AppenderAttachable
instanceKlass org/slf4j/spi/LoggingEventAware
instanceKlass org/slf4j/spi/LocationAwareLogger
instanceKlass ch/qos/logback/classic/spi/LoggerContextVO
instanceKlass ch/qos/logback/core/spi/LogbackLock
instanceKlass ch/qos/logback/core/helpers/CyclicBuffer
instanceKlass ch/qos/logback/core/BasicStatusManager
instanceKlass java/util/concurrent/ExecutorService
instanceKlass java/util/concurrent/Executor
instanceKlass ch/qos/logback/core/status/Status
instanceKlass ch/qos/logback/core/status/StatusManager
instanceKlass ch/qos/logback/core/ContextBase
instanceKlass ch/qos/logback/core/spi/LifeCycle
instanceKlass java/util/ServiceLoader$ProviderImpl
instanceKlass java/util/ServiceLoader$Provider
instanceKlass ch/qos/logback/core/Context
instanceKlass ch/qos/logback/core/spi/PropertyContainer
instanceKlass java/util/ServiceLoader$1
instanceKlass ch/qos/logback/classic/spi/LogbackServiceProvider
instanceKlass java/util/LinkedHashMap$LinkedHashIterator
instanceKlass java/nio/charset/CoderResult
instanceKlass sun/net/www/MessageHeader
instanceKlass sun/net/www/protocol/jar/JarFileFactory
instanceKlass sun/net/www/protocol/jar/URLJarFile$URLJarFileCloseController
instanceKlass java/net/URLConnection
instanceKlass jdk/internal/loader/URLClassPath$1
instanceKlass java/lang/CompoundEnumeration
instanceKlass jdk/internal/loader/BuiltinClassLoader$1
instanceKlass java/util/Collections$EmptyEnumeration
instanceKlass java/util/Collections$EmptyIterator
instanceKlass jdk/internal/jimage/ImageLocation
instanceKlass jdk/internal/jimage/decompressor/Decompressor
instanceKlass jdk/internal/jimage/ImageStringsReader
instanceKlass jdk/internal/jimage/ImageStrings
instanceKlass jdk/internal/jimage/ImageHeader
instanceKlass jdk/internal/jimage/NativeImageBuffer$1
instanceKlass jdk/internal/jimage/NativeImageBuffer
instanceKlass jdk/internal/jimage/BasicImageReader$1
instanceKlass jdk/internal/jimage/BasicImageReader
instanceKlass jdk/internal/jimage/ImageReader
instanceKlass jdk/internal/jimage/ImageReaderFactory$1
instanceKlass java/nio/file/Paths
instanceKlass jdk/internal/jimage/ImageReaderFactory
instanceKlass jdk/internal/module/SystemModuleFinders$SystemImage
instanceKlass jdk/internal/module/SystemModuleFinders$SystemModuleReader
instanceKlass java/lang/module/ModuleReader
instanceKlass jdk/internal/loader/BuiltinClassLoader$5
instanceKlass jdk/internal/loader/BuiltinClassLoader$2
instanceKlass jdk/internal/module/Resources
instanceKlass java/util/ServiceLoader$3
instanceKlass java/util/ServiceLoader$2
instanceKlass java/util/ServiceLoader$LazyClassPathLookupIterator
instanceKlass java/util/ArrayList$Itr
instanceKlass java/util/Spliterators$1Adapter
instanceKlass java/util/function/Consumer
instanceKlass sun/reflect/annotation/AnnotationParser
instanceKlass java/lang/Class$3
instanceKlass java/util/EnumMap$1
instanceKlass java/util/stream/StreamOpFlag$MaskBuilder
instanceKlass java/util/stream/PipelineHelper
instanceKlass java/util/stream/StreamSupport
instanceKlass java/util/Spliterator$OfDouble
instanceKlass java/util/Spliterator$OfLong
instanceKlass java/util/Spliterator$OfInt
instanceKlass java/util/Spliterator$OfPrimitive
instanceKlass java/util/Spliterator
instanceKlass java/util/Spliterators$EmptySpliterator
instanceKlass java/util/Spliterators
instanceKlass java/util/stream/Stream
instanceKlass java/util/stream/BaseStream
instanceKlass java/util/ServiceLoader$ModuleServicesLookupIterator
instanceKlass java/util/ServiceLoader
instanceKlass org/slf4j/helpers/Util
instanceKlass org/slf4j/helpers/NOPMDCAdapter
instanceKlass org/slf4j/helpers/NOPLoggerFactory
instanceKlass org/slf4j/helpers/NOP_FallbackServiceProvider
instanceKlass org/slf4j/helpers/ThreadLocalMapOfStacks
instanceKlass org/slf4j/helpers/BasicMDCAdapter
instanceKlass org/slf4j/Marker
instanceKlass org/slf4j/helpers/BasicMarkerFactory
instanceKlass java/util/concurrent/LinkedBlockingQueue$Node
instanceKlass java/util/concurrent/locks/AbstractQueuedSynchronizer$ConditionObject
instanceKlass java/util/concurrent/locks/Condition
instanceKlass java/util/concurrent/BlockingQueue
instanceKlass org/slf4j/Logger
instanceKlass org/slf4j/helpers/SubstituteLoggerFactory
instanceKlass org/slf4j/ILoggerFactory
instanceKlass org/slf4j/spi/MDCAdapter
instanceKlass org/slf4j/IMarkerFactory
instanceKlass org/slf4j/helpers/SubstituteServiceProvider
instanceKlass org/slf4j/event/LoggingEvent
instanceKlass org/slf4j/spi/SLF4JServiceProvider
instanceKlass org/slf4j/LoggerFactory
instanceKlass java/lang/Void
instanceKlass java/lang/PublicMethods$Key
instanceKlass java/lang/PublicMethods$MethodList
instanceKlass java/io/Reader
instanceKlass java/lang/Readable
instanceKlass org/sonar/scanner/bootstrap/ScannerMain
instanceKlass java/security/SecureClassLoader$DebugHolder
instanceKlass java/security/PermissionCollection
instanceKlass java/security/SecureClassLoader$1
instanceKlass java/security/SecureClassLoader$CodeSourceKey
instanceKlass java/util/zip/Checksum$1
instanceKlass java/util/zip/CRC32
instanceKlass java/util/zip/Checksum
instanceKlass sun/nio/ByteBuffered
instanceKlass java/lang/Package$VersionInfo
instanceKlass java/lang/NamedPackage
instanceKlass jdk/internal/loader/Resource
instanceKlass jdk/internal/util/jar/JarIndex
instanceKlass jdk/internal/loader/FileURLMapper
instanceKlass jdk/internal/loader/URLClassPath$JarLoader$1
instanceKlass jdk/internal/loader/URLClassPath$Loader
instanceKlass jdk/internal/loader/URLClassPath$3
instanceKlass java/security/PrivilegedExceptionAction
instanceKlass sun/net/util/URLUtil
instanceKlass java/io/RandomAccessFile$1
instanceKlass java/util/jar/Attributes$Name
instanceKlass java/util/jar/Attributes
instanceKlass java/security/CodeSigner
instanceKlass java/util/jar/JarVerifier
instanceKlass sun/security/action/GetIntegerAction
instanceKlass sun/security/util/Debug
instanceKlass sun/security/util/SignatureFileVerifier
instanceKlass java/util/zip/ZipFile$InflaterCleanupAction
instanceKlass java/util/zip/Inflater$InflaterZStreamRef
instanceKlass java/util/zip/Inflater
instanceKlass java/util/zip/ZipEntry
instanceKlass java/nio/Bits$1
instanceKlass jdk/internal/misc/VM$BufferPool
instanceKlass java/nio/Bits
instanceKlass sun/nio/ch/DirectBuffer
instanceKlass jdk/internal/perf/PerfCounter$CoreCounters
instanceKlass jdk/internal/perf/Perf
instanceKlass jdk/internal/perf/Perf$GetPerfAction
instanceKlass jdk/internal/perf/PerfCounter
instanceKlass sun/util/locale/LocaleObjectCache
instanceKlass sun/util/locale/BaseLocale$Key
instanceKlass sun/util/locale/LocaleUtils
instanceKlass sun/util/locale/BaseLocale
instanceKlass java/util/Locale
instanceKlass java/nio/file/attribute/FileTime
instanceKlass java/util/TreeMap$PrivateEntryIterator
instanceKlass java/util/TreeMap$Entry
instanceKlass java/util/NavigableMap
instanceKlass java/util/SortedMap
instanceKlass java/util/NavigableSet
instanceKlass java/util/SortedSet
instanceKlass java/util/zip/ZipUtils
instanceKlass java/util/zip/ZipFile$Source$End
instanceKlass java/io/RandomAccessFile$2
instanceKlass jdk/internal/access/JavaIORandomAccessFileAccess
instanceKlass java/io/RandomAccessFile
instanceKlass java/io/DataInput
instanceKlass java/io/DataOutput
instanceKlass sun/nio/fs/WindowsNativeDispatcher$CompletionStatus
instanceKlass sun/nio/fs/WindowsNativeDispatcher$AclInformation
instanceKlass sun/nio/fs/WindowsNativeDispatcher$Account
instanceKlass sun/nio/fs/WindowsNativeDispatcher$DiskFreeSpace
instanceKlass sun/nio/fs/WindowsNativeDispatcher$VolumeInformation
instanceKlass sun/nio/fs/WindowsNativeDispatcher$FirstStream
instanceKlass sun/nio/fs/WindowsNativeDispatcher$FirstFile
instanceKlass java/util/Enumeration
instanceKlass java/util/concurrent/ConcurrentHashMap$Traverser
instanceKlass java/util/concurrent/ConcurrentHashMap$CollectionView
instanceKlass jdk/internal/loader/NativeLibraries$NativeLibraryImpl
instanceKlass jdk/internal/loader/NativeLibrary
instanceKlass java/util/ArrayDeque$DeqIterator
instanceKlass jdk/internal/loader/NativeLibraries$1
instanceKlass jdk/internal/loader/NativeLibraries$LibraryPaths
instanceKlass sun/nio/fs/WindowsNativeDispatcher
instanceKlass sun/nio/fs/NativeBuffer$Deallocator
instanceKlass sun/nio/fs/NativeBuffer
instanceKlass java/lang/ThreadLocal$ThreadLocalMap
instanceKlass sun/nio/fs/NativeBuffers
instanceKlass sun/nio/fs/WindowsFileAttributes
instanceKlass java/nio/file/attribute/DosFileAttributes
instanceKlass sun/nio/fs/AbstractBasicFileAttributeView
instanceKlass sun/nio/fs/DynamicFileAttributeView
instanceKlass sun/nio/fs/WindowsFileAttributeViews
instanceKlass sun/nio/fs/Util
instanceKlass java/nio/file/attribute/BasicFileAttributeView
instanceKlass java/nio/file/attribute/FileAttributeView
instanceKlass java/nio/file/attribute/AttributeView
instanceKlass java/nio/file/Files
instanceKlass java/nio/file/CopyOption
instanceKlass java/nio/file/attribute/BasicFileAttributes
instanceKlass sun/nio/fs/WindowsPath
instanceKlass java/nio/file/Path
instanceKlass java/nio/file/Watchable
instanceKlass java/net/URI$Parser
instanceKlass sun/nio/fs/WindowsPathParser$Result
instanceKlass sun/nio/fs/WindowsPathParser
instanceKlass java/util/Collections$UnmodifiableCollection
instanceKlass java/util/Arrays$ArrayItr
instanceKlass java/nio/file/FileSystem
instanceKlass java/nio/file/OpenOption
instanceKlass java/nio/file/spi/FileSystemProvider
instanceKlass sun/nio/fs/DefaultFileSystemProvider
instanceKlass java/nio/file/FileSystems$DefaultFileSystemHolder$1
instanceKlass java/nio/file/FileSystems$DefaultFileSystemHolder
instanceKlass java/nio/file/FileSystems
instanceKlass java/util/zip/ZipFile$Source$Key
instanceKlass java/util/zip/ZipFile$Source
instanceKlass java/lang/ref/Cleaner$Cleanable
instanceKlass jdk/internal/ref/CleanerImpl
instanceKlass java/lang/ref/Cleaner$1
instanceKlass java/lang/ref/Cleaner
instanceKlass jdk/internal/ref/CleanerFactory$1
instanceKlass java/util/concurrent/ThreadFactory
instanceKlass jdk/internal/ref/CleanerFactory
instanceKlass java/util/zip/ZipCoder
instanceKlass java/util/zip/ZipFile$CleanableResource
instanceKlass java/lang/Runtime$Version
instanceKlass java/util/jar/JavaUtilJarAccessImpl
instanceKlass jdk/internal/access/JavaUtilJarAccess
instanceKlass java/util/zip/ZipFile$1
instanceKlass jdk/internal/access/JavaUtilZipFileAccess
instanceKlass java/util/zip/ZipFile
instanceKlass java/util/zip/ZipConstants
instanceKlass java/lang/StringCoding
instanceKlass sun/nio/cs/ArrayDecoder
instanceKlass java/nio/charset/CharsetDecoder
instanceKlass sun/launcher/LauncherHelper
instanceKlass java/lang/reflect/Array
instanceKlass java/lang/invoke/StringConcatFactory$3
instanceKlass java/lang/invoke/StringConcatFactory$2
instanceKlass java/lang/invoke/StringConcatFactory$1
instanceKlass java/lang/invoke/StringConcatFactory
instanceKlass java/lang/ModuleLayer$Controller
instanceKlass java/util/concurrent/CopyOnWriteArrayList
instanceKlass jdk/internal/module/ServicesCatalog$ServiceProvider
instanceKlass jdk/internal/loader/AbstractClassLoaderValue$Memoizer
instanceKlass java/util/ImmutableCollections$ListItr
instanceKlass java/util/ListIterator
instanceKlass java/lang/ModuleLayer
instanceKlass jdk/internal/module/ModuleLoaderMap$Modules
instanceKlass jdk/internal/module/ModuleLoaderMap$Mapper
instanceKlass java/util/function/Function
instanceKlass jdk/internal/module/ModuleLoaderMap
instanceKlass java/util/AbstractMap$1$1
instanceKlass java/lang/module/ResolvedModule
instanceKlass java/lang/module/Configuration
instanceKlass jdk/internal/loader/BuiltinClassLoader$LoadedModule
instanceKlass jdk/internal/loader/AbstractClassLoaderValue
instanceKlass jdk/internal/module/ServicesCatalog
instanceKlass jdk/internal/util/Preconditions
instanceKlass sun/net/util/IPAddressUtil
instanceKlass java/net/URLStreamHandler
instanceKlass java/util/HexFormat
instanceKlass sun/net/www/ParseUtil
instanceKlass java/net/URL$3
instanceKlass jdk/internal/access/JavaNetURLAccess
instanceKlass java/net/URL$DefaultFactory
instanceKlass java/net/URLStreamHandlerFactory
instanceKlass jdk/internal/loader/URLClassPath
instanceKlass java/security/Principal
instanceKlass java/security/ProtectionDomain$Key
instanceKlass java/security/ProtectionDomain$JavaSecurityAccessImpl
instanceKlass jdk/internal/access/JavaSecurityAccess
instanceKlass java/lang/ClassLoader$ParallelLoaders
instanceKlass java/security/cert/Certificate
instanceKlass jdk/internal/loader/ArchivedClassLoaders
instanceKlass java/util/Deque
instanceKlass java/util/Queue
instanceKlass jdk/internal/loader/ClassLoaderHelper
instanceKlass jdk/internal/loader/NativeLibraries
instanceKlass jdk/internal/loader/BootLoader
instanceKlass java/util/Optional
instanceKlass jdk/internal/module/SystemModuleFinders$SystemModuleFinder
instanceKlass java/lang/module/ModuleFinder
instanceKlass jdk/internal/module/SystemModuleFinders$3
instanceKlass jdk/internal/module/ModuleHashes$HashSupplier
instanceKlass jdk/internal/module/SystemModuleFinders$2
instanceKlass java/util/function/Supplier
instanceKlass java/lang/module/ModuleReference
instanceKlass jdk/internal/module/ModuleResolution
instanceKlass java/util/Collections$UnmodifiableMap
instanceKlass jdk/internal/module/ModuleHashes$Builder
instanceKlass jdk/internal/module/ModuleHashes
instanceKlass jdk/internal/module/ModuleTarget
instanceKlass java/util/ImmutableCollections$Set12$1
instanceKlass java/lang/Enum
instanceKlass java/lang/module/ModuleDescriptor$Version
instanceKlass java/lang/module/ModuleDescriptor$Provides
instanceKlass java/lang/module/ModuleDescriptor$Opens
instanceKlass java/util/ImmutableCollections$SetN$SetNIterator
instanceKlass java/lang/module/ModuleDescriptor$Exports
instanceKlass java/lang/module/ModuleDescriptor$Requires
instanceKlass jdk/internal/module/Builder
instanceKlass jdk/internal/module/SystemModules$default
instanceKlass jdk/internal/module/SystemModules
instanceKlass jdk/internal/module/SystemModulesMap
instanceKlass java/net/URI$1
instanceKlass jdk/internal/access/JavaNetUriAccess
instanceKlass java/net/URI
instanceKlass jdk/internal/module/SystemModuleFinders
instanceKlass jdk/internal/module/ArchivedModuleGraph
instanceKlass jdk/internal/module/ArchivedBootLayer
instanceKlass jdk/internal/module/ModuleBootstrap$Counters
instanceKlass jdk/internal/module/ModulePatcher
instanceKlass java/io/FileSystem
instanceKlass java/io/DefaultFileSystem
instanceKlass java/io/File
instanceKlass java/lang/module/ModuleDescriptor$1
instanceKlass jdk/internal/access/JavaLangModuleAccess
instanceKlass sun/invoke/util/VerifyAccess
instanceKlass java/lang/module/ModuleDescriptor
instanceKlass jdk/internal/module/ModuleBootstrap
instanceKlass java/lang/invoke/MethodHandleStatics
instanceKlass java/util/Collections
instanceKlass sun/io/Win32ErrorMode
instanceKlass jdk/internal/misc/OSEnvironment
instanceKlass jdk/internal/misc/Signal$NativeHandler
instanceKlass java/util/Hashtable$Entry
instanceKlass jdk/internal/misc/Signal
instanceKlass java/lang/Terminator$1
instanceKlass jdk/internal/misc/Signal$Handler
instanceKlass java/lang/Terminator
instanceKlass java/nio/ByteOrder
instanceKlass java/nio/Buffer$1
instanceKlass jdk/internal/access/JavaNioAccess
instanceKlass jdk/internal/misc/ScopedMemoryAccess
instanceKlass java/nio/charset/CodingErrorAction
instanceKlass sun/nio/cs/SingleByte
instanceKlass java/lang/StringUTF16
instanceKlass sun/nio/cs/MS1252$Holder
instanceKlass sun/nio/cs/ArrayEncoder
instanceKlass java/nio/charset/CharsetEncoder
instanceKlass java/lang/reflect/Modifier
instanceKlass java/lang/Class$1
instanceKlass java/lang/Class$Atomic
instanceKlass java/lang/Class$ReflectionData
instanceKlass jdk/internal/util/ArraysSupport
instanceKlass java/nio/charset/StandardCharsets
instanceKlass sun/nio/cs/HistoricallyNamedCharset
instanceKlass sun/security/action/GetPropertyAction
instanceKlass java/lang/ThreadLocal
instanceKlass java/nio/charset/spi/CharsetProvider
instanceKlass java/nio/charset/Charset
instanceKlass java/io/Writer
instanceKlass java/io/OutputStream
instanceKlass java/io/Flushable
instanceKlass java/io/FileDescriptor$1
instanceKlass jdk/internal/access/JavaIOFileDescriptorAccess
instanceKlass java/io/FileDescriptor
instanceKlass jdk/internal/util/StaticProperty
instanceKlass java/util/HashMap$HashIterator
instanceKlass java/lang/Integer$IntegerCache
instanceKlass java/lang/CharacterData
instanceKlass java/util/Arrays
instanceKlass java/lang/VersionProps
instanceKlass java/lang/StringConcatHelper
instanceKlass jdk/internal/misc/VM
instanceKlass jdk/internal/util/SystemProps$Raw
instanceKlass jdk/internal/util/SystemProps
instanceKlass java/lang/System$2
instanceKlass jdk/internal/access/JavaLangAccess
instanceKlass java/lang/ref/Reference$1
instanceKlass jdk/internal/access/JavaLangRefAccess
instanceKlass java/lang/ref/ReferenceQueue$Lock
instanceKlass java/lang/ref/ReferenceQueue
instanceKlass jdk/internal/reflect/ReflectionFactory
instanceKlass jdk/internal/reflect/ReflectionFactory$GetReflectionFactoryAction
instanceKlass java/security/PrivilegedAction
instanceKlass java/util/concurrent/locks/LockSupport
instanceKlass java/util/concurrent/ConcurrentHashMap$Node
instanceKlass java/util/concurrent/ConcurrentHashMap$CounterCell
instanceKlass java/util/concurrent/locks/ReentrantLock
instanceKlass java/util/concurrent/locks/Lock
instanceKlass java/lang/Runtime
instanceKlass java/util/HashMap$Node
instanceKlass java/util/KeyValueHolder
instanceKlass java/util/Map$Entry
instanceKlass java/util/ImmutableCollections$MapN$MapNIterator
instanceKlass java/lang/Math
instanceKlass jdk/internal/reflect/Reflection
instanceKlass java/lang/invoke/MethodHandles$Lookup
instanceKlass java/lang/StringLatin1
instanceKlass java/security/Permission
instanceKlass java/security/Guard
instanceKlass java/lang/invoke/MemberName$Factory
instanceKlass java/lang/invoke/MethodHandles
instanceKlass jdk/internal/access/SharedSecrets
instanceKlass java/lang/reflect/ReflectAccess
instanceKlass jdk/internal/access/JavaLangReflectAccess
instanceKlass java/util/ImmutableCollections
instanceKlass java/util/Objects
instanceKlass java/util/Set
instanceKlass jdk/internal/misc/CDS
instanceKlass java/lang/Module$ArchivedData
instanceKlass java/lang/String$CaseInsensitiveComparator
instanceKlass java/util/Comparator
instanceKlass java/io/ObjectStreamField
instanceKlass jdk/internal/vm/vector/VectorSupport$VectorPayload
instanceKlass jdk/internal/vm/vector/VectorSupport
instanceKlass java/lang/reflect/RecordComponent
instanceKlass java/util/Iterator
instanceKlass java/lang/Number
instanceKlass java/lang/Character
instanceKlass java/lang/Boolean
instanceKlass java/util/concurrent/locks/AbstractOwnableSynchronizer
instanceKlass java/lang/LiveStackFrame
instanceKlass java/lang/StackFrameInfo
instanceKlass java/lang/StackWalker$StackFrame
instanceKlass java/lang/StackStreamFactory$AbstractStackWalker
instanceKlass java/lang/StackWalker
instanceKlass java/nio/Buffer
instanceKlass java/lang/StackTraceElement
instanceKlass java/util/RandomAccess
instanceKlass java/util/List
instanceKlass java/util/AbstractCollection
instanceKlass java/util/Collection
instanceKlass java/lang/Iterable
instanceKlass java/util/concurrent/ConcurrentMap
instanceKlass java/util/AbstractMap
instanceKlass java/security/CodeSource
instanceKlass jdk/internal/loader/ClassLoaders
instanceKlass java/util/jar/Manifest
instanceKlass java/net/URL
instanceKlass java/io/InputStream
instanceKlass java/io/Closeable
instanceKlass java/lang/AutoCloseable
instanceKlass jdk/internal/module/Modules
instanceKlass jdk/internal/misc/Unsafe
instanceKlass jdk/internal/misc/UnsafeConstants
instanceKlass java/lang/AbstractStringBuilder
instanceKlass java/lang/Appendable
instanceKlass java/lang/AssertionStatusDirectives
instanceKlass java/lang/invoke/MethodHandleNatives$CallSiteContext
instanceKlass jdk/internal/invoke/NativeEntryPoint
instanceKlass java/lang/invoke/CallSite
instanceKlass java/lang/invoke/MethodType
instanceKlass java/lang/invoke/TypeDescriptor$OfMethod
instanceKlass java/lang/invoke/LambdaForm
instanceKlass java/lang/invoke/MethodHandleNatives
instanceKlass java/lang/invoke/ResolvedMethodName
instanceKlass java/lang/invoke/MemberName
instanceKlass java/lang/invoke/VarHandle
instanceKlass java/lang/invoke/MethodHandle
instanceKlass jdk/internal/reflect/CallerSensitive
instanceKlass java/lang/annotation/Annotation
instanceKlass jdk/internal/reflect/FieldAccessor
instanceKlass jdk/internal/reflect/ConstantPool
instanceKlass jdk/internal/reflect/ConstructorAccessor
instanceKlass jdk/internal/reflect/MethodAccessor
instanceKlass jdk/internal/reflect/MagicAccessorImpl
instanceKlass java/lang/reflect/Parameter
instanceKlass java/lang/reflect/Member
instanceKlass java/lang/reflect/AccessibleObject
instanceKlass java/lang/Module
instanceKlass java/util/Map
instanceKlass java/util/Dictionary
instanceKlass java/lang/ThreadGroup
instanceKlass java/lang/Thread$UncaughtExceptionHandler
instanceKlass java/lang/Thread
instanceKlass java/lang/Runnable
instanceKlass java/lang/ref/Reference
instanceKlass java/lang/Record
instanceKlass java/security/AccessController
instanceKlass java/security/AccessControlContext
instanceKlass java/security/ProtectionDomain
instanceKlass java/lang/SecurityManager
instanceKlass java/lang/Throwable
instanceKlass java/lang/System
instanceKlass java/lang/ClassLoader
instanceKlass java/lang/Cloneable
instanceKlass java/lang/Class
instanceKlass java/lang/invoke/TypeDescriptor$OfField
instanceKlass java/lang/invoke/TypeDescriptor
instanceKlass java/lang/reflect/Type
instanceKlass java/lang/reflect/GenericDeclaration
instanceKlass java/lang/reflect/AnnotatedElement
instanceKlass java/lang/String
instanceKlass java/lang/constant/ConstantDesc
instanceKlass java/lang/constant/Constable
instanceKlass java/lang/CharSequence
instanceKlass java/lang/Comparable
instanceKlass java/io/Serializable
ciInstanceKlass java/lang/Object 1 1 79 1 7 1 1 1 1 1 1 1 1 1 1 1 1 1 7 1 1 1 7 12 10 12 10 1 7 1 12 10 1 1 12 10 1 8 12 10 1 7 1 1 12 10 12 10 1 1 1 1 7 1 12 10 1 1 100 1 8 1 12 10 3 1 8 5 0 1 1 7 1 1 1 1 1 1 1 1 1
ciMethod java/lang/Object equals (Ljava/lang/Object;)Z 694 0 14628 0 -1
ciMethod java/lang/Object hashCode ()I 1024 0 512 0 -1
ciInstanceKlass java/lang/Class 1 1 1462 1 7 1 1 7 1 100 1 7 1 100 1 100 1 100 1 100 1 7 1 7 1 7 1 100 1 7 1 100 1 7 1 1 1 1 7 1 7 1 1 7 1 7 1 1 1 7 1 7 1 1 100 1 1 100 1 100 1 1 100 1 100 1 1 1 3 1 3 1 3 1 1 1 1 1 1 1 1 1 1 1 1 1 1 1 1 1 1 1 1 1 1 1 1 1 1 1 1 5 0 1 1 1 1 1 1 1 1 1 1 1 1 1 1 1 1 1 1 1 1 1 12 10 12 9 12 9 1 1 1 7 10 1 1 12 10 1 8 1 12 10 1 8 1 8 1 7 1 1 12 10 1 12 10 12 10 1 10 1 12 10 1 1 12 10 1 1 12 10 1 7 1 12 10 1 12 10 1 12 10 1 12 10 1 8 1 12 10 1 8 1 12 10 1 8 1 8 1 1 12 10 1 7 1 1 12 10 1 16 1 1 12 10 15 16 1 7 1 1 12 10 15 1 1 12 18 1 7 1 1 12 11 1 8 1 8 1 8 1 7 1 1 12 10 1 1 12 11 1 100 1 8 1 12 10 1 1 7 1 1 12 11 1 1 12 10 11 1 100 1 8 1 12 11 15 1 16 18 1 8 1 12 10 1 1 1 1 7 1 1 7 1 12 10 1 7 1 1 12 10 1 1 12 10 1 1 1 7 1 1 12 10 1 7 1 1 12 9 1 100 1 1 12 10 1 1 1 1 7 1 12 10 1 1 12 10 1 16 1 7 1 12 10 15 16 1 1 12 18 1 7 1 1 12 10 1 12 10 1 7 10 1 1 1 7 1 7 1 1 1 1 7 1 100 1 1 12 10 12 9 1 8 1 12 10 1 100 1 1 12 10 1 1 12 10 1 1 12 10 1 12 10 10 1 1 12 10 1 12 10 1 100 1 1 12 10 1 1 12 10 1 1 12 10 1 1 1 1 1 1 12 9 1 12 10 1 1 12 10 1 12 10 12 9 1 12 9 1 1 1 12 10 1 7 10 1 1 1 1 12 10 12 10 1 1 1 1 12 10 10 1 100 1 12 9 1 12 10 1 8 1 1 12 10 1 1 12 10 1 12 10 1 1 1 1 12 10 1 1 12 10 1 12 10 1 12 9 7 1 12 10 1 12 10 1 12 10 1 1 1 1 1 1 1 1 7 1 1 12 10 1 12 10 1 12 10 1 1 12 10 1 100 1 1 12 10 1 12 10 1 1 12 10 1 12 10 1 12 10 1 1 12 10 1 100 1 7 10 10 10 1 1 12 10 1 1 12 10 12 10 1 1 12 10 1 100 1 8 10 1 12 10 7 12 10 1 1 100 1 12 11 1 100 1 12 10 1 12 10 1 1 1 1 12 10 1 100 1 12 10 10 1 1 12 10 1 7 1 8 1 1 12 10 1 1 12 10 1 8 1 1 12 9 1 12 10 12 10 1 12 10 12 10 1 100 1 1 12 9 1 12 10 1 12 9 12 10 1 12 10 1 12 10 10 1 12 10 1 12 10 1 1 12 10 1 1 1 12 10 1 12 10 1 12 10 1 1 12 10 1 1 1 12 10 1 1 12 10 1 1 1 12 10 1 1 12 10 1 1 1 1 1 12 10 1 1 1 7 1 12 10 10 1 7 1 1 12 10 1 1 1 1 12 10 1 1 12 10 10 1 1 1 1 1 12 10 1 1 1 12 10 1 1 1 12 10 1 1 1 1 1 12 10 1 1 1 12 10 1 1 1 1 7 10 1 100 12 10 1 12 11 1 1 1 1 100 1 1 12 10 1 12 10 1 7 1 1 12 10 1 1 12 10 10 1 1 12 10 1 100 10 1 1 12 10 1 100 1 1 12 10 1 100 1 100 1 12 10 12 10 1 1 10 1 12 10 12 10 1 1 12 10 1 12 10 1 100 1 1 12 10 1 7 1 12 11 1 12 10 1 12 10 1 1 1 12 9 1 12 10 1 12 10 12 9 1 7 10 1 1 12 9 12 10 1 7 1 12 10 1 1 1 12 9 1 100 1 1 12 10 12 10 1 12 10 1 100 1 12 10 1 12 10 12 10 1 1 12 10 1 1 1 1 100 10 1 8 1 12 10 11 1 1 12 11 1 7 1 12 11 1 12 11 1 8 1 12 10 1 1 12 10 1 12 9 12 9 1 7 1 12 10 1 12 9 1 1 12 10 1 10 1 12 10 1 1 12 10 1 1 7 1 12 10 1 7 1 12 10 12 9 12 10 1 12 9 1 12 10 1 1 1 1 1 12 10 1 1 1 1 12 9 1 12 9 7 1 12 10 1 1 12 10 1 12 9 1 7 10 1 1 12 10 1 1 12 10 1 1 7 11 1 1 12 9 1 12 9 1 12 10 1 12 9 1 12 9 1 12 10 1 1 12 10 1 12 9 10 1 1 12 10 10 1 1 12 10 12 10 10 1 12 10 12 9 1 1 12 10 1 12 10 1 1 1 12 10 1 12 10 1 8 1 10 1 1 1 8 1 1 12 10 15 16 18 1 8 1 8 1 1 12 10 1 12 9 1 12 9 12 10 1 7 1 7 12 10 12 9 10 1 1 1 12 10 10 12 9 1 8 12 10 1 12 10 1 1 12 10 1 100 1 1 12 9 1 100 1 8 10 1 7 4 10 12 10 1 1 12 11 1 1 12 10 1 100 1 1 12 10 10 1 8 1 8 1 1 1 1 1 1 1 12 10 1 12 9 12 11 1 7 1 1 12 11 1 1 1 1 12 9 1 100 1 1 12 10 1 1 1 7 1 12 10 1 1 1 1 12 10 1 12 9 9 1 1 12 10 1 1 12 10 12 10 12 10 1 1 12 10 1 12 11 1 12 11 1 7 1 1 12 10 1 12 10 1 100 1 12 11 1 100 1 1 12 10 1 12 10 10 1 12 11 1 1 12 11 1 12 10 1 1 1 12 10 1 1 12 9 1 1 1 1 1 100 1 12 9 12 10 1 100 1 1 12 10 1 1 1 1 12 10 1 1 12 10 1 12 10 1 1 12 10 1 1 7 1 1 12 10 1 12 10 1 8 12 10 1 12 10 1 12 10 1 1 1 1 1 100 1 12 10 1 100 1 1 12 11 1 1 12 10 1 1 12 10 16 1 12 10 15 16 1 1 12 18 1 1 12 11 1 12 10 15 18 1 12 11 1 16 1 1 12 10 15 16 1 12 18 1 12 11 12 10 1 12 10 1 12 10 12 10 1 8 1 12 10 1 7 12 9 1 1 1 1 1 1 1 1 1 1
staticfield java/lang/Class EMPTY_CLASS_ARRAY [Ljava/lang/Class; 0 [Ljava/lang/Class;
staticfield java/lang/Class serialPersistentFields [Ljava/io/ObjectStreamField; 0 [Ljava/io/ObjectStreamField;
ciInstanceKlass java/io/Serializable 1 0 5 1 100 1 100
instanceKlass jdk/internal/vm/vector/VectorSupport$VectorShuffle
instanceKlass jdk/internal/vm/vector/VectorSupport$VectorMask
instanceKlass jdk/internal/vm/vector/VectorSupport$Vector
ciInstanceKlass jdk/internal/vm/vector/VectorSupport$VectorPayload 0 0 26 1 100 1 100 1 100 1 1 1 1 1 1 12 10 12 9 1 1 1 1 12 10 1 1 1
ciInstanceKlass jdk/internal/vm/vector/VectorSupport$VectorShuffle 0 0 18 1 100 1 1 100 1 100 1 1 1 1 12 10 1 1 1 1
ciInstanceKlass jdk/internal/vm/vector/VectorSupport$VectorMask 0 0 18 1 100 1 1 100 1 100 1 1 1 1 12 10 1 1 1 1
ciInstanceKlass jdk/internal/vm/vector/VectorSupport$Vector 0 0 18 1 100 1 1 100 1 100 1 1 1 1 12 10 1 1 1 1
ciInstanceKlass jdk/internal/vm/vector/VectorSupport 0 0 367 1 100 1 100 1 100 1 100 1 100 1 100 1 100 1 100 1 100 1 100 1 100 1 100 1 100 1 100 1 100 1 100 1 100 1 100 1 100 1 100 1 100 1 100 1 100 1 100 1 1 1 1 1 1 1 1 1 1 1 1 1 1 1 1 1 1 1 1 1 1 1 1 1 1 3 1 3 1 3 1 3 1 3 1 3 1 3 1 3 1 3 1 3 1 3 1 3 1 3 1 3 1 3 1 3 1 3 1 3 1 3 1 3 1 3 1 3 1 3 1 3 1 3 1 3 1 3 1 3 1 3 1 3 1 3 1 3 1 3 1 3 1 3 1 3 1 3 1 3 1 3 1 1 1 1 1 3 1 1 1 1 1 1 3 1 1 1 1 1 1 1 1 1 1 1 1 12 10 1 1 1 1 12 9 1 1 12 10 1 100 1 12 10 1 1 12 11 1 1 1 1 1 12 11 1 1 1 1 12 11 1 1 1 1 1 12 11 1 1 1 1 100 11 1 100 1 1 12 10 1 1 1 1 12 11 1 1 1 1 12 11 1 1 1 1 1 1 1 100 1 12 11 1 1 1 1 12 11 1 1 1 1 12 11 1 1 1 1 12 11 1 1 1 1 12 11 1 1 1 1 12 11 1 1 1 1 100 1 1 12 10 1 1 1 1 12 11 1 1 1 1 12 11 1 1 1 1 12 11 1 1 1 1 12 11 1 1 1 11 1 1 12 9 1 100 1 12 10 1 1 1 1 12 11 1 1 1 1 1 12 10 1 100 1 1 12 10 1 1 1 1 12 10 12 10 1 1 12 10 1 1 1 1 1 1 1
ciInstanceKlass java/lang/reflect/RecordComponent 1 0 186 1 100 1 100 1 100 1 100 1 100 1 1 1 1 1 1 1 1 1 1 1 1 1 1 1 1 1 1 1 1 1 1 12 10 1 1 12 9 1 1 1 12 9 1 12 9 1 1 12 10 1 1 12 10 1 100 12 10 12 10 12 9 1 1 12 10 1 1 12 10 1 12 10 1 100 1 12 10 1 100 1 12 10 1 1 12 9 1 100 1 1 12 10 1 100 1 1 12 11 10 1 1 12 9 1 100 1 1 12 10 1 1 12 9 1 1 1 1 100 1 1 12 10 1 12 10 1 100 1 12 11 1 100 1 12 10 1 100 1 12 9 12 9 12 9 1 100 1 1 12 10 1 100 1 1 1 12 10 1 1 12 10 1 1 100 10 1 12 10 1 1 12 10 1 8 12 10 12 10 12 9 1 1 1 1
ciInstanceKlass java/util/Iterator 1 1 42 1 7 1 1 100 1 1 1 1 1 1 1 1 100 8 1 1 12 10 1 1 1 1 7 1 1 12 10 12 11 12 11 1 7 1 1 12 11 1 1 1
ciInstanceKlass java/lang/System 1 1 733 1 7 1 100 1 100 1 100 1 100 1 100 1 7 1 100 1 1 1 1 7 1 7 1 1 1 100 1 100 1 1 1 1 1 1 1 1 3 1 3 1 1 1 1 1 1 1 1 1 1 1 1 1 1 1 1 12 10 1 12 9 1 1 1 12 10 1 12 10 1 1 1 12 10 1 1 12 10 1 1 12 9 1 7 1 1 12 10 1 100 12 11 1 100 1 100 1 1 1 100 1 100 1 1 12 10 12 10 1 1 12 10 1 100 1 8 1 12 10 1 100 1 1 12 10 1 1 1 1 7 1 1 12 10 1 16 1 7 1 1 12 10 15 16 1 100 1 1 12 10 15 1 1 12 18 1 100 1 1 12 10 1 100 1 1 12 10 1 100 1 1 12 10 1 100 1 100 1 1 1 1 1 1 1 12 10 1 7 1 1 12 10 1 1 12 9 1 100 1 1 12 10 1 1 12 11 12 10 1 1 12 10 1 100 10 1 1 12 10 1 8 1 12 10 1 8 1 12 10 1 7 12 9 1 8 1 7 1 1 12 10 1 12 10 1 100 1 8 10 1 100 12 9 1 8 1 1 12 10 1 100 1 1 12 10 1 8 1 12 10 1 12 10 8 1 12 10 1 1 12 10 12 10 1 1 1 1 1 1 1 1 1 1 1 12 10 12 9 12 9 1 1 1 7 1 1 12 10 1 7 1 1 12 10 1 1 12 10 1 1 1 12 10 1 12 10 1 7 12 10 1 12 10 1 1 100 1 8 1 12 10 1 12 10 1 1 12 10 1 100 1 8 10 1 12 10 1 100 1 8 10 1 1 8 1 7 12 10 1 1 8 12 10 1 1 1 100 1 8 10 1 1 12 10 1 7 1 12 10 1 1 100 1 1 12 10 15 1 16 1 12 18 1 100 1 1 12 9 1 12 10 1 1 12 10 1 1 12 10 1 1 1 7 1 1 12 10 12 10 1 12 10 1 12 10 1 1 1 12 10 1 1 12 10 1 1 1 1 100 1 7 1 12 10 1 12 10 1 12 10 1 1 1 7 1 1 12 10 1 100 1 8 10 12 9 12 9 1 12 10 1 12 10 1 12 10 1 1 12 10 1 100 1 8 1 1 12 10 1 8 1 1 12 11 12 10 1 1 12 11 1 7 1 1 12 11 1 7 1 12 11 1 12 11 1 12 11 1 12 10 1 8 1 1 12 10 1 8 1 8 1 8 1 8 1 12 11 1 12 10 1 1 12 10 1 12 10 1 7 1 12 10 1 8 1 7 1 7 1 12 9 1 12 10 1 7 12 9 10 12 9 1 7 12 10 1 8 12 10 1 8 1 7 1 12 10 1 12 10 1 7 1 1 12 10 1 1 12 10 1 7 1 1 12 10 12 10 1 1 1 100 1 7 1 1 12 10 12 9 1 8 12 10 1 1 7 1 1 12 10 1 7 1 1 12 10 1 8 10 1 8 1 8 1 8 1 8 10 1 7 1 12 10 1 1 12 10 1 1 12 10 1 1 12 10 1 12 10 1 100 1 1 12 10 1 100 10 1 8 10 10 1 1 12 10 1 1 12 10 1 8 1 12 10 1 8 1 12 10 1 1 12 10 10 1 12 10 1 12 10 12 9 1 1 1 1 1 1 1 1 1 1
staticfield java/lang/System in Ljava/io/InputStream; java/io/BufferedInputStream
staticfield java/lang/System out Ljava/io/PrintStream; java/io/PrintStream
staticfield java/lang/System err Ljava/io/PrintStream; java/io/PrintStream
instanceKlass com/sonar/sslr/impl/typed/Interceptor$1
instanceKlass org/springframework/core/DecoratingClassLoader
instanceKlass jdk/internal/reflect/DelegatingClassLoader
instanceKlass java/security/SecureClassLoader
ciInstanceKlass java/lang/ClassLoader 1 1 978 1 7 1 7 1 7 1 100 1 1 100 1 100 1 1 1 1 1 1 1 1 1 1 1 1 1 1 1 1 1 1 1 1 1 1 1 1 1 1 1 1 1 1 1 1 1 1 1 1 1 1 1 1 1 12 9 1 7 1 1 12 10 1 7 1 100 1 1 12 9 1 7 1 1 12 10 1 7 1 1 12 10 1 1 12 10 12 9 1 1 12 10 1 100 12 10 1 1 1 12 10 1 7 1 1 12 10 1 100 1 8 1 12 10 1 7 1 1 12 10 1 100 12 10 1 10 10 1 7 1 7 7 1 12 10 1 12 10 12 9 10 1 7 1 1 12 10 12 9 12 9 12 9 12 9 12 9 12 9 1 7 1 12 10 12 9 1 1 12 10 1 1 12 10 12 9 12 9 1 100 12 9 1 12 10 12 9 1 1 12 10 1 7 10 1 8 1 1 12 10 1 12 10 10 1 7 1 1 12 10 1 7 1 1 12 10 1 8 1 12 10 12 10 1 1 12 10 1 1 1 1 7 1 12 10 1 1 1 12 10 1 12 10 1 1 12 10 1 12 10 1 12 10 1 100 1 1 12 10 1 1 12 10 1 12 10 1 12 10 1 12 10 1 12 10 1 12 10 1 1 10 1 12 10 1 12 10 1 1 1 1 100 1 12 10 1 1 12 10 1 100 12 10 1 12 10 1 12 10 1 100 1 12 10 1 100 1 1 12 10 10 1 1 1 1 1 100 1 1 1 1 12 10 1 1 1 1 1 1 12 10 1 100 1 8 10 1 8 1 12 10 1 12 10 1 100 1 8 1 1 12 10 1 1 12 10 10 1 1 12 10 1 1 12 10 1 1 1 1 12 10 1 7 10 1 12 10 1 1 12 10 1 1 12 10 1 12 10 12 10 1 1 12 10 12 10 1 1 1 7 1 1 12 10 1 12 10 1 12 10 1 1 12 10 1 12 10 1 12 10 1 12 10 1 1 12 10 1 1 1 1 1 1 12 10 1 1 12 10 1 8 12 9 1 1 12 10 1 8 1 8 1 7 1 12 10 1 100 10 1 12 10 1 12 10 1 12 10 1 1 12 10 1 1 1 100 1 12 10 1 1 7 1 12 10 12 10 1 7 10 1 1 1 1 7 12 10 1 100 1 12 10 10 1 7 1 12 10 1 1 1 1 16 1 1 12 10 15 1 16 1 100 1 1 12 10 15 1 12 18 1 100 1 1 12 10 1 100 1 1 12 10 1 1 1 7 1 12 10 1 1 12 10 1 12 10 1 1 1 1 1 1 1 12 10 1 100 1 12 10 1 1 1 12 10 1 1 1 7 1 12 10 1 12 10 1 8 1 100 10 1 12 10 12 9 1 7 1 12 10 1 12 10 1 1 100 1 100 1 8 1 12 10 10 1 8 1 8 1 1 12 10 1 1 12 10 1 1 12 10 1 100 1 1 12 10 1 100 1 1 12 10 1 100 1 100 1 12 10 1 12 10 1 1 1 1 12 10 1 1 1 1 12 10 1 12 10 12 10 1 100 1 1 12 9 1 1 12 10 1 1 1 1 12 10 1 12 10 1 12 10 1 12 10 1 8 1 12 10 1 7 16 1 1 12 10 15 1 16 1 1 12 18 1 1 12 10 1 1 12 10 1 12 10 1 1 12 10 1 1 1 8 1 12 10 1 1 1 12 10 1 16 1 1 12 10 15 16 1 12 18 1 100 1 1 12 11 1 100 1 1 12 10 12 10 10 1 1 1 12 11 10 1 12 10 15 18 1 1 1 12 10 1 100 12 11 16 1 1 12 10 15 16 1 12 18 1 1 12 11 1 1 1 1 12 10 1 1 12 10 12 10 1 100 1 100 1 8 10 1 1 12 10 1 8 1 8 1 100 1 12 10 12 10 1 100 10 1 12 10 1 8 1 8 1 8 1 12 10 1 1 1 1 12 10 1 1 1 12 10 1 1 1 100 1 1 12 10 1 100 1 12 11 1 1 1 100 10 1 11 1 12 10 1 12 10 1 1 12 10 1 100 1 12 9 1 1 12 9 12 9 1 12 9 1 12 9 1 1 1 12 9 8 1 1 12 10 1 7 1 1 12 10 1 1 12 10 1 1 12 10 1 1 12 10 10 12 10 1 1 12 11 1 100 1 1 12 10 1 100 1 12 10 1 12 10 12 10 1 1 1 1 1 1 1 1 1
staticfield java/lang/ClassLoader nocerts [Ljava/security/cert/Certificate; 0 [Ljava/security/cert/Certificate;
staticfield java/lang/ClassLoader $assertionsDisabled Z 1
ciInstanceKlass jdk/internal/reflect/DelegatingClassLoader 1 1 10 1 100 1 7 1 1 12 10 1
instanceKlass java/net/URLClassLoader
instanceKlass jdk/internal/loader/BuiltinClassLoader
ciInstanceKlass java/security/SecureClassLoader 1 1 81 1 7 1 7 1 7 1 100 1 7 1 1 1 1 1 1 1 12 10 1 7 1 12 10 12 9 1 12 10 1 12 10 1 1 1 1 1 12 10 1 12 10 1 1 1 12 10 1 1 1 7 10 1 12 10 1 12 10 1 7 1 1 12 11 1 7 1 1 12 11 1 1 1 12 10 1 1 1 1 1
instanceKlass jdk/internal/loader/ClassLoaders$BootClassLoader
instanceKlass jdk/internal/loader/ClassLoaders$PlatformClassLoader
instanceKlass jdk/internal/loader/ClassLoaders$AppClassLoader
ciInstanceKlass jdk/internal/loader/BuiltinClassLoader 1 1 654 1 7 1 7 1 100 1 7 1 7 1 100 1 100 1 7 1 7 1 1 7 1 100 1 1 7 1 7 1 1 100 1 7 1 1 1 100 1 100 1 1 1 1 1 1 1 1 1 1 1 1 1 1 1 1 1 1 1 1 12 9 1 1 1 7 1 1 12 10 1 7 1 7 1 7 1 12 10 12 9 12 9 1 7 1 12 10 12 9 1 12 10 12 9 1 1 1 12 10 1 1 1 1 1 1 1 7 1 1 12 10 1 1 12 10 1 7 1 1 12 11 1 100 1 100 10 1 1 12 10 1 8 1 12 10 12 10 1 12 10 1 1 12 10 1 7 1 1 12 11 1 7 1 12 11 1 1 12 11 1 8 1 8 10 12 9 1 7 1 12 10 1 1 1 1 12 11 1 1 1 100 1 12 10 1 100 1 1 12 10 1 1 12 10 1 1 1 7 1 1 12 10 12 10 1 1 12 10 1 7 1 1 12 10 1 7 1 1 12 11 1 7 1 12 10 1 7 1 1 12 10 1 12 10 1 8 1 1 12 10 10 1 8 1 1 12 10 1 1 12 10 1 1 12 10 1 7 1 12 11 1 12 11 1 1 1 1 7 10 1 1 12 11 11 1 12 10 1 12 10 1 1 100 1 7 12 10 1 12 10 1 12 10 1 7 1 1 12 10 1 1 12 10 1 100 1 100 1 12 11 1 100 1 12 10 1 1 12 10 1 100 1 12 10 1 12 10 16 1 12 10 15 16 1 100 1 1 12 10 15 1 1 12 18 1 12 10 1 12 10 1 12 10 15 1 16 18 1 100 1 7 1 12 10 1 1 1 1 7 10 1 1 12 10 1 1 12 10 1 7 1 12 10 1 1 1 12 10 12 9 1 100 10 1 1 1 1 12 10 1 1 12 10 1 12 10 1 100 12 10 1 1 12 10 1 100 1 1 12 10 1 1 12 10 1 12 10 1 1 1 12 10 1 12 10 15 1 16 1 12 18 1 1 12 10 1 12 10 1 1 12 10 1 12 10 1 7 1 12 10 1 1 12 10 1 1 12 10 1 12 10 1 7 1 12 11 1 12 10 1 7 1 100 1 12 10 1 12 10 1 1 12 11 1 1 1 12 10 1 1 12 10 1 1 12 10 1 1 12 10 1 12 10 1 12 10 1 12 10 1 7 1 12 10 1 8 1 1 12 10 1 12 10 1 12 10 1 100 1 8 1 8 10 1 12 10 1 8 1 8 1 7 1 1 12 10 1 7 1 1 12 11 1 1 12 9 1 1 12 10 1 12 9 1 12 9 1 12 9 1 12 9 1 12 9 1 12 9 1 7 1 1 12 10 1 8 1 12 10 1 1 1 7 12 10 1 12 10 10 1 1 12 11 12 10 1 12 10 1 12 10 1 12 10 1 12 10 10 1 1 1 12 10 1 12 10 1 8 1 7 1 12 10 12 10 1 1 1 1 1 1 1 1
staticfield jdk/internal/loader/BuiltinClassLoader packageToModule Ljava/util/Map; java/util/concurrent/ConcurrentHashMap
staticfield jdk/internal/loader/BuiltinClassLoader $assertionsDisabled Z 1
ciInstanceKlass java/security/AccessController 1 1 258 1 7 1 100 1 1 1 1 3 1 100 1 1 1 1 1 12 10 1 1 1 1 1 7 1 1 12 10 1 1 12 10 1 1 1 12 10 12 10 1 7 1 1 12 10 1 1 12 10 1 12 10 1 1 1 12 10 1 1 1 12 10 1 100 1 8 1 12 10 1 7 1 12 10 1 100 1 1 12 10 1 1 1 7 1 7 1 7 1 12 10 1 7 1 1 12 10 12 10 1 12 10 1 1 1 1 12 10 1 7 1 1 12 10 1 1 12 10 1 100 1 1 12 9 1 100 1 1 12 10 1 12 10 1 12 10 1 1 12 9 1 1 1 1 1 1 1 12 10 1 1 12 10 12 9 10 1 100 10 1 7 1 1 12 11 1 7 1 12 10 1 11 1 1 12 10 1 1 1 1 12 10 1 12 10 1 1 1 100 1 8 1 1 12 10 1 8 1 100 1 1 12 10 1 8 1 100 10 1 1 12 10 1 12 10 1 1 12 10 1 12 10 1 100 1 8 1 100 1 12 10 1 8 1 8 1 12 10 1 8 1 12 10 12 10 1 1 12 10 1 1 1 1 1 1 1 1
staticfield java/security/AccessController $assertionsDisabled Z 1
instanceKlass jdk/internal/reflect/GeneratedConstructorAccessor31
instanceKlass jdk/internal/reflect/GeneratedConstructorAccessor30
instanceKlass jdk/internal/reflect/GeneratedConstructorAccessor29
instanceKlass jdk/internal/reflect/GeneratedConstructorAccessor28
instanceKlass jdk/internal/reflect/GeneratedConstructorAccessor27
instanceKlass jdk/internal/reflect/GeneratedConstructorAccessor26
instanceKlass jdk/internal/reflect/GeneratedConstructorAccessor25
instanceKlass jdk/internal/reflect/GeneratedConstructorAccessor24
instanceKlass jdk/internal/reflect/GeneratedConstructorAccessor23
instanceKlass jdk/internal/reflect/GeneratedConstructorAccessor22
instanceKlass jdk/internal/reflect/GeneratedConstructorAccessor21
instanceKlass jdk/internal/reflect/GeneratedConstructorAccessor20
instanceKlass jdk/internal/reflect/GeneratedConstructorAccessor19
instanceKlass jdk/internal/reflect/GeneratedConstructorAccessor18
instanceKlass jdk/internal/reflect/GeneratedConstructorAccessor17
instanceKlass jdk/internal/reflect/GeneratedConstructorAccessor16
instanceKlass jdk/internal/reflect/GeneratedConstructorAccessor15
instanceKlass jdk/internal/reflect/GeneratedConstructorAccessor14
instanceKlass jdk/internal/reflect/GeneratedConstructorAccessor13
instanceKlass jdk/internal/reflect/GeneratedConstructorAccessor12
instanceKlass jdk/internal/reflect/GeneratedConstructorAccessor11
instanceKlass jdk/internal/reflect/GeneratedConstructorAccessor10
instanceKlass jdk/internal/reflect/GeneratedConstructorAccessor9
instanceKlass jdk/internal/reflect/GeneratedConstructorAccessor8
instanceKlass jdk/internal/reflect/GeneratedConstructorAccessor7
instanceKlass jdk/internal/reflect/GeneratedConstructorAccessor6
instanceKlass jdk/internal/reflect/GeneratedConstructorAccessor5
instanceKlass jdk/internal/reflect/GeneratedConstructorAccessor4
instanceKlass jdk/internal/reflect/GeneratedConstructorAccessor3
instanceKlass jdk/internal/reflect/GeneratedConstructorAccessor2
instanceKlass jdk/internal/reflect/BootstrapConstructorAccessorImpl
instanceKlass jdk/internal/reflect/GeneratedConstructorAccessor1
instanceKlass jdk/internal/reflect/DelegatingConstructorAccessorImpl
instanceKlass jdk/internal/reflect/NativeConstructorAccessorImpl
ciInstanceKlass jdk/internal/reflect/ConstructorAccessorImpl 1 1 21 1 100 1 7 1 100 1 1 12 10 1 1 1 100 1 100 1 100 1 1
instanceKlass jdk/internal/reflect/FieldAccessorImpl
instanceKlass jdk/internal/reflect/ConstructorAccessorImpl
instanceKlass jdk/internal/reflect/MethodAccessorImpl
ciInstanceKlass jdk/internal/reflect/MagicAccessorImpl 1 1 10 1 100 1 7 1 1 12 10 1
instanceKlass jdk/internal/reflect/GeneratedMethodAccessor1
instanceKlass jdk/internal/reflect/DelegatingMethodAccessorImpl
instanceKlass jdk/internal/reflect/NativeMethodAccessorImpl
ciInstanceKlass jdk/internal/reflect/MethodAccessorImpl 1 1 19 1 100 1 7 1 100 1 1 12 10 1 1 1 100 1 100 1 1
ciInstanceKlass java/lang/Module 1 1 859 1 7 1 7 1 100 1 7 1 7 1 100 1 100 1 100 1 7 1 7 1 1 1 7 1 1 7 1 1 1 1 100 1 100 1 1 1 1 1 1 1 1 1 1 1 1 1 1 1 1 1 1 1 1 1 1 1 1 1 1 1 1 1 1 12 10 12 9 1 12 10 12 9 12 9 12 9 1 1 12 10 1 12 10 1 7 1 7 1 7 1 1 12 10 1 7 1 1 12 10 1 7 1 1 12 10 1 1 12 10 1 7 1 1 12 11 1 1 12 10 1 7 1 1 12 10 1 7 1 100 1 1 12 10 1 1 1 1 1 1 7 1 1 12 10 1 100 1 1 12 9 1 100 1 1 12 10 1 1 1 1 12 10 1 8 1 1 12 10 1 12 10 12 9 1 12 9 1 1 1 1 12 10 12 9 1 12 11 1 12 9 1 7 1 1 12 10 1 1 1 1 100 1 1 12 10 1 1 12 10 1 100 1 100 10 1 1 12 10 1 8 1 12 10 12 10 1 12 10 1 1 12 10 1 1 1 12 10 1 1 12 10 1 7 1 1 12 9 1 1 12 10 1 1 1 1 12 10 1 12 9 1 12 10 1 12 10 12 9 1 7 1 12 11 1 1 12 10 12 9 1 1 12 9 1 12 10 1 12 10 1 1 1 1 1 100 1 8 10 1 1 12 10 1 12 10 1 8 1 1 1 1 1 1 12 10 1 1 1 8 1 8 1 1 12 10 1 12 10 1 1 12 10 16 1 1 12 10 15 16 1 7 1 1 12 10 15 1 1 12 18 1 1 12 10 1 12 11 1 12 9 12 11 1 1 1 100 1 12 10 1 100 1 8 10 1 7 1 1 12 11 1 12 10 1 12 10 1 12 10 1 1 1 12 11 1 7 1 12 11 1 1 12 11 12 9 1 12 11 1 1 1 1 12 10 1 1 1 12 10 1 12 9 1 12 10 1 7 12 10 1 1 1 7 1 12 10 10 1 100 16 1 1 12 10 15 16 1 1 12 18 1 1 12 11 16 1 100 10 15 1 16 1 12 18 1 1 12 11 1 100 1 1 12 10 1 1 12 11 1 1 1 1 7 1 12 10 4 1 7 1 12 11 1 7 1 7 10 1 7 1 1 12 10 1 7 1 100 1 100 10 12 11 1 8 10 1 1 12 10 1 7 12 10 1 12 10 1 12 10 12 10 10 1 1 12 11 12 10 1 1 12 10 12 9 1 100 10 1 1 12 10 1 7 11 1 1 12 10 1 12 11 10 1 12 10 11 1 1 12 10 1 1 12 10 1 1 12 10 1 7 1 12 10 1 12 10 1 12 10 10 1 12 10 1 12 10 1 1 12 10 15 1 16 1 12 18 1 12 11 1 1 12 10 15 1 16 1 12 18 1 12 10 1 12 10 12 10 1 12 10 1 12 10 1 12 10 12 9 1 10 10 10 1 12 10 1 1 12 10 1 1 1 12 10 1 12 10 1 1 12 10 1 12 10 1 12 9 16 1 12 10 15 16 1 1 12 18 1 100 1 1 12 10 1 100 1 100 1 8 1 1 12 10 1 12 10 1 100 1 12 10 1 1 12 10 1 1 100 1 100 1 8 1 100 10 3 1 12 10 1 100 1 12 10 1 1 12 10 1 1 12 10 1 12 10 1 1 12 10 1 100 1 100 1 100 12 10 1 100 1 8 1 12 10 1 1 12 10 1 100 1 12 10 1 1 12 10 12 10 12 10 1 1 12 10 1 100 10 1 1 12 10 1 100 1 1 12 10 1 8 1 1 12 10 1 100 1 12 10 1 8 1 12 10 1 8 1 12 10 12 10 12 10 1 8 10 1 12 10 1 7 10 1 1 12 10 1 12 10 1 12 9 1 12 9 1 12 9 1 12 9 12 10 1 12 11 1 12 10 1 1 1 1 1 1 1 1
staticfield java/lang/Module ALL_UNNAMED_MODULE Ljava/lang/Module; java/lang/Module
staticfield java/lang/Module ALL_UNNAMED_MODULE_SET Ljava/util/Set; java/util/ImmutableCollections$Set12
staticfield java/lang/Module EVERYONE_MODULE Ljava/lang/Module; java/lang/Module
staticfield java/lang/Module EVERYONE_SET Ljava/util/Set; java/util/ImmutableCollections$Set12
staticfield java/lang/Module $assertionsDisabled Z 1
instanceKlass org/sonarsource/analyzer/commons/internal/json/simple/JSONArray
ciInstanceKlass java/util/ArrayList 1 1 415 1 7 1 1 7 1 7 1 100 1 100 1 100 1 7 1 7 1 100 1 100 1 100 1 7 1 1 1 1 1 1 5 0 1 1 3 1 1 1 1 1 1 1 1 12 10 1 7 12 9 12 9 1 100 1 100 10 1 8 1 1 12 10 1 12 10 1 1 12 10 1 12 10 12 9 1 1 1 7 1 1 12 11 12 9 1 1 12 10 7 1 7 1 1 12 10 1 1 12 9 1 12 10 1 1 1 12 10 1 7 1 1 12 10 1 7 1 1 12 10 1 1 1 1 1 1 1 12 10 1 1 12 10 1 12 10 1 1 12 10 1 1 1 100 12 10 1 100 1 12 10 1 1 1 7 1 1 12 10 1 1 1 1 1 1 1 7 1 12 10 12 10 1 1 1 1 1 1 12 10 1 12 10 1 1 1 12 10 1 1 1 12 10 1 1 12 10 1 1 12 10 1 12 10 1 1 100 10 1 1 12 11 1 7 1 12 11 1 12 11 1 12 10 1 1 1 12 10 12 10 1 1 1 1 1 1 1 1 1 100 1 1 12 10 10 1 1 12 10 1 12 10 1 8 1 8 1 8 1 8 1 1 1 1 12 10 1 1 1 100 1 1 12 10 12 11 1 1 1 100 1 100 1 12 10 1 12 10 1 12 10 1 1 1 100 1 100 1 12 10 1 12 10 1 100 1 1 12 10 1 100 1 1 12 11 12 10 1 100 1 8 10 1 1 1 1 12 10 1 1 1 1 12 10 1 1 1 1 1 12 10 1 12 10 1 1 1 1 7 12 10 1 12 11 1 1 1 1 12 10 1 1 1 1 1 1 1 1 1 1 12 10 1 1 100 1 12 11 12 10 1 100 12 10 12 10 1 1 1 1 1 12 10 1 1 100 1 12 11 1 1 1 1 12 10 1 1 1 1 1 1 1 1 1
staticfield java/util/ArrayList EMPTY_ELEMENTDATA [Ljava/lang/Object; 0 [Ljava/lang/Object;
staticfield java/util/ArrayList DEFAULTCAPACITY_EMPTY_ELEMENTDATA [Ljava/lang/Object; 0 [Ljava/lang/Object;
ciInstanceKlass java/util/concurrent/ConcurrentHashMap 1 1 1022 1 7 1 1 7 1 100 1 100 1 100 1 100 1 100 1 100 1 100 1 100 1 100 1 100 1 100 1 100 1 100 1 100 1 100 1 100 1 100 1 100 1 100 1 100 1 100 1 100 1 100 1 100 1 100 1 100 1 100 1 100 1 100 1 100 1 100 1 100 1 100 1 100 1 7 1 7 1 7 1 100 1 100 1 100 1 100 1 100 1 100 1 7 1 100 1 100 1 7 1 100 1 100 1 100 1 7 1 7 1 7 1 100 1 7 1 1 1 1 1 1 7 1 7 1 1 1 1 1 1 100 1 100 1 1 100 1 1 1 1 1 1 1 1 1 1 1 1 1 1 1 1 1 1 1 1 1 1 1 1 1 1 1 1 1 1 1 1 1 1 1 1 1 1 1 1 1 1 1 1 1 1 1 5 0 1 1 3 1 3 1 3 1 1 1 4 1 3 1 3 1 3 1 1 1 3 1 1 3 1 3 1 3 1 3 1 1 1 1 1 1 1 1 1 1 1 1 1 1 1 1 1 1 1 1 1 1 1 1 1 1 1 1 1 1 1 1 1 1 1 7 1 12 10 1 1 1 1 100 1 7 1 1 12 10 1 100 1 100 1 1 12 10 1 100 1 100 1 1 12 11 1 12 11 1 1 1 1 1 12 11 1 1 1 12 9 12 9 12 9 1 7 1 1 12 10 1 1 1 1 1 12 10 1 1 1 1 1 12 10 1 1 12 10 1 1 12 10 1 1 12 9 1 12 10 1 1 100 10 5 0 12 10 1 1 1 1 12 10 5 0 1 1 1 1 1 1 12 10 12 10 12 9 12 10 1 12 9 1 1 12 9 1 1 12 10 7 1 12 9 1 1 12 10 1 1 12 9 1 12 10 1 1 100 10 1 12 10 1 1 12 10 1 1 1 1 1 12 10 1 1 1 12 10 1 12 10 12 10 1 1 12 10 1 1 12 10 1 100 1 8 1 12 10 1 100 1 1 12 10 1 1 12 10 12 11 1 12 10 1 12 11 1 7 1 1 12 11 1 7 1 12 11 1 12 11 1 12 11 1 12 11 1 1 1 12 10 1 12 10 1 1 12 9 1 1 12 10 9 1 1 12 10 1 12 9 1 1 12 10 5 0 1 1 1 12 9 1 12 10 1 1 12 9 1 12 10 1 12 9 10 1 1 1 100 10 1 1 12 10 1 8 1 12 10 12 10 11 1 1 1 100 1 7 1 12 10 1 1 12 10 1 8 1 12 10 1 8 1 12 10 1 8 1 12 10 1 12 10 1 1 1 100 1 100 1 12 10 12 10 1 12 10 1 12 10 1 12 9 9 1 12 10 12 9 1 1 1 1 1 1 1 1 1 1 1 7 1 1 12 11 1 1 1 1 100 1 12 11 1 1 1 12 10 1 100 1 12 11 1 1 1 1 1 1 7 10 12 11 1 1 1 1 1 1 1 1 12 10 1 1 1 1 12 10 1 1 10 1 1 1 10 1 7 1 1 12 9 1 1 12 10 1 1 1 3 1 1 100 1 12 10 12 9 1 1 12 10 12 9 12 9 1 1 12 10 100 1 100 1 12 10 12 9 1 12 9 1 1 12 10 12 10 12 9 12 9 1 1 12 10 1 9 3 1 12 9 1 12 10 12 9 1 12 10 12 9 1 12 10 12 9 1 100 1 1 12 10 1 12 10 1 1 1 1 5 0 1 100 1 12 10 1 1 12 10 1 12 10 1 12 10 1 1 1 12 10 10 1 1 1 1 100 10 1 12 10 10 1 1 1 1 12 10 10 1 1 1 1 12 10 10 1 100 1 1 12 10 1 1 1 1 12 10 10 1 100 1 12 10 1 1 1 1 12 10 10 1 12 10 1 1 1 1 12 10 10 1 1 1 12 10 10 1 1 1 1 12 10 10 1 1 1 12 10 10 1 1 1 12 10 10 1 1 1 1 12 10 10 1 1 1 1 12 10 10 1 1 1 1 12 10 10 1 1 10 10 1 10 10 1 1 10 10 1 1 1 12 10 10 1 1 12 10 10 1 1 1 12 10 10 1 1 1 12 10 10 1 1 1 12 10 10 1 1 10 10 1 10 10 1 1 10 10 1 1 1 1 12 10 10 1 1 12 10 10 1 1 1 12 10 10 1 1 1 12 10 10 1 1 1 12 10 10 12 10 1 1 7 1 1 12 10 1 12 10 1 7 1 12 10 1 1 12 9 12 9 1 1 12 10 8 1 1 12 10 8 8 8 8 1 1 12 10 1 12 10 1 100 1 8 10 1 7 1 1 1 1 1 1 1
staticfield java/util/concurrent/ConcurrentHashMap NCPU I 12
staticfield java/util/concurrent/ConcurrentHashMap serialPersistentFields [Ljava/io/ObjectStreamField; 3 [Ljava/io/ObjectStreamField;
staticfield java/util/concurrent/ConcurrentHashMap U Ljdk/internal/misc/Unsafe; jdk/internal/misc/Unsafe
staticfield java/util/concurrent/ConcurrentHashMap SIZECTL J 20
staticfield java/util/concurrent/ConcurrentHashMap TRANSFERINDEX J 32
staticfield java/util/concurrent/ConcurrentHashMap BASECOUNT J 24
staticfield java/util/concurrent/ConcurrentHashMap CELLSBUSY J 36
staticfield java/util/concurrent/ConcurrentHashMap CELLVALUE J 144
staticfield java/util/concurrent/ConcurrentHashMap ABASE I 16
staticfield java/util/concurrent/ConcurrentHashMap ASHIFT I 2
ciInstanceKlass java/lang/String 1 1 1202 1 7 1 1 7 1 100 1 100 1 7 1 100 1 100 1 7 1 7 1 7 1 1 7 1 7 1 100 1 100 1 1 100 1 1 100 1 100 1 1 1 1 1 1 1 1 1 1 1 1 1 5 0 1 1 1 1 1 3 1 1 1 1 3 1 3 1 1 12 10 1 8 12 9 12 9 1 1 12 9 1 1 12 10 1 1 1 12 10 1 1 12 10 1 1 100 12 9 1 1 12 10 10 1 1 1 1 100 1 7 1 1 12 10 1 1 12 10 1 1 12 10 1 12 10 1 1 100 1 1 12 10 1 12 10 1 100 1 7 1 1 12 10 1 7 1 7 1 1 12 9 1 7 1 1 12 10 1 1 12 10 1 1 12 10 1 1 12 10 1 1 12 10 1 1 12 10 1 7 1 12 9 12 10 1 7 1 12 9 1 1 12 10 1 7 1 1 12 11 1 7 1 12 11 1 1 12 11 1 1 12 10 1 1 12 10 1 100 1 1 12 9 1 1 12 10 1 12 10 1 1 12 11 1 1 12 10 1 100 12 10 1 1 12 10 1 100 1 1 12 10 1 7 1 1 12 10 1 1 12 10 1 100 1 12 10 1 1 1 12 10 1 1 1 100 1 12 10 1 1 12 10 1 100 1 100 12 10 1 1 12 10 10 1 1 1 100 1 100 1 12 10 12 10 1 1 1 1 12 10 1 1 12 10 1 12 10 1 1 12 10 1 1 12 10 1 7 1 12 10 1 7 11 1 12 11 1 12 11 12 10 1 12 10 12 10 1 1 12 10 10 1 7 1 1 12 10 1 7 1 12 10 1 12 10 1 7 1 12 10 1 12 10 1 1 12 10 1 1 12 10 1 1 1 12 10 1 12 10 1 1 1 1 1 12 10 1 100 12 10 12 10 1 12 10 1 1 12 10 1 7 1 1 12 10 1 12 10 1 1 12 10 1 12 10 1 1 1 12 10 1 1 1 1 1 1 1 1 1 3 1 1 3 1 12 10 12 10 1 1 12 10 12 10 1 12 10 12 10 12 10 12 10 1 12 10 1 12 10 1 1 12 10 1 12 10 12 10 12 10 1 12 10 1 12 10 1 12 10 10 1 100 10 1 8 1 1 12 10 1 12 10 1 8 1 1 12 10 12 10 1 12 10 1 8 10 1 1 12 10 1 1 12 10 1 12 10 1 1 1 12 10 12 10 1 1 100 10 10 1 1 12 10 1 1 1 1 12 10 12 10 10 1 1 1 12 10 1 12 10 1 12 10 1 100 10 12 10 1 1 1 100 10 12 10 1 1 12 10 1 1 1 12 10 1 12 10 10 1 1 1 12 10 10 1 100 10 12 10 1 1 1 1 12 10 1 1 1 12 10 1 1 1 100 10 1 12 10 1 12 10 1 12 10 12 10 12 10 11 12 11 1 12 10 1 1 1 1 12 10 1 1 1 12 10 10 1 12 10 1 12 10 1 12 9 1 7 1 1 12 11 1 10 12 10 1 1 12 10 10 1 12 10 1 12 10 1 1 12 10 1 1 12 9 1 12 10 10 1 12 10 12 10 10 1 12 10 12 10 10 12 10 10 1 12 10 1 1 12 10 12 10 10 12 10 12 10 12 10 12 10 10 1 12 10 1 1 1 12 10 1 12 10 10 1 1 1 1 12 10 1 7 1 1 12 10 1 1 1 12 10 10 1 1 7 1 12 10 1 11 12 10 1 1 1 1 12 10 1 1 12 10 1 7 12 10 1 12 10 1 1 100 10 12 10 1 12 10 1 12 10 1 100 1 12 10 1 12 10 1 100 1 8 10 10 1 12 10 1 1 1 8 12 10 3 3 1 7 10 1 12 10 1 12 10 1 1 12 10 1 1 12 10 1 7 1 1 12 11 1 7 1 12 10 1 12 10 1 1 1 1 12 10 1 12 10 1 1 8 1 1 12 10 1 12 10 1 1 1 7 1 1 12 11 1 7 1 12 11 1 1 12 11 1 12 10 1 1 1 12 10 10 1 7 1 1 12 10 12 10 1 12 10 10 12 10 1 1 12 10 10 1 12 10 10 1 12 10 10 1 12 10 10 1 1 12 10 1 1 1 1 12 10 10 1 100 1 12 10 1 8 1 12 10 16 1 12 10 15 16 1 100 1 1 12 10 15 1 1 12 18 1 1 12 11 3 1 12 10 15 1 12 18 1 1 12 10 15 1 12 18 1 8 1 100 1 1 12 10 1 1 12 11 12 10 10 1 12 10 10 1 1 1 12 11 1 1 12 10 1 12 11 1 12 10 15 18 1 3 11 1 7 1 12 10 11 11 12 10 1 1 1 12 10 1 8 1 12 10 1 12 10 1 1 12 10 10 12 10 1 1 1 1 100 12 11 1 1 12 10 10 1 7 1 1 12 10 1 10 1 7 10 1 12 10 10 1 1 12 10 1 1 1 8 10 1 12 10 1 1 1 1 8 1 8 1 1 12 10 1 12 10 10 12 10 1 1 100 12 10 1 1 100 12 10 1 1 100 12 10 1 1 8 1 12 10 1 1 12 10 1 1 100 10 12 10 1 8 1 8 10 1 1 8 1 8 1 8 1 8 1 1 12 10 1 12 10 1 8 1 1 1 1 100 1 1 12 10 1 1 1 12 10 1 1 100 12 10 12 10 10 12 10 12 10 1 1 7 12 9 10 1 1 1 1 1 1 1 1 1 1
staticfield java/lang/String COMPACT_STRINGS Z 1
staticfield java/lang/String serialPersistentFields [Ljava/io/ObjectStreamField; 0 [Ljava/io/ObjectStreamField;
staticfield java/lang/String CASE_INSENSITIVE_ORDER Ljava/util/Comparator; java/lang/String$CaseInsensitiveComparator
ciInstanceKlass java/security/ProtectionDomain 1 1 283 1 7 1 7 1 7 1 100 1 7 1 100 1 100 1 1 1 1 1 1 1 1 1 1 1 1 1 1 1 1 1 1 1 1 12 10 12 9 10 12 9 12 9 12 9 1 7 1 12 10 1 7 1 12 9 1 100 12 9 1 7 12 9 12 9 1 1 100 7 1 1 12 10 1 1 1 1 1 1 1 1 1 1 1 1 1 7 1 1 12 10 1 12 10 12 10 1 12 9 1 100 1 12 9 1 1 12 10 10 1 100 1 100 1 1 12 10 1 1 1 8 1 100 1 8 1 12 10 1 7 10 1 100 1 12 10 1 1 12 10 1 8 11 1 8 12 10 1 8 1 8 1 12 10 1 12 10 1 12 10 12 10 1 8 1 12 10 1 8 1 8 1 100 1 100 1 1 12 10 1 100 1 1 12 9 12 10 1 100 1 1 12 9 1 1 12 10 1 12 10 1 100 1 1 12 10 10 1 100 1 12 10 1 1 12 10 1 100 1 100 1 12 11 1 12 11 1 1 12 11 1 100 1 12 10 10 1 1 12 11 1 1 12 11 1 12 10 1 12 10 1 100 1 12 10 1 12 11 12 10 1 1 8 1 8 1 7 1 1 12 10 10 1 7 1 1 12 10 1 1 1 1
staticfield java/security/ProtectionDomain filePermCompatInPD Z 0
ciInstanceKlass java/security/CodeSource 1 1 337 1 7 1 7 1 100 1 1 5 0 1 1 1 1 1 1 1 1 1 1 1 1 1 1 1 12 10 12 9 12 9 12 9 12 9 1 7 1 1 12 10 12 9 1 7 100 1 1 12 10 1 100 10 1 1 12 10 1 1 1 100 1 12 10 1 1 12 10 1 1 1 1 1 1 1 100 10 1 100 1 1 12 10 1 100 1 12 10 1 1 12 10 1 12 10 1 100 1 1 12 10 1 1 1 1 12 10 1 1 1 12 10 12 10 10 10 1 12 10 1 7 1 1 12 10 1 12 10 1 12 10 1 12 10 1 8 1 12 10 1 12 10 1 1 12 10 1 12 10 1 8 1 1 12 10 10 1 100 10 1 1 12 10 1 8 1 12 10 1 12 10 1 12 10 1 8 1 8 12 9 1 100 1 8 1 12 10 1 12 10 1 8 1 12 10 1 8 1 8 1 8 1 1 1 100 1 100 1 100 1 12 10 1 1 12 10 1 12 10 1 1 12 10 1 1 12 10 1 1 12 10 1 12 10 12 10 1 12 10 1 1 1 100 1 100 1 100 1 12 10 1 12 10 1 100 12 10 1 100 10 1 8 1 12 10 1 12 10 1 1 12 10 1 100 1 1 12 10 1 8 1 8 10 1 1 12 10 1 100 1 1 12 10 1 100 12 10 1 1 12 10 1 12 11 1 100 10 1 12 10 11 12 10 1 8 1 100 1 12 10 1 1 12 10 1 12 10 1 1 12 11 11 1 1 1 1
ciInstanceKlass java/lang/StringBuilder 1 1 371 1 7 1 1 7 1 100 1 100 1 100 1 1 5 0 1 1 1 1 12 10 1 12 10 1 12 10 1 1 1 12 10 1 1 1 7 1 1 12 10 1 12 10 1 12 10 1 1 12 10 1 1 12 10 1 1 12 10 1 1 12 10 1 1 12 10 1 1 12 10 1 1 12 10 1 1 12 10 1 1 12 10 1 1 12 10 1 1 12 10 1 12 10 1 1 1 12 10 1 12 10 1 1 1 12 10 1 1 1 12 10 1 1 12 10 1 1 12 10 1 1 12 10 1 1 12 10 1 1 12 10 1 1 12 10 1 1 12 10 12 10 1 1 12 10 1 1 12 10 1 1 12 10 1 1 12 10 1 12 10 1 12 10 12 10 1 1 1 12 10 1 1 1 1 12 10 1 1 12 9 1 1 12 9 1 7 1 1 12 10 1 7 10 1 1 1 100 1 100 1 12 10 1 12 10 1 1 12 10 1 1 12 10 1 100 10 1 12 10 1 1 1 100 1 100 1 12 10 1 12 10 1 12 10 1 100 1 8 10 1 1 12 10 1 1 12 10 1 12 10 12 10 12 10 12 10 12 10 12 10 12 10 12 10 12 10 12 10 12 10 12 10 12 10 12 10 1 1 12 10 1 1 12 10 1 12 10 12 10 12 10 12 10 12 10 12 10 12 10 12 10 12 10 12 10 12 10 12 10 12 10 12 10 12 10 12 10 1 12 10 1 1 12 10 1 12 10 1 1 12 10 1 12 10 1 1 12 10 1 12 10 1 1 12 10 1 12 10 1 12 10 1 12 10 10 1 12 10 1 1 1 1 12 10 1 1 1 1 1 1
ciInstanceKlass jdk/internal/reflect/Reflection 1 1 323 1 7 1 7 1 1 1 1 1 1 1 8 1 1 1 1 1 12 10 1 1 1 1 1 1 1 1 1 1 1 1 100 1 1 12 10 1 1 12 10 1 1 1 1 7 1 1 12 10 1 100 1 1 12 10 1 100 1 1 12 11 1 100 1 100 10 1 8 1 1 12 10 1 12 10 1 1 12 10 1 12 10 1 7 1 1 7 1 1 12 10 1 1 12 10 12 10 1 7 1 1 12 10 1 1 12 10 1 12 10 1 12 10 1 12 10 1 12 10 1 1 1 1 12 10 1 1 12 10 1 1 12 10 1 1 1 12 10 1 1 12 10 1 12 10 1 1 1 12 9 1 1 12 10 1 12 9 1 1 7 1 12 11 1 100 1 8 10 1 7 1 12 10 1 7 1 1 12 11 1 1 12 11 1 1 1 1 1 12 10 1 7 1 1 1 1 7 1 1 12 10 1 1 12 11 1 7 1 1 12 10 1 7 1 7 1 12 11 1 1 1 7 1 12 10 1 7 1 1 12 10 1 7 1 1 12 10 1 7 1 1 1 1 12 10 1 100 12 11 1 1 12 10 1 8 1 1 12 10 1 8 1 8 1 100 1 8 1 8 1 8 1 12 10 1 8 1 8 1 8 1 8 10 1 1 8 1 1 1 12 11 12 9 1 7 1 8 1 8 1 12 11 1 7 1 7 1 7 1 8 1 12 11 1 12 11 1 1 1 1 1 1
staticfield jdk/internal/reflect/Reflection ALL_MEMBERS Ljava/util/Set; java/util/ImmutableCollections$Set12
ciInstanceKlass jdk/internal/loader/ClassLoaders 1 1 162 1 7 1 100 1 7 1 7 1 7 1 1 1 1 1 1 1 1 1 1 1 1 1 12 10 1 1 1 7 1 1 12 10 1 1 12 10 1 100 1 1 12 10 1 1 12 9 1 1 12 9 1 12 9 1 1 1 1 100 1 100 1 7 1 100 1 1 12 11 1 100 1 1 12 11 1 1 12 11 1 100 1 1 12 10 1 100 1 1 12 10 1 100 1 1 7 1 1 12 10 12 9 12 10 12 10 1 12 10 1 8 1 7 1 1 12 10 1 1 12 10 1 7 1 12 10 1 12 10 1 12 10 1 8 1 7 1 12 10 1 8 1 8 1 12 10 1 12 10 1 12 10 1 12 10 1 1 1 1 1 1
staticfield jdk/internal/loader/ClassLoaders JLA Ljdk/internal/access/JavaLangAccess; java/lang/System$2
staticfield jdk/internal/loader/ClassLoaders BOOT_LOADER Ljdk/internal/loader/ClassLoaders$BootClassLoader; jdk/internal/loader/ClassLoaders$BootClassLoader
staticfield jdk/internal/loader/ClassLoaders PLATFORM_LOADER Ljdk/internal/loader/ClassLoaders$PlatformClassLoader; jdk/internal/loader/ClassLoaders$PlatformClassLoader
staticfield jdk/internal/loader/ClassLoaders APP_LOADER Ljdk/internal/loader/ClassLoaders$AppClassLoader; jdk/internal/loader/ClassLoaders$AppClassLoader
ciInstanceKlass jdk/internal/misc/Unsafe 1 1 1203 1 7 1 7 1 1 1 1 3 1 1 1 1 1 1 1 1 1 1 1 1 1 1 1 1 1 1 1 1 1 1 12 10 1 1 12 9 1 1 1 1 1 1 1 1 1 1 1 1 1 1 1 1 1 1 1 1 1 1 1 1 1 1 1 1 1 1 1 1 1 1 1 1 1 1 1 12 9 12 10 1 7 1 1 12 10 12 10 1 12 10 12 10 1 1 1 12 10 1 12 10 1 12 10 1 12 10 1 12 10 1 12 10 1 1 1 1 1 12 10 1 12 10 1 12 10 1 12 10 12 10 12 10 1 1 1 100 10 1 1 1 1 12 10 12 10 1 5 0 1 1 1 12 10 12 10 1 1 1 1 7 1 1 12 10 1 1 12 10 1 12 10 1 12 10 12 10 1 1 12 10 1 12 10 1 12 10 1 100 1 100 10 1 8 1 1 12 10 1 12 10 1 8 1 1 12 10 1 12 10 12 10 1 1 1 12 10 1 12 10 1 12 10 1 1 1 12 10 1 12 10 1 12 10 12 10 1 1 1 12 10 1 12 10 1 12 10 1 1 1 12 10 1 12 10 5 0 5 0 5 0 1 12 10 1 12 10 1 12 10 1 1 12 10 1 12 10 1 12 10 1 12 10 1 12 10 1 1 12 10 1 12 10 1 12 10 1 100 1 8 10 1 1 1 100 10 1 12 10 1 1 1 12 10 1 1 12 10 1 1 1 12 10 1 1 1 1 12 10 1 1 12 10 1 1 1 1 12 10 1 1 12 10 1 1 1 7 1 12 9 1 12 9 1 1 1 1 100 10 1 12 10 1 1 1 1 100 1 1 1 1 8 10 1 8 1 8 1 12 10 1 7 1 1 12 9 1 100 9 1 7 9 1 7 9 9 1 100 9 1 100 9 1 100 9 1 1 1 1 1 1 1 12 10 1 1 12 10 1 1 1 1 1 1 1 1 12 10 1 1 12 10 1 1 1 1 1 5 0 5 0 1 1 12 9 1 12 10 12 10 1 1 12 10 1 12 10 1 12 10 1 1 1 1 1 1 1 8 3 1 1 12 10 1 12 10 1 12 10 1 1 1 1 1 1 1 1 1 1 12 10 1 1 12 10 1 12 10 1 12 10 1 1 12 10 1 12 10 1 12 10 1 1 1 1 1 1 12 10 1 12 10 1 12 10 1 12 10 1 1 12 10 1 12 10 1 12 10 1 1 1 1 12 10 1 1 1 1 12 10 1 12 10 1 12 10 1 12 10 1 12 10 1 12 10 1 1 1 1 1 12 10 1 1 12 10 1 1 1 1 12 10 1 12 10 1 1 12 10 1 1 12 10 1 1 12 10 1 1 12 10 1 1 12 10 1 1 12 10 1 1 1 1 1 1 1 1 1 1 1 1 1 1 1 1 1 1 12 10 1 12 10 1 12 10 1 12 10 1 12 10 1 1 12 10 1 12 10 1 12 10 1 12 10 1 12 10 1 12 10 1 12 10 1 12 10 1 12 10 1 12 10 1 12 10 1 12 10 1 1 1 1 1 1 1 1 1 1 1 1 1 1 1 1 1 1 1 1 1 1 1 1 1 12 10 1 1 1 1 12 10 1 1 1 1 12 10 1 1 1 1 12 10 1 1 1 1 12 10 1 1 12 10 1 12 10 1 12 10 1 1 1 1 1 1 1 1 1 1 1 1 1 1 1 1 12 10 1 12 10 12 10 1 12 10 12 10 1 1 1 1 1 12 10 1 12 10 1 12 10 1 1 1 1 12 10 1 12 10 1 12 10 1 12 10 1 12 10 1 12 10 1 12 10 1 12 10 1 12 10 1 1 12 10 1 1 12 10 1 1 12 10 1 1 12 10 1 1 12 10 1 1 12 10 1 1 12 10 1 1 12 10 1 1 12 10 1 1 12 10 1 1 12 10 1 1 12 10 1 1 12 10 1 1 12 10 1 1 12 10 1 1 12 10 1 1 12 10 1 1 12 10 1 1 1 1 1 1 1 1 1 1 1 1 1 1 1 1 1 1 1 1 1 1 12 10 1 12 10 1 1 100 10 1 1 100 10 1 1 1 12 9 1 5 0 1 1 12 10 5 0 1 12 10 5 0 1 12 10 1 12 10 1 1 12 10 1 1 1 12 10 1 12 10 1 12 10 1 12 10 1 1 1 12 10 1 12 10 1 12 10 1 1 12 10 1 12 10 1 1 1 12 10 1 12 10 1 12 10 1 12 10 1 1 1 12 10 1 12 10 1 12 10 1 1 1 12 10 1 12 10 1 1 12 10 1 1 1 12 10 12 10 1 12 10 10 1 1 12 10 1 12 10 1 1 1 12 10 12 10 12 10 5 0 5 0 5 0 1 1 12 10 1 12 10 1 12 10 12 10 1 1 1 100 1 12 10 1 8 1 100 1 1 12 11 1 8 1 1 12 11 1 100 1 12 10 1 1 1 1 1 3 1 1 1 12 10 1 12 10 1 1 12 10 1 12 10 1 12 10 1 12 10 1 12 10 1 1 1 12 10 1 12 10 1 1 1 12 10 1 1 12 10 10 1 7 12 10 12 9 1 7 12 9 1 7 12 9 1 7 12 9 1 7 12 9 1 7 12 9 1 7 12 9 1 7 12 9 1 7 12 9 12 10 12 9 12 9 12 9 12 9 12 9 12 9 12 9 12 9 12 9 1 12 9 1 1 1 1 1 1 1
staticfield jdk/internal/misc/Unsafe theUnsafe Ljdk/internal/misc/Unsafe; jdk/internal/misc/Unsafe
staticfield jdk/internal/misc/Unsafe ARRAY_BOOLEAN_BASE_OFFSET I 16
staticfield jdk/internal/misc/Unsafe ARRAY_BYTE_BASE_OFFSET I 16
staticfield jdk/internal/misc/Unsafe ARRAY_SHORT_BASE_OFFSET I 16
staticfield jdk/internal/misc/Unsafe ARRAY_CHAR_BASE_OFFSET I 16
staticfield jdk/internal/misc/Unsafe ARRAY_INT_BASE_OFFSET I 16
staticfield jdk/internal/misc/Unsafe ARRAY_LONG_BASE_OFFSET I 16
staticfield jdk/internal/misc/Unsafe ARRAY_FLOAT_BASE_OFFSET I 16
staticfield jdk/internal/misc/Unsafe ARRAY_DOUBLE_BASE_OFFSET I 16
staticfield jdk/internal/misc/Unsafe ARRAY_OBJECT_BASE_OFFSET I 16
staticfield jdk/internal/misc/Unsafe ARRAY_BOOLEAN_INDEX_SCALE I 1
staticfield jdk/internal/misc/Unsafe ARRAY_BYTE_INDEX_SCALE I 1
staticfield jdk/internal/misc/Unsafe ARRAY_SHORT_INDEX_SCALE I 2
staticfield jdk/internal/misc/Unsafe ARRAY_CHAR_INDEX_SCALE I 2
staticfield jdk/internal/misc/Unsafe ARRAY_INT_INDEX_SCALE I 4
staticfield jdk/internal/misc/Unsafe ARRAY_LONG_INDEX_SCALE I 8
staticfield jdk/internal/misc/Unsafe ARRAY_FLOAT_INDEX_SCALE I 4
staticfield jdk/internal/misc/Unsafe ARRAY_DOUBLE_INDEX_SCALE I 8
staticfield jdk/internal/misc/Unsafe ARRAY_OBJECT_INDEX_SCALE I 4
staticfield jdk/internal/misc/Unsafe ADDRESS_SIZE I 8
ciInstanceKlass java/lang/System$2 1 1 343 1 100 1 7 1 100 1 100 1 1 12 1 12 10 1 1 1 1 7 1 12 10 1 1 1 1 12 10 1 1 1 1 12 10 1 1 1 1 12 10 1 1 1 1 12 10 1 1 1 1 1 12 10 1 1 12 10 1 1 1 12 10 1 1 1 1 12 10 1 7 1 1 1 7 12 10 1 1 1 100 1 12 10 1 1 1 12 10 1 1 1 100 1 12 10 1 1 1 1 7 1 12 10 1 1 1 1 1 12 10 1 1 1 1 12 10 1 1 1 12 10 1 1 1 12 10 1 1 1 7 12 10 1 1 1 100 12 10 1 12 10 1 1 1 7 1 12 10 1 1 1 12 10 1 1 1 1 12 10 1 1 12 10 1 1 1 1 12 10 1 1 12 10 1 1 12 10 1 1 12 10 1 1 12 10 1 1 1 12 10 1 1 1 1 1 12 10 1 1 1 12 10 1 12 10 1 1 1 1 12 10 1 1 12 10 1 1 1 1 12 10 1 1 1 7 1 12 10 1 1 12 10 1 1 1 1 12 10 1 1 12 10 1 1 1 100 1 7 12 10 1 1 12 10 1 1 12 10 1 1 12 10 1 1 1 100 1 12 10 1 1 12 10 1 1 1 7 1 12 10 1 1 1 12 10 1 1 1 1 12 10 1 1 1 7 1 12 10 1 1 1 12 10 1 1 1 12 10 1 1 12 10 1 1 1 1 1 12 10 1 1 12 10 1 1 12 10 1 1 1 1 12 10 1 8 1 1 1 1 1 1 1
ciInstanceKlass jdk/internal/access/JavaLangAccess 1 0 134 1 100 1 100 1 1 1 1 1 1 1 1 1 1 1 1 1 1 1 1 1 1 1 1 1 1 1 1 1 1 1 1 1 1 1 1 1 100 1 1 1 1 1 1 1 1 1 1 1 1 1 1 1 1 1 1 1 1 1 1 1 1 1 1 1 1 1 1 1 1 1 1 1 1 1 1 1 1 1 1 1 1 1 1 1 1 1 1 1 1 1 1 1 1 1 1 100 1 1 1 1 1 1 1 1 1 1 1 1 1 1 1 1 1 1 1 1 1 1 1 1 1 1 1 1 1 1 1 1 1 1 1 1
ciMethod java/lang/System$2 newStringUTF8NoRepl ([BII)Ljava/lang/String; 0 0 5274 0 0
ciInstanceKlass java/lang/ThreadGroup 1 1 263 1 7 1 7 1 100 1 7 1 1 1 1 1 1 1 1 1 1 1 1 1 1 1 1 1 1 1 12 10 12 9 1 8 12 9 12 9 12 9 1 1 1 12 10 1 1 12 10 1 12 10 1 1 12 10 1 12 10 12 9 1 1 12 10 1 12 10 1 1 1 1 1 1 1 1 1 1 1 3 1 12 9 1 1 1 1 1 100 1 1 12 10 12 9 12 9 1 7 1 1 12 10 100 1 100 12 10 1 1 1 1 7 1 1 12 10 1 100 12 10 1 12 9 12 10 1 1 1 12 10 1 12 9 1 12 10 1 12 10 1 1 12 10 1 1 1 12 10 1 1 1 1 12 10 12 10 1 12 10 10 1 12 10 1 12 10 10 1 1 100 10 12 10 1 12 10 1 12 10 1 1 7 1 12 10 1 1 1 1 12 9 1 12 10 1 100 1 8 1 12 10 1 1 12 10 1 1 12 10 1 1 12 10 11 1 100 1 12 9 1 100 10 1 8 1 1 12 10 12 10 1 8 1 12 10 1 1 12 10 1 1 1 12 10 1 100 10 1 8 10 1 8 1 12 10 1 8 1 1 1 1 1
ciInstanceKlass jdk/internal/access/SharedSecrets 1 1 377 1 7 1 100 1 100 1 100 1 1 7 1 7 1 1 1 1 1 1 1 1 1 1 1 1 1 1 1 1 1 1 1 1 1 1 1 1 1 1 1 1 1 1 1 1 1 1 1 1 1 1 1 1 1 1 1 1 1 1 1 1 1 1 1 1 1 1 1 1 1 1 1 1 1 1 1 1 1 12 10 1 1 12 9 1 1 1 100 1 8 1 7 1 1 12 10 1 100 1 12 9 1 100 1 1 12 10 1 100 1 1 1 1 12 9 1 1 1 1 12 9 1 1 1 8 1 100 1 1 12 9 1 1 1 7 1 100 1 1 12 9 1 1 1 1 12 9 1 1 1 1 12 9 1 1 1 7 1 100 1 1 12 9 1 1 1 7 1 100 1 1 12 9 1 1 1 100 1 100 1 1 12 9 1 1 1 100 1 100 1 1 12 9 1 1 1 100 1 100 1 1 12 9 1 1 1 100 1 100 1 1 12 9 1 1 12 9 1 100 1 100 1 1 1 1 1 100 1 100 1 1 12 9 1 1 1 100 1 100 1 1 12 9 1 1 1 100 1 100 1 1 12 9 1 100 1 100 1 1 1 1 12 9 1 1 1 1 12 9 1 1 1 1 12 9 1 1 1 1 12 9 1 100 1 100 1 1 1 1 12 9 1 100 1 100 1 1 1 1 12 9 1 100 1 1 1 1 12 9 1 100 1 1 1 1 12 9 1 1 1 100 1 100 1 1 12 9 1 1 1 100 1 100 1 1 12 9 1 1 1 100 1 1 12 9 1 1 1 100 1 1 12 9 1 1 1 100 1 100 1 1 100 1 12 10 1 1 12 10 1 12 9 1 1 1 1
staticfield jdk/internal/access/SharedSecrets lookup Ljava/lang/invoke/MethodHandles$Lookup; java/lang/invoke/MethodHandles$Lookup
ciInstanceKlass java/io/PrintStream 1 1 299 1 7 1 7 1 100 1 100 1 100 1 100 1 1 1 1 1 1 1 1 1 1 1 1 1 1 1 100 1 1 12 10 1 1 1 100 1 100 1 100 1 8 12 10 1 100 1 12 10 1 100 10 1 1 12 10 12 9 12 9 12 9 1 7 10 12 9 1 7 1 12 10 12 9 1 1 12 10 1 12 10 1 8 1 7 12 10 1 12 10 1 12 10 1 100 1 100 10 1 12 10 1 1 100 1 8 1 12 10 1 1 1 1 1 1 12 9 1 8 10 1 12 10 12 10 1 100 1 100 1 12 10 10 1 1 10 12 10 1 1 1 1 1 100 12 10 1 100 1 1 12 10 1 12 10 1 12 10 1 10 1 1 12 10 1 12 10 10 1 1 12 10 12 10 1 100 1 1 12 10 1 1 1 1 12 10 10 1 1 12 10 1 12 10 1 1 12 10 1 1 12 10 1 1 12 10 10 1 12 10 1 1 10 1 1 12 10 12 10 12 10 12 10 12 10 12 10 12 10 12 10 12 10 12 10 1 100 12 10 1 1 1 12 10 1 12 10 12 9 1 100 1 1 12 10 1 1 12 9 1 1 12 10 1 12 10 1 12 10 1 12 10 1 1 1 1 8 1 100 1 1 12 11 12 10 1 1 12 10 1 12 10 1 1 1 1 1 1
instanceKlass org/springframework/core/SortedProperties
instanceKlass java/security/Provider
ciInstanceKlass java/util/Properties 1 1 545 1 7 1 1 7 1 7 1 7 1 1 7 1 7 1 1 100 1 7 1 1 1 1 5 0 1 1 1 1 1 1 1 1 1 1 12 10 1 1 1 100 1 12 10 12 10 12 9 12 9 12 9 1 7 1 12 10 1 1 1 1 12 10 1 1 1 100 1 8 1 7 1 1 12 10 12 10 1 1 12 10 1 1 8 12 10 1 7 12 10 1 1 12 10 1 1 12 9 1 1 12 10 1 7 1 12 10 1 12 10 1 1 12 10 1 100 1 8 1 12 10 100 1 12 10 1 1 12 10 1 1 1 12 10 3 10 1 100 1 1 12 10 1 12 10 1 1 12 10 1 8 1 12 10 1 1 12 10 1 1 1 8 1 100 1 12 10 1 1 12 10 1 12 10 1 1 1 1 12 10 1 1 12 10 1 100 1 1 12 10 1 100 1 100 1 1 12 9 1 12 10 12 10 1 100 10 10 1 1 12 10 1 7 1 1 12 11 1 100 1 7 1 1 12 11 1 1 12 11 1 12 11 1 12 11 12 10 1 8 1 100 1 12 10 1 1 100 1 12 10 1 100 10 1 12 10 1 100 1 12 10 1 1 100 1 12 9 1 12 10 1 1 100 1 100 1 100 1 1 12 10 1 100 10 1 8 1 8 1 12 10 1 1 1 12 10 12 10 1 1 1 1 10 1 1 12 10 1 12 10 1 1 1 7 10 1 12 10 1 12 11 1 7 1 1 12 10 1 1 1 8 1 100 1 12 10 11 1 8 1 1 100 10 1 11 1 1 12 10 1 12 10 1 1 12 10 1 1 12 10 1 1 1 12 10 1 1 12 10 1 12 10 1 12 10 10 1 12 10 1 1 12 10 1 12 10 10 1 1 1 12 10 1 1 1 12 10 1 10 1 12 10 1 12 10 1 12 10 1 12 10 1 1 1 12 10 1 1 1 12 10 1 12 10 1 12 10 1 1 12 10 12 10 1 1 1 12 10 1 1 1 12 10 1 12 10 1 1 1 12 10 1 1 1 1 12 10 12 10 1 1 1 100 10 1 100 1 12 11 4 11 1 1 12 10 1 100 1 12 10 1 12 11 1 1 12 10 1 1 1 100 1 100 1 12 10 1 12 10 1 100 1 8 1 12 10 10 1 100 1 1 12 10 1 100 6 0 1 1 12 10 1 100 1 1 12 11 1 12 10 1 1 1 12 10 1 1 1 1 1 1 1 1 1
staticfield java/util/Properties UNSAFE Ljdk/internal/misc/Unsafe; jdk/internal/misc/Unsafe
instanceKlass java/util/Hashtable
ciInstanceKlass java/util/Dictionary 1 1 28 1 100 1 1 7 1 1 12 10 1 1 1 1 1 1 1 1 1 1 1 1 1 1 1 1 1 1
instanceKlass java/util/Properties
ciInstanceKlass java/util/Hashtable 1 1 436 1 7 1 1 7 1 100 1 100 1 100 1 7 1 7 1 100 1 100 1 100 1 100 1 1 100 1 1 1 1 1 100 1 100 1 1 1 1 1 1 1 1 1 1 1 1 1 5 0 1 3 1 1 1 1 1 1 1 1 1 3 1 3 1 3 1 1 1 12 10 12 9 1 100 1 100 10 1 8 1 1 12 10 1 12 10 1 1 12 10 1 12 10 1 7 1 1 12 10 1 8 1 12 10 12 9 12 9 4 1 7 1 1 12 10 12 9 1 4 12 10 1 1 1 1 12 11 1 1 12 10 1 12 10 1 12 9 1 1 1 1 1 1 1 12 10 1 1 1 1 1 100 10 100 1 1 12 9 1 7 1 12 10 1 1 12 9 1 12 10 1 1 12 10 3 1 12 9 1 12 9 1 1 1 1 1 1 1 12 10 1 12 10 1 1 1 12 10 1 1 12 11 1 100 1 1 12 11 1 100 1 12 11 1 12 11 1 12 11 1 12 11 12 10 1 1 1 1 12 10 12 10 12 9 12 9 12 9 1 1 100 10 1 100 1 12 10 10 1 8 10 1 12 10 1 8 10 1 100 1 8 1 1 100 1 12 10 1 12 10 1 1 1 1 12 10 1 1 12 10 1 1 12 10 1 10 1 1 10 1 1 12 10 1 100 12 11 12 11 10 1 1 10 1 1 1 1 100 1 12 10 1 100 1 1 12 11 1 100 10 1 1 1 1 100 1 12 11 1 1 1 1 1 1 1 1 1 100 12 11 1 1 1 1 12 10 1 1 1 1 1 1 100 1 12 10 1 100 1 12 10 1 12 10 1 100 1 12 10 1 1 1 1 1 100 1 12 10 1 1 12 10 8 1 12 10 1 100 1 8 10 4 12 10 4 1 12 10 1 8 12 10 1 100 1 1 12 10 1 100 1 100 1 1 12 11 1 1 12 10 12 10 1 1 12 10 1 10 1 1 1 1 1 1 1
instanceKlass org/apache/commons/compress/archivers/tar/TarArchiveSparseZeroInputStream
instanceKlass org/apache/commons/io/input/NullInputStream
instanceKlass org/eclipse/jgit/lib/ObjectStream
instanceKlass org/eclipse/jgit/util/io/ByteBufferInputStream
instanceKlass java/io/SequenceInputStream
instanceKlass java/io/ObjectInputStream
instanceKlass com/google/protobuf/IterableByteBufferInputStream
instanceKlass okio/RealBufferedSource$inputStream$1
instanceKlass sun/nio/ch/NioSocketImpl$1
instanceKlass java/net/Socket$SocketInputStream
instanceKlass sun/security/ssl/SSLSocketImpl$AppInputStream
instanceKlass com/sun/org/apache/xerces/internal/impl/XMLEntityManager$RewindableInputStream
instanceKlass sun/nio/ch/ChannelInputStream
instanceKlass java/util/zip/ZipFile$ZipFileInputStream
instanceKlass java/io/FilterInputStream
instanceKlass java/io/FileInputStream
instanceKlass java/io/ByteArrayInputStream
ciInstanceKlass java/io/InputStream 1 1 150 1 7 1 7 1 100 1 100 1 1 3 1 3 1 3 1 1 12 10 1 1 10 1 1 1 100 1 1 12 10 1 7 1 1 12 10 12 10 1 1 3 1 1 12 10 1 100 1 8 1 12 10 1 100 1 100 1 7 1 1 12 10 1 100 1 8 10 1 7 1 1 12 10 1 100 10 1 1 12 11 1 1 12 10 1 1 12 11 1 100 1 1 12 11 1 1 12 11 1 100 1 1 12 10 1 1 5 0 1 12 10 1 1 12 10 1 100 10 1 8 10 1 1 1 1 1 1 8 1 1 1 1 8 1 1 12 10 1 100 1 1 12 10 1 1 1 1 1 1
ciInstanceKlass java/io/ByteArrayInputStream 1 1 77 1 7 1 7 1 1 1 1 1 1 1 1 1 12 10 12 9 12 9 12 9 12 9 1 1 7 1 1 12 10 1 1 1 1 7 1 1 12 10 1 7 1 1 12 10 1 1 1 100 1 1 12 10 1 12 10 1 1 1 100 1 100 1 12 10 1 1 1 1 1 1 1 1 1 1 1
ciMethod java/io/InputStream readNBytes ([BII)I 1024 1022 632 0 -1
ciMethod java/io/InputStream readAllBytes ()[B 2 0 1 0 -1
instanceKlass jdk/internal/net/http/HttpClientImpl$SelectorManager
instanceKlass java/util/concurrent/ForkJoinWorkerThread
instanceKlass org/eclipse/jgit/util/FS$GobblerThread
instanceKlass okio/AsyncTimeout$Watchdog
instanceKlass java/util/logging/LogManager$Cleaner
instanceKlass org/springframework/context/support/AbstractApplicationContext$1
instanceKlass jdk/internal/misc/InnocuousThread
instanceKlass java/lang/ref/Finalizer$FinalizerThread
instanceKlass java/lang/ref/Reference$ReferenceHandler
ciInstanceKlass java/lang/Thread 1 1 559 1 7 1 7 1 7 1 100 1 100 1 100 1 100 1 100 1 100 1 7 1 1 1 1 1 1 1 1 1 1 1 1 1 1 1 1 1 1 1 1 1 1 1 1 1 1 1 1 1 1 1 1 1 1 1 1 1 3 1 3 1 3 1 1 1 1 1 1 1 1 1 1 1 1 1 1 1 12 9 1 1 12 9 1 1 1 1 12 10 12 9 12 9 1 100 1 100 1 1 1 1 1 100 1 1 100 1 8 1 1 12 10 3 1 8 5 0 12 10 1 1 12 10 12 9 12 9 12 9 12 9 1 100 1 8 10 1 7 1 100 1 100 12 9 1 7 1 1 12 10 1 100 1 1 12 10 10 1 12 10 1 1 12 10 1 1 12 10 1 100 1 1 12 9 1 1 12 10 1 12 10 12 9 1 1 12 10 1 12 10 12 9 1 1 12 10 12 9 1 7 1 1 12 10 12 9 12 9 1 1 12 10 1 1 12 10 12 9 12 10 12 9 1 1 1 100 10 1 7 10 1 8 1 1 12 10 12 10 1 12 10 1 1 12 10 1 12 10 1 1 12 10 1 1 1 1 1 1 12 9 1 100 10 1 1 12 10 1 12 10 1 12 10 1 12 11 1 1 7 1 1 12 9 1 12 10 1 12 10 12 10 12 9 1 1 1 1 10 1 12 9 1 12 10 1 100 10 1 1 12 10 1 12 9 1 12 10 12 11 1 12 10 1 1 12 9 1 1 1 12 10 1 12 10 10 1 12 10 1 12 10 1 1 12 10 1 1 12 10 1 1 12 10 1 1 100 10 1 12 10 1 12 10 1 12 10 1 100 1 1 12 9 1 1 12 10 12 10 1 1 100 1 8 10 1 12 10 1 1 1 12 10 1 8 12 10 1 8 10 1 8 1 8 1 1 100 1 12 10 1 100 1 1 12 10 1 1 1 100 8 10 1 1 1 1 1 12 9 12 9 1 1 12 10 1 100 100 10 12 10 1 1 1 1 12 9 1 1 12 10 1 100 12 10 1 100 1 100 1 1 12 11 1 1 1 12 9 1 1 12 9 1 1 12 10 1 12 10 1 100 1 1 12 11 1 100 1 12 10 1 1 12 10 1 12 11 1 12 10 1 12 10 1 1 12 10 1 1 1 1 7 1 1 12 10 1 1 8 12 9 1 1 1 1 1 1 12 10 1 1 12 11 1 1 100 1 1 12 10 1 12 11 1 100 1 12 10 1 7 1 1 1 1 1 1 1 1 1
staticfield java/lang/Thread EMPTY_STACK_TRACE [Ljava/lang/StackTraceElement; 0 [Ljava/lang/StackTraceElement;
ciMethod java/lang/System arraycopy (Ljava/lang/Object;ILjava/lang/Object;II)V 768 0 384 0 -1
ciMethod java/lang/System getSecurityManager ()Ljava/lang/SecurityManager; 512 0 101504 0 96
ciMethod java/lang/System allowSecurityManager ()Z 514 0 101504 0 0
instanceKlass java/lang/Exception
instanceKlass java/lang/Error
ciInstanceKlass java/lang/Throwable 1 1 353 1 7 1 7 1 100 1 100 1 100 1 100 1 100 1 1 1 1 1 1 5 0 1 1 1 1 1 1 1 1 1 1 1 1 1 1 1 1 1 8 1 1 8 1 1 8 1 1 8 1 1 1 1 1 1 12 10 12 9 12 9 12 9 12 9 12 9 1 1 12 10 1 12 9 1 1 1 1 12 10 1 100 1 1 1 12 10 1 1 1 1 100 1 7 10 1 8 1 1 12 10 1 8 1 7 1 12 10 10 12 10 1 100 1 8 10 1 1 1 12 10 1 7 1 12 10 12 10 1 8 1 1 100 1 1 12 9 1 12 10 12 10 1 12 10 1 100 10 1 7 1 1 12 10 1 100 1 1 12 11 1 1 12 10 1 1 12 10 1 1 12 10 100 1 8 1 12 10 1 1 12 10 100 1 8 1 1 12 10 12 10 1 8 1 12 9 1 100 1 12 10 1 100 10 1 12 11 1 8 1 8 1 7 1 12 10 1 8 1 12 10 1 8 1 12 10 12 9 1 12 10 1 1 12 10 12 9 1 1 12 10 1 1 1 100 1 8 12 10 1 1 1 100 1 100 1 100 1 12 10 1 1 12 10 1 7 1 100 1 1 12 10 1 12 10 1 7 1 1 12 11 1 100 1 1 12 11 1 12 11 1 1 12 10 10 10 1 1 12 9 1 8 1 1 1 12 10 10 1 100 1 8 10 1 1 12 11 1 8 1 1 1 12 9 1 100 1 12 10 1 11 12 9 1 1 12 11 1 1 12 10 1 1 12 10 1 1 1 1 1 1 1
staticfield java/lang/Throwable UNASSIGNED_STACK [Ljava/lang/StackTraceElement; 0 [Ljava/lang/StackTraceElement;
staticfield java/lang/Throwable SUPPRESSED_SENTINEL Ljava/util/List; java/util/Collections$EmptyList
staticfield java/lang/Throwable EMPTY_THROWABLE_ARRAY [Ljava/lang/Throwable; 0 [Ljava/lang/Throwable;
staticfield java/lang/Throwable $assertionsDisabled Z 1
instanceKlass org/sonarsource/analyzer/commons/internal/json/simple/parser/ParseException
instanceKlass javax/xml/xpath/XPathException
instanceKlass org/sonarsource/analyzer/commons/internal/json/simple/parser/ParseException
instanceKlass javax/xml/stream/XMLStreamException
instanceKlass org/apache/commons/codec/EncoderException
instanceKlass org/apache/commons/codec/DecoderException
instanceKlass org/eclipse/jgit/errors/InvalidPatternException
instanceKlass com/google/protobuf/Descriptors$DescriptorValidationException
instanceKlass org/eclipse/jgit/errors/BinaryBlobException
instanceKlass org/eclipse/jgit/errors/CommandFailedException
instanceKlass com/google/common/collect/RegularImmutableMap$BucketOverflowException
instanceKlass org/tmatesoft/svn/core/SVNException
instanceKlass org/eclipse/jgit/api/errors/GitAPIException
instanceKlass org/eclipse/jgit/errors/ConfigInvalidException
instanceKlass java/util/concurrent/TimeoutException
instanceKlass java/util/concurrent/ExecutionException
instanceKlass java/beans/IntrospectionException
instanceKlass java/util/zip/DataFormatException
instanceKlass sun/security/ec/ECOperations$IntermediateValueException
instanceKlass sun/nio/fs/WindowsException
instanceKlass sun/security/pkcs11/wrapper/PKCS11Exception
instanceKlass java/security/PrivilegedActionException
instanceKlass java/text/ParseException
instanceKlass java/net/URISyntaxException
instanceKlass java/lang/CloneNotSupportedException
instanceKlass ch/qos/logback/core/boolex/EvaluationException
instanceKlass ch/qos/logback/core/util/PropertySetterException
instanceKlass java/lang/InterruptedException
instanceKlass javax/naming/NamingException
instanceKlass ch/qos/logback/core/model/processor/ModelHandlerException
instanceKlass ch/qos/logback/core/spi/ScanException
instanceKlass ch/qos/logback/core/joran/spi/ActionException
instanceKlass javax/xml/parsers/ParserConfigurationException
instanceKlass org/xml/sax/SAXException
instanceKlass java/security/GeneralSecurityException
instanceKlass ch/qos/logback/core/util/DynamicClassLoadingException
instanceKlass ch/qos/logback/core/util/IncompatibleClassException
instanceKlass ch/qos/logback/core/joran/spi/JoranException
instanceKlass java/io/IOException
instanceKlass java/lang/ReflectiveOperationException
instanceKlass java/lang/RuntimeException
ciInstanceKlass java/lang/Exception 1 1 27 1 100 1 7 1 1 5 0 1 1 12 10 1 12 10 1 12 10 1 12 10 1 12 10 1 1
instanceKlass java/lang/NoSuchFieldException
instanceKlass java/lang/reflect/InvocationTargetException
instanceKlass java/lang/IllegalAccessException
instanceKlass java/lang/InstantiationException
instanceKlass java/lang/NoSuchMethodException
instanceKlass java/lang/ClassNotFoundException
ciInstanceKlass java/lang/ReflectiveOperationException 1 1 24 1 100 1 7 1 1 5 0 1 1 12 10 1 12 10 1 12 10 1 12 10 1 1
instanceKlass kotlin/NotImplementedError
instanceKlass java/lang/AssertionError
instanceKlass java/util/ServiceConfigurationError
instanceKlass java/lang/VirtualMachineError
instanceKlass java/lang/LinkageError
instanceKlass java/lang/ThreadDeath
ciInstanceKlass java/lang/Error 1 1 27 1 100 1 7 1 1 5 0 1 1 12 10 1 12 10 1 12 10 1 12 10 1 12 10 1 1
ciInstanceKlass java/lang/ThreadDeath 0 0 15 1 100 1 100 1 1 5 0 1 1 12 10 1 1
ciMethod java/lang/Throwable getCause ()Ljava/lang/Throwable; 4 0 563 0 -1
ciMethod java/lang/Throwable addSuppressed (Ljava/lang/Throwable;)V 0 0 154 0 -1
ciInstanceKlass java/lang/ClassNotFoundException 1 1 80 1 7 1 7 1 100 1 100 1 1 100 1 100 1 1 1 5 0 1 1 1 1 1 7 1 12 10 1 1 12 10 1 1 1 12 10 1 1 1 100 1 1 12 10 1 8 1 1 12 10 1 12 10 1 1 1 1 12 10 1 1 12 10 1 12 10 1 1 7 1 12 10 12 9 1 1 1 1 1
staticfield java/lang/ClassNotFoundException serialPersistentFields [Ljava/io/ObjectStreamField; 1 [Ljava/io/ObjectStreamField;
instanceKlass java/lang/ClassFormatError
instanceKlass java/lang/IncompatibleClassChangeError
instanceKlass java/lang/BootstrapMethodError
instanceKlass java/lang/NoClassDefFoundError
ciInstanceKlass java/lang/LinkageError 1 1 21 1 100 1 7 1 1 5 0 1 1 12 10 1 12 10 1 12 10 1 1
instanceKlass org/sonar/python/checks/SklearnEstimatorHyperparametersCheck$Param
instanceKlass org/sonar/plugins/secrets/api/SpecificationConfiguration
instanceKlass jdk/net/UnixDomainPrincipal
ciInstanceKlass java/lang/Record 1 1 16 1 100 1 7 1 1 12 10 1 1 1 1 1 1 1
ciInstanceKlass java/lang/StringLatin1 1 1 288 1 7 1 100 1 100 1 100 1 1 1 1 1 1 12 10 1 1 1 100 1 12 10 1 1 1 1 1 1 1 1 1 1 1 1 1 12 10 1 1 7 1 1 12 10 1 12 10 1 1 1 1 1 7 1 1 12 10 1 1 1 1 1 1 12 10 1 7 1 1 12 10 1 12 10 1 12 10 10 1 12 10 1 7 1 1 12 10 10 1 1 100 1 7 1 1 12 9 1 1 12 10 1 7 1 1 12 10 1 12 10 1 1 12 10 1 1 12 10 1 12 10 1 1 1 1 7 1 1 12 10 1 12 10 1 1 12 10 1 1 100 12 9 1 100 10 1 100 1 100 1 1 12 10 1 7 1 1 12 10 1 12 10 1 12 10 1 100 1 8 1 12 10 1 8 1 1 12 10 1 1 1 100 10 10 1 7 1 1 12 10 1 8 1 8 1 8 1 1 12 10 1 100 1 12 10 1 12 10 1 1 12 10 1 12 10 1 100 1 1 12 10 1 12 10 12 10 12 10 1 12 10 12 10 1 1 10 1 1 12 10 1 1 12 10 12 10 1 1 1 1 1 1 1 12 10 1 100 1 1 12 10 1 1 1 1 12 10 1 1 1 12 10 10 1 1 7 1 1 12 10 1 1 1 1 1 1
staticfield java/lang/StringLatin1 $assertionsDisabled Z 1
instanceKlass javax/crypto/CryptoPermission
instanceKlass sun/security/provider/PolicyFile$SelfPermission
instanceKlass java/net/URLPermission
instanceKlass java/net/SocketPermission
instanceKlass java/io/FilePermission
instanceKlass java/security/UnresolvedPermission
instanceKlass java/security/AllPermission
instanceKlass java/security/BasicPermission
ciInstanceKlass java/security/Permission 1 1 85 1 7 1 7 1 100 1 100 1 1 5 0 1 1 1 1 1 12 10 12 9 1 1 1 100 1 100 1 1 12 10 1 100 1 1 12 10 1 1 1 1 1 1 1 1 1 1 1 1 12 10 1 7 1 1 12 10 1 7 10 1 8 1 1 12 10 1 1 12 10 1 7 12 10 1 8 1 8 12 10 1 1 1 1
ciInstanceKlass java/io/FilePermission 1 1 361 1 7 1 7 1 100 1 100 1 7 1 1 3 1 3 1 3 1 3 1 3 1 3 1 3 1 1 1 1 1 1 1 1 1 1 1 1 1 1 3 1 3 1 1 5 0 1 1 1 1 1 1 1 1 1 12 10 12 9 12 9 12 9 12 9 12 9 12 9 12 9 12 9 12 9 1 1 1 100 1 7 1 1 12 11 12 9 1 12 11 1 1 12 11 1 12 11 1 1 1 100 1 8 10 1 7 1 12 9 1 1 12 10 1 100 1 8 10 1 7 1 8 1 1 12 10 12 9 1 8 1 1 12 10 1 100 1 12 10 1 1 12 10 1 1 12 10 1 1 12 10 1 8 1 12 10 12 9 1 7 10 1 12 10 1 7 1 12 10 1 12 11 12 9 11 1 12 11 1 8 1 8 1 12 10 1 100 1 1 12 10 1 1 12 10 1 12 9 1 1 1 12 10 12 10 1 1 1 1 1 12 10 1 1 12 10 1 12 10 1 1 12 10 1 1 12 10 1 12 11 1 100 1 12 10 1 12 11 12 9 1 12 11 1 100 1 1 12 10 1 1 100 1 100 1 1 12 10 1 100 1 12 10 1 1 12 10 1 8 1 8 1 8 1 8 1 8 1 1 12 10 1 100 1 8 1 1 1 100 1 8 1 12 10 1 1 12 10 10 12 10 1 1 1 7 10 1 1 1 100 12 10 1 100 1 12 10 1 1 1 100 1 100 1 12 10 1 1 12 10 1 1 7 1 1 12 10 1 8 1 7 1 1 12 10 1 8 10 1 7 1 1 12 10 1 1 1 1 1 1
staticfield java/io/FilePermission builtInFS Ljava/nio/file/FileSystem; sun/nio/fs/WindowsFileSystem
staticfield java/io/FilePermission here Ljava/nio/file/Path; sun/nio/fs/WindowsPath
staticfield java/io/FilePermission EMPTY_PATH Ljava/nio/file/Path; sun/nio/fs/WindowsPath
staticfield java/io/FilePermission DASH_PATH Ljava/nio/file/Path; sun/nio/fs/WindowsPath
staticfield java/io/FilePermission DOTDOT_PATH Ljava/nio/file/Path; sun/nio/fs/WindowsPath
ciMethod java/security/Permission getActions ()Ljava/lang/String; 0 0 1 0 -1
ciMethod java/security/Permission getName ()Ljava/lang/String; 232 0 116 0 -1
ciInstanceKlass java/lang/Math 1 1 330 1 7 1 100 1 100 1 1 1 6 0 1 6 0 1 6 0 1 6 0 1 1 1 1 1 1 1 1 1 12 10 1 1 1 1 7 12 10 1 12 10 1 12 10 1 12 10 1 12 10 1 12 10 1 1 1 12 10 1 12 10 1 12 10 1 12 10 1 12 10 1 1 12 10 1 12 10 1 12 10 1 12 10 1 12 10 1 12 10 1 1 1 7 1 12 10 3 3 3 1 1 7 1 12 10 5 0 5 0 5 0 5 0 5 0 1 1 1 1 12 9 1 100 1 12 10 1 1 1 100 1 8 1 12 10 1 1 8 1 1 1 12 10 1 1 12 10 5 0 5 0 1 1 3 5 0 1 3 1 1 1 1 1 1 5 0 1 12 10 1 1 12 10 1 1 8 12 10 1 8 1 1 1 12 9 12 9 1 1 1 1 1 12 10 6 0 1 12 10 12 9 1 100 10 1 12 10 1 100 1 12 10 1 1 12 10 1 12 10 1 12 10 1 1 12 10 1 1 12 10 12 10 1 1 1 12 10 12 10 6 0 1 1 12 10 1 1 12 10 12 10 12 10 4 1 1 12 10 1 12 10 1 1 12 10 12 10 12 10 1 12 10 1 12 10 1 12 10 1 12 10 1 12 10 1 12 10 5 0 1 6 0 1 4 1 6 0 4 1 6 0 4 1 1 12 10 12 9 12 10 12 9 1 1 1 7 1 1 12 10 4 6 0 1 1 1 1 1 1
staticfield java/lang/Math negativeZeroFloatBits J -2147483648
staticfield java/lang/Math negativeZeroDoubleBits J -9223372036854775808
staticfield java/lang/Math $assertionsDisabled Z 1
ciInstanceKlass java/util/Arrays 1 1 887 1 7 1 7 1 100 1 7 1 7 1 100 1 1 100 1 100 1 1 100 1 1 1 100 1 100 1 1 100 1 1 100 1 1 100 1 1 1 100 1 100 1 1 100 1 1 100 1 1 1 100 1 100 1 1 1 3 1 3 1 1 1 1 12 10 1 1 1 100 1 12 10 1 1 1 12 10 1 1 12 10 1 1 1 12 10 1 1 12 10 1 1 12 10 1 1 12 10 1 1 1 12 10 1 1 1 100 1 1 12 10 1 100 1 7 10 1 8 1 1 12 10 1 12 10 1 8 1 8 1 1 12 10 1 12 10 1 100 1 12 10 1 1 1 1 12 9 1 7 1 12 10 1 1 12 10 1 7 1 12 10 1 7 1 1 12 10 1 100 1 12 10 1 1 12 10 1 1 1 1 1 7 1 100 1 1 1 1 12 9 1 12 10 1 7 1 12 10 1 12 10 1 1 12 10 1 12 10 1 1 12 10 1 7 1 1 12 11 1 12 10 1 7 1 1 12 10 12 10 12 10 1 12 10 12 10 12 10 1 1 12 11 1 1 1 1 7 1 1 12 10 1 12 10 10 1 1 1 1 12 10 10 1 1 1 12 10 10 1 1 1 12 10 10 1 1 1 1 1 12 10 1 1 12 10 1 1 12 10 1 1 12 10 1 1 12 10 1 1 12 10 1 100 1 1 12 10 1 100 1 1 12 10 1 100 1 1 12 10 1 100 1 1 12 10 1 1 1 12 10 1 1 1 1 7 1 1 12 10 1 1 12 10 1 1 12 10 1 1 12 10 1 1 12 10 1 1 12 10 1 1 1 12 10 1 1 12 10 1 1 12 10 1 1 12 10 1 1 12 10 1 1 12 10 1 1 12 10 1 1 12 10 1 1 12 10 1 1 12 10 1 1 12 10 1 1 1 1 1 1 1 1 1 1 1 1 1 1 1 1 1 1 1 1 1 1 1 1 1 1 1 12 10 1 1 7 1 1 12 10 1 1 1 1 1 1 1 1 1 1 12 10 1 1 8 1 1 1 1 1 1 1 1 1 1 1 1 12 10 1 1 1 100 1 1 100 1 1 100 1 1 100 1 1 100 1 1 100 1 1 1 12 10 1 12 10 1 1 12 10 1 1 100 1 1 12 9 12 10 1 100 9 12 10 1 100 9 12 10 1 100 9 12 10 1 100 9 12 10 1 100 9 12 10 9 12 10 12 10 1 1 12 10 12 9 1 100 10 12 10 12 10 12 10 12 10 12 10 12 10 12 10 12 10 12 10 1 12 10 1 1 8 1 8 1 12 10 1 12 10 1 8 1 1 1 1 1 1 12 10 1 1 12 10 1 1 12 10 1 1 7 1 1 12 10 1 3 10 1 100 10 1 12 10 1 1 100 1 12 11 1 1 12 10 12 10 12 10 12 10 12 10 12 10 12 10 12 10 12 10 1 12 11 1 8 10 1 12 11 1 1 1 1 100 1 1 12 11 1 1 100 1 1 12 11 1 1 12 11 16 1 1 12 10 15 1 100 1 1 12 10 15 1 1 12 18 1 1 12 11 1 1 100 1 1 12 11 1 1 12 10 15 1 12 18 1 1 100 1 1 12 11 1 1 12 10 15 1 12 18 1 1 100 1 1 12 11 1 1 12 10 15 1 12 18 1 1 1 1 7 1 12 10 1 1 1 12 10 1 1 12 10 1 1 12 10 1 1 12 10 1 1 12 10 1 1 12 10 1 1 12 10 1 1 1 1 12 10 1 12 10 1 7 1 12 10 1 1 12 10 12 10 1 1 12 10 1 1 12 10 12 10 1 1 12 10 1 1 12 10 12 10 1 1 12 10 1 1 12 10 1 1 1 12 10 1 1 12 10 1 1 12 10 1 12 10 1 1 12 10 1 1 12 10 1 12 10 1 1 12 10 1 12 10 1 1 12 10 1 1 1 12 10 1 1 1 1 1 1 1 1 1 1 1 1 1 12 10 1 1 1 1 1 1 1 1
staticfield java/util/Arrays $assertionsDisabled Z 1
ciMethod java/lang/StringLatin1 equals ([B[B)Z 806 532 1788 0 -1
ciMethod java/lang/StringLatin1 hashCode ([B)I 436 8192 1181 0 352
ciMethod java/lang/StringLatin1 inflate ([BI[BII)V 54 0 285 0 -1
ciMethod java/lang/StringLatin1 charAt ([BI)C 574 0 906298 0 128
ciInstanceKlass java/lang/StringUTF16 1 1 468 1 7 1 100 1 100 1 100 1 100 1 1 1 1 1 1 1 3 1 1 1 1 12 10 1 1 1 100 10 1 100 1 100 10 1 8 1 1 12 10 1 12 10 1 8 1 1 12 10 1 12 10 1 1 1 12 9 1 1 12 10 1 100 1 8 1 12 10 12 9 12 9 1 1 1 1 10 1 1 12 10 12 10 1 7 1 1 12 10 1 12 10 1 1 12 10 1 12 10 1 1 1 12 10 1 1 1 12 10 12 10 1 1 1 1 12 10 1 1 12 10 1 100 12 10 1 1 12 10 1 1 12 10 1 12 10 1 1 1 12 10 1 12 10 1 100 1 100 1 12 10 10 1 1 12 10 1 12 10 1 1 1 1 1 1 1 1 1 1 12 10 1 12 10 1 100 1 1 12 10 1 1 100 1 12 10 12 10 1 1 1 12 10 1 12 10 1 1 12 10 1 1 12 10 1 12 10 1 12 10 1 1 12 10 1 1 3 1 1 12 10 1 12 10 1 12 10 1 1 12 10 1 7 1 12 10 1 12 10 1 1 12 10 1 1 1 12 9 1 12 10 12 10 1 12 10 1 1 100 12 10 12 10 10 1 100 12 10 12 10 10 1 100 1 1 12 10 1 7 1 1 12 10 1 12 10 1 12 10 1 8 1 8 1 1 1 1 12 10 1 1 100 10 1 7 1 1 12 10 1 7 1 12 10 1 8 1 8 1 8 1 1 12 10 1 1 12 10 12 10 1 12 10 1 100 1 12 10 1 1 12 10 1 12 10 1 100 1 12 10 12 10 12 10 1 12 10 12 10 1 1 1 12 10 1 1 12 10 1 12 10 1 12 10 12 10 1 1 1 1 1 1 1 12 10 1 100 1 1 12 10 1 1 1 1 1 12 10 1 1 12 10 1 1 7 1 12 11 1 1 1 1 1 12 10 1 1 12 10 1 1 1 1 1 1 1 1 1 12 10 1 1 1 1 1 1 12 9 1 12 9 5 0 5 0 1 12 10 12 10 12 10 1 1 7 1 12 10 12 10 1 1 1 1 1 1 1
staticfield java/lang/StringUTF16 HI_BYTE_SHIFT I 0
staticfield java/lang/StringUTF16 LO_BYTE_SHIFT I 8
staticfield java/lang/StringUTF16 $assertionsDisabled Z 1
ciMethod java/lang/StringUTF16 length ([B)I 2 0 225636 0 0
ciMethod java/lang/StringUTF16 hashCode ([B)I 0 0 182 0 0
ciMethod java/lang/StringUTF16 checkIndex (I[B)V 0 0 222970 0 0
ciMethod java/lang/StringUTF16 getChar ([BI)C 1024 0 6369 0 -1
ciMethod java/lang/StringUTF16 charAt ([BI)C 71736 0 107085 0 128
ciInstanceKlass java/lang/Boolean 1 1 136 1 7 1 1 7 1 100 1 100 1 100 1 1 1 1 1 1 1 1 1 1 1 5 0 1 1 1 1 1 1 3 1 12 10 12 9 1 1 1 12 10 12 10 1 8 1 7 1 12 10 1 1 1 1 1 12 9 12 9 1 1 1 1 8 1 1 1 1 12 10 1 1 12 10 1 1 100 1 100 1 7 1 1 12 10 1 100 1 1 1 1 12 10 1 1 1 1 1 1 1 1 100 1 12 9 12 9 1 100 1 100 1 1 12 10 1 12 10 1 1 8 1 7 1 1 12 10 12 9 1 1 1 1 1 1
staticfield java/lang/Boolean TRUE Ljava/lang/Boolean; java/lang/Boolean
staticfield java/lang/Boolean FALSE Ljava/lang/Boolean; java/lang/Boolean
staticfield java/lang/Boolean TYPE Ljava/lang/Class; java/lang/Class
instanceKlass java/util/concurrent/locks/AbstractQueuedSynchronizer
ciInstanceKlass java/util/concurrent/locks/AbstractOwnableSynchronizer 1 1 25 1 7 1 7 1 100 1 1 5 0 1 1 1 1 12 10 1 1 12 9 1 1 1 1
instanceKlass com/google/gson/internal/LazilyParsedNumber
instanceKlass com/google/gson/internal/LazilyParsedNumber
instanceKlass java/util/concurrent/atomic/Striped64
instanceKlass java/math/BigDecimal
instanceKlass com/google/gson/internal/LazilyParsedNumber
instanceKlass java/math/BigInteger
instanceKlass java/util/concurrent/atomic/AtomicLong
instanceKlass java/util/concurrent/atomic/AtomicInteger
instanceKlass java/lang/Long
instanceKlass java/lang/Integer
instanceKlass java/lang/Short
instanceKlass java/lang/Byte
instanceKlass java/lang/Double
instanceKlass java/lang/Float
ciInstanceKlass java/lang/Number 1 1 31 1 100 1 7 1 100 1 1 5 0 1 1 12 10 1 1 1 1 1 1 1 1 1 1 12 10 1 1 1 1
instanceKlass java/lang/LiveStackFrameInfo
ciInstanceKlass java/lang/StackFrameInfo 0 0 123 1 100 1 100 1 100 1 100 1 1 1 1 1 1 1 1 1 1 1 1 1 1 12 10 12 9 9 12 9 1 100 1 1 12 11 12 9 1 1 1 1 1 12 11 1 1 12 10 1 100 1 12 10 1 12 10 1 1 12 11 1 1 1 12 11 1 1 12 11 1 1 1 1 12 10 12 9 1 1 1 12 10 1 100 12 10 1 12 10 1 1 12 11 1 12 10 12 9 1 1 12 10 1 100 1 100 1 8 1 12 10 1 1 100 1 1 12 10 1 1 1 1
ciInstanceKlass java/lang/LiveStackFrameInfo 0 0 85 1 100 1 100 1 100 1 100 1 100 1 1 1 100 1 1 1 1 1 3 1 3 1 1 1 1 1 1 12 10 12 9 12 9 12 9 12 9 12 9 1 1 1 1 1 1 1 100 12 10 1 12 10 1 8 1 1 12 10 1 8 1 8 1 8 10 1 1 1 12 10 1 1 12 10 1 1 1 100 1 1 1 1 1
ciInstanceKlass java/lang/Character 1 1 531 1 7 1 1 7 1 100 1 100 1 100 1 1 7 1 100 1 100 1 100 1 1 1 1 1 1 3 1 3 1 1 3 1 3 1 1 1 1 1 1 3 1 1 3 1 3 1 3 1 3 1 3 1 3 1 3 1 3 1 3 1 3 1 3 1 3 1 3 1 3 1 3 1 3 1 3 1 3 1 3 1 3 1 3 1 3 1 3 1 3 1 3 1 3 1 3 1 3 1 1 1 1 1 1 1 1 1 1 1 1 1 1 1 1 1 1 1 3 1 1 1 1 1 1 3 1 3 1 3 1 3 1 1 1 3 1 1 3 1 1 1 5 0 1 1 1 1 1 1 1 1 100 1 1 12 9 1 8 1 1 12 9 1 100 12 9 1 100 1 1 12 10 1 100 1 1 12 10 1 100 1 1 12 10 1 1 1 1 1 1 1 12 10 1 1 1 1 12 9 12 10 1 1 1 1 1 12 10 1 1 12 10 1 1 1 7 1 12 10 1 1 12 10 1 1 1 1 3 1 1 1 3 1 1 1 12 10 12 10 1 1 1 1 3 1 1 1 7 1 1 12 11 1 12 11 12 10 1 1 1 12 10 1 100 10 1 1 12 10 1 3 1 1 1 12 10 12 10 1 1 12 10 1 100 1 8 1 1 12 10 1 12 10 1 12 10 12 10 1 1 1 12 10 1 1 1 12 10 1 12 10 1 7 1 12 10 10 1 12 10 10 1 12 10 1 12 10 1 12 10 10 1 12 10 1 12 10 1 12 10 1 1 1 12 10 1 1 12 10 1 1 12 10 1 12 10 12 10 10 12 10 10 1 12 10 10 1 12 10 10 1 12 10 10 1 1 12 10 10 1 12 10 10 1 12 10 10 1 1 1 12 10 10 1 12 10 10 1 5 0 1 12 10 1 12 10 10 1 12 10 10 1 1 1 1 1 12 10 10 1 12 10 10 1 1 1 12 10 1 12 9 1 100 10 12 10 1 12 10 1 3 1 1 100 1 1 12 10 12 10 1 12 10 1 100 10 12 10 1 1 12 10 1 1 12 10 1 8 1 12 10 1 100 1 1 12 9 1 12 10 10 1 1 1 100 1 12 10 1 12 10 1 12 10 10 1 1 12 10 10 12 10 1 8 1 12 10 1 1 7 1 1 12 10 1 8 1 1 12 10 12 9 1 1 1 1 1 1 1 1
staticfield java/lang/Character TYPE Ljava/lang/Class; java/lang/Class
staticfield java/lang/Character $assertionsDisabled Z 1
ciInstanceKlass java/lang/Float 1 1 199 1 7 1 1 7 1 100 1 100 1 100 1 1 100 1 100 1 1 1 4 1 4 1 4 1 4 1 4 1 4 1 1 3 1 3 1 3 1 3 1 1 1 1 1 1 5 0 1 1 1 7 1 12 10 1 1 100 1 1 12 10 1 1 12 10 1 100 1 12 10 1 8 1 8 1 100 1 1 12 10 1 1 1 100 1 1 12 10 1 1 12 10 1 1 10 1 1 1 1 1 1 1 1 3 1 12 10 12 9 1 1 1 12 10 12 10 1 12 10 1 1 1 1 1 1 1 1 1 1 1 1 1 1 12 10 1 12 10 1 1 1 12 10 3 1 1 1 1 1 1 12 10 1 1 1 12 10 1 12 10 1 1 1 1 100 1 1 12 10 1 1 1 12 10 1 1 100 12 10 1 1 8 1 7 1 1 12 10 12 9 1 1 1 1 1 1 1 1
staticfield java/lang/Float TYPE Ljava/lang/Class; java/lang/Class
ciInstanceKlass java/lang/Double 1 1 253 1 7 1 1 7 1 100 1 100 1 100 1 1 100 1 100 1 1 1 6 0 1 6 0 1 6 0 1 6 0 1 6 0 1 6 0 1 1 3 1 3 1 3 1 3 1 1 1 1 1 1 5 0 1 1 1 7 1 12 10 1 1 1 12 10 12 10 1 100 1 1 12 10 1 100 1 1 12 10 6 0 1 8 1 1 12 10 1 8 1 1 12 10 1 8 1 1 12 10 5 0 5 0 1 8 1 8 1 100 1 100 1 12 10 1 1 12 10 1 8 1 1 12 10 1 8 1 8 1 8 1 1 12 10 1 12 10 1 1 12 10 1 12 10 1 12 10 1 1 1 100 1 1 12 10 1 12 10 1 1 10 1 1 1 1 1 1 3 1 12 10 12 9 1 1 12 10 12 10 1 1 1 1 1 1 1 1 1 1 1 1 1 12 10 1 12 10 5 0 1 1 1 1 1 1 12 10 1 1 12 10 1 12 10 1 1 1 1 100 1 1 12 10 1 1 1 12 10 1 1 100 12 10 1 1 8 1 7 1 1 12 10 12 9 1 1 1 1 1 1 1 1
staticfield java/lang/Double TYPE Ljava/lang/Class; java/lang/Class
ciInstanceKlass java/lang/Byte 1 1 197 1 7 1 1 7 1 100 1 100 1 1 7 1 1 1 3 1 3 1 1 1 1 1 1 3 1 3 1 1 5 0 1 1 1 100 1 12 10 1 1 1 1 100 1 1 12 9 1 8 1 1 12 9 1 100 1 1 12 10 1 1 12 10 1 100 1 1 12 10 1 100 1 1 12 10 1 1 1 1 12 9 1 1 1 100 1 1 12 10 1 100 1 1 12 10 1 8 1 1 12 10 1 8 1 12 10 1 12 10 1 12 10 1 12 10 1 12 10 1 12 10 1 1 12 10 10 1 8 1 8 1 1 1 1 1 10 12 9 1 1 1 1 1 1 1 1 1 1 1 12 10 1 1 12 10 1 1 12 10 1 1 1 1 12 10 1 1 12 10 1 1 5 0 1 12 10 1 1 8 1 7 1 1 12 10 12 9 1 1 1 1 1 1 1 1 1
staticfield java/lang/Byte TYPE Ljava/lang/Class; java/lang/Class
ciMethod java/lang/Byte toUnsignedInt (B)I 534 0 1385 0 -1
ciInstanceKlass java/lang/Short 1 1 204 1 7 1 1 7 1 100 1 100 1 1 7 1 1 1 3 1 3 1 1 1 1 1 1 3 1 3 1 1 5 0 1 1 1 100 1 12 10 1 1 1 100 1 1 12 10 1 100 1 1 12 10 1 8 1 1 12 10 1 8 1 12 10 1 12 10 1 12 10 1 12 10 1 1 1 12 10 1 12 10 1 1 1 1 100 1 1 12 9 1 8 1 1 12 9 1 100 1 1 12 10 1 12 10 1 100 1 1 12 10 1 100 1 1 12 10 1 1 1 12 9 1 12 10 1 1 12 10 10 1 8 1 8 1 1 1 1 3 10 12 9 1 1 1 1 1 1 1 1 1 1 1 12 10 1 1 12 10 1 1 12 10 1 1 1 1 12 10 1 1 12 10 1 1 3 3 1 1 5 0 1 12 10 1 1 8 1 7 1 1 12 10 12 9 1 1 1 1 1 1 1 1 1
staticfield java/lang/Short TYPE Ljava/lang/Class; java/lang/Class
ciInstanceKlass java/lang/Integer 1 1 390 1 7 1 1 7 1 100 1 100 1 100 1 1 7 1 1 100 1 100 1 1 1 3 1 3 1 1 1 1 1 1 1 1 1 1 1 1 3 1 3 1 1 5 0 1 1 1 12 10 1 7 1 1 12 9 100 12 9 1 100 1 1 12 10 1 12 10 1 100 1 1 12 10 10 1 1 1 12 10 1 100 1 12 10 1 1 12 10 1 1 1 1 12 10 1 7 1 1 12 10 1 1 12 10 1 1 12 10 1 12 10 1 1 12 10 1 1 12 10 10 1 12 10 12 9 12 9 1 1 1 100 1 8 1 12 10 1 100 1 12 10 1 8 1 1 12 10 1 12 10 1 8 1 12 10 1 8 1 1 12 10 3 1 1 12 10 1 1 12 10 1 7 1 1 12 10 1 1 7 1 1 12 10 1 7 11 1 100 10 11 1 1 12 10 1 8 1 12 10 1 1 8 1 100 1 1 12 10 1 1 12 10 5 0 1 8 12 10 1 12 10 12 10 1 1 1 12 10 1 1 12 9 1 1 12 9 1 12 10 1 1 1 1 3 10 12 9 1 1 1 1 1 1 1 1 1 1 1 1 12 10 1 1 12 10 1 1 12 10 1 100 1 100 1 7 1 1 12 10 1 100 1 12 10 1 1 12 10 1 8 1 8 1 1 12 10 1 8 1 8 1 8 1 8 1 8 1 8 1 12 10 12 10 1 1 1 12 10 1 5 0 1 1 1 1 3 1 1 3 3 3 1 1 1 1 12 10 1 3 1 1 12 10 1 1 1 1 100 1 1 12 10 1 1 1 12 10 1 1 100 12 10 1 1 8 1 7 1 1 12 10 12 9 3 3 3 3 3 12 9 1 1 1 1 1 1 1 1 1
staticfield java/lang/Integer TYPE Ljava/lang/Class; java/lang/Class
staticfield java/lang/Integer digits [C 36
staticfield java/lang/Integer DigitTens [B 100
staticfield java/lang/Integer DigitOnes [B 100
staticfield java/lang/Integer sizeTable [I 10
ciInstanceKlass java/lang/Long 1 1 440 1 7 1 1 7 1 100 1 100 1 100 1 1 7 1 1 100 1 100 1 1 1 5 0 1 5 0 1 1 1 1 1 1 3 1 3 1 5 0 1 1 1 12 10 1 7 1 1 12 9 1 100 1 7 1 1 12 9 1 100 1 1 12 10 1 12 10 1 100 1 1 12 10 10 1 12 10 1 12 10 1 12 10 1 12 10 5 0 5 0 1 7 1 1 12 10 1 1 12 10 1 12 10 1 12 10 1 12 10 1 1 12 10 1 100 1 12 10 1 12 10 1 1 12 10 1 1 12 10 1 1 12 10 1 1 12 10 1 7 1 1 12 10 1 1 12 10 1 12 10 1 12 10 1 1 1 12 10 1 1 12 10 10 12 10 5 0 5 0 1 12 9 1 12 9 5 0 1 1 1 100 1 8 1 12 10 1 8 1 12 10 1 8 1 8 1 1 12 10 5 0 1 1 12 10 1 1 12 10 1 7 1 1 12 10 1 1 100 1 1 12 10 1 100 11 1 100 10 11 1 1 12 10 1 8 1 12 10 1 1 8 1 100 1 1 12 10 12 10 1 8 1 8 1 1 12 11 1 12 10 12 10 1 1 12 10 1 1 5 0 5 0 1 1 12 9 1 12 10 1 1 1 12 10 1 8 1 8 1 1 12 10 1 8 1 8 1 8 1 8 1 8 1 8 1 12 10 12 10 1 1 12 10 1 1 1 1 3 10 12 9 1 1 1 1 1 1 1 1 1 1 12 10 1 1 1 1 12 10 1 1 100 1 100 1 100 1 1 12 10 1 100 12 10 1 1 1 1 12 10 1 1 1 5 0 1 1 1 1 1 12 10 1 12 10 1 5 0 5 0 5 0 1 1 1 1 1 12 10 1 5 0 5 0 1 12 10 1 12 10 1 1 1 1 100 1 1 12 10 1 1 1 12 10 1 1 100 12 10 1 1 8 1 7 1 1 12 10 12 9 1 1 1 1 1 1 1 1 1
staticfield java/lang/Long TYPE Ljava/lang/Class; java/lang/Class
instanceKlass java/lang/ref/PhantomReference
instanceKlass java/lang/ref/FinalReference
instanceKlass java/lang/ref/WeakReference
instanceKlass java/lang/ref/SoftReference
ciInstanceKlass java/lang/ref/Reference 1 1 179 1 7 1 1 7 1 7 1 7 1 1 1 1 1 1 1 1 1 1 1 1 1 1 1 1 1 1 1 1 1 1 1 12 9 1 7 1 12 9 1 1 12 10 1 12 10 12 9 12 10 12 9 1 100 12 9 1 7 1 12 10 1 12 10 12 10 1 1 100 12 10 1 12 10 1 1 1 1 12 9 1 1 1 1 12 10 1 12 10 1 1 12 10 1 12 9 1 100 1 100 1 12 10 12 9 1 1 1 1 1 1 12 9 1 1 100 10 1 1 1 12 10 1 10 1 1 1 1 7 1 12 10 1 7 1 1 12 10 1 1 12 10 1 7 1 12 10 1 8 1 12 10 1 1 12 10 1 1 12 10 1 12 10 10 1 7 1 1 12 10 1 1 1 1 1 1 1 1
staticfield java/lang/ref/Reference processPendingLock Ljava/lang/Object; java/lang/Object
staticfield java/lang/ref/Reference $assertionsDisabled Z 1
instanceKlass java/util/ResourceBundle$BundleReference
instanceKlass sun/security/util/MemoryCache$SoftCacheEntry
instanceKlass sun/util/locale/provider/LocaleResources$ResourceReference
instanceKlass sun/util/resources/Bundles$BundleReference
instanceKlass org/springframework/util/ConcurrentReferenceHashMap$SoftEntryReference
instanceKlass java/lang/invoke/LambdaFormEditor$Transform
instanceKlass sun/util/locale/LocaleObjectCache$CacheEntry
ciInstanceKlass java/lang/ref/SoftReference 1 1 32 1 7 1 1 7 1 1 1 1 1 1 12 10 12 9 12 9 1 1 12 10 1 1 1 12 10 1 100 1 1 1
instanceKlass sun/nio/ch/FileLockTable$FileLockReference
instanceKlass java/util/ResourceBundle$KeyElementReference
instanceKlass okhttp3/internal/connection/RealCall$CallReference
instanceKlass java/util/logging/LogManager$LoggerWeakRef
instanceKlass java/util/logging/Level$KnownLevel
instanceKlass javax/crypto/JceSecurity$WeakIdentityWrapper
instanceKlass java/lang/WeakPairMap$WeakRefPeer
instanceKlass java/lang/ClassValue$Entry
instanceKlass java/lang/invoke/MethodType$ConcurrentWeakInternSet$WeakEntry
instanceKlass java/lang/ThreadLocal$ThreadLocalMap$Entry
instanceKlass java/util/WeakHashMap$Entry
ciInstanceKlass java/lang/ref/WeakReference 1 1 17 1 100 1 1 7 1 1 1 12 10 1 1 12 10 1 1
instanceKlass java/lang/ref/Finalizer
ciInstanceKlass java/lang/ref/FinalReference 1 1 33 1 7 1 1 7 1 1 1 12 10 1 1 1 1 12 10 1 1 1 12 10 1 1 1 100 1 8 1 12 10 1 1
ciInstanceKlass java/lang/ref/Finalizer 1 1 137 1 7 1 1 7 1 7 1 100 1 100 1 1 1 1 1 1 1 1 1 1 1 1 1 1 12 9 1 12 10 12 9 12 9 12 9 12 9 1 7 1 100 1 1 1 1 12 10 1 1 1 1 12 10 12 9 1 100 1 12 10 1 7 1 7 1 12 11 1 12 10 1 1 12 10 1 100 1 1 12 10 1 1 100 1 1 12 10 10 12 10 1 1 7 1 1 12 10 1 7 10 10 1 7 1 1 12 10 1 1 12 10 1 7 1 12 10 1 12 10 1 1 12 10 1 1 12 10 1 12 10 1 1 1 1 1
staticfield java/lang/ref/Finalizer lock Ljava/lang/Object; java/lang/Object
staticfield java/lang/ref/Finalizer $assertionsDisabled Z 1
instanceKlass jdk/internal/ref/PhantomCleanable
instanceKlass jdk/internal/ref/Cleaner
ciInstanceKlass java/lang/ref/PhantomReference 1 1 24 1 100 1 1 7 1 1 1 1 1 1 1 12 10 1 1 1 1 12 10 1 1 1
instanceKlass java/lang/reflect/Executable
instanceKlass java/lang/reflect/Field
ciInstanceKlass java/lang/reflect/AccessibleObject 1 1 356 1 7 1 7 1 7 1 100 1 1 7 1 7 1 1 1 1 1 1 1 1 1 1 1 1 7 1 1 12 10 1 100 1 1 12 9 1 100 1 12 10 1 1 1 12 10 1 7 1 1 12 10 1 7 1 1 12 10 1 7 1 1 12 10 1 1 12 10 1 12 9 1 1 1 100 1 1 12 10 1 12 11 1 100 1 12 10 1 1 1 1 1 7 1 100 1 12 10 1 1 12 10 1 7 1 12 10 1 1 12 10 1 7 1 1 12 10 1 100 1 7 10 10 1 7 1 1 12 10 1 1 12 10 1 12 10 1 12 10 1 1 12 10 1 12 10 1 8 1 100 10 1 1 12 10 1 8 1 12 10 1 12 10 1 8 1 8 1 8 1 8 1 8 1 8 1 100 1 12 10 1 12 10 1 1 12 9 1 1 12 10 1 1 12 10 1 10 1 1 1 1 1 11 1 100 1 100 1 8 10 1 12 10 1 1 12 10 1 8 1 12 10 1 8 1 1 12 10 1 10 1 1 1 1 100 1 8 10 1 1 12 11 1 1 1 1 1 1 12 10 1 12 10 1 12 10 1 12 9 1 12 10 1 1 7 1 12 10 1 1 1 1 100 1 1 12 10 10 1 12 10 12 10 1 12 10 1 1 12 10 1 12 10 1 1 12 10 1 12 10 12 9 1 100 1 12 10 1 8 1 100 1 1 12 10 1 8 1 1 12 10 12 9 1 1 1 100 10 1 1 7 10 1 7 1 1 12 10 10 1 7 1 1 12 10 12 9 1 1 1 1 1 1 1 1
staticfield java/lang/reflect/AccessibleObject reflectionFactory Ljdk/internal/reflect/ReflectionFactory; jdk/internal/reflect/ReflectionFactory
instanceKlass java/lang/reflect/Constructor
instanceKlass java/lang/reflect/Method
ciInstanceKlass java/lang/reflect/Executable 1 1 484 1 7 1 7 1 100 1 100 1 100 1 100 1 100 1 100 1 1 100 1 100 1 1 1 1 1 1 1 1 1 1 12 10 1 1 1 1 1 1 1 1 1 1 1 1 7 1 1 12 10 1 1 12 10 1 7 1 1 12 11 1 7 1 12 10 1 1 1 1 12 10 1 7 1 1 12 10 1 100 1 1 12 10 1 12 10 1 8 1 1 1 1 100 10 12 10 1 1 12 10 1 100 1 1 12 10 1 16 1 100 1 1 12 11 15 1 16 1 100 1 1 12 10 15 1 1 12 18 1 100 1 1 12 11 1 8 1 8 1 8 1 100 1 1 12 10 1 1 12 11 1 100 1 8 1 8 12 10 1 100 1 8 1 12 10 1 8 1 1 1 1 100 1 1 12 11 1 100 1 1 12 10 1 12 11 1 100 1 8 1 16 18 1 8 1 12 10 1 1 1 1 12 10 12 10 15 16 18 1 8 1 100 1 12 10 1 100 1 12 10 1 12 10 1 12 10 1 8 1 8 1 1 12 10 1 1 12 10 10 1 12 10 1 1 1 1 1 1 1 1 1 100 10 12 10 12 10 1 7 12 10 12 10 1 12 10 1 1 12 10 100 1 100 1 12 10 1 12 10 1 12 10 1 1 12 10 1 12 10 1 8 1 12 10 1 12 10 1 1 3 1 100 1 8 1 12 10 1 12 10 10 1 12 10 1 1 12 10 1 8 1 8 1 8 1 100 12 9 1 12 10 1 8 12 9 12 10 12 10 1 1 12 10 1 12 10 12 10 1 1 12 10 1 1 1 1 1 1 7 12 10 1 1 12 10 1 100 1 100 1 1 12 10 1 7 1 1 1 1 1 7 1 12 10 1 12 10 1 7 1 12 11 1 7 1 12 10 1 1 1 1 100 1 1 12 10 1 1 1 1 12 10 1 12 9 1 1 12 10 12 10 1 1 12 10 1 100 1 1 1 1 1 1 12 9 1 100 1 1 12 10 1 1 12 10 1 1 12 10 1 12 9 1 10 10 10 1 100 1 1 12 10 1 1 12 10 1 12 9 1 1 12 10 1 1 12 9 1 1 1 1 1 1
ciInstanceKlass java/lang/reflect/Constructor 1 1 395 1 7 1 1 7 1 100 1 100 1 1 1 1 1 1 1 1 1 1 1 1 1 1 1 1 1 1 1 1 1 1 1 1 1 1 7 1 1 12 10 1 7 1 12 10 1 1 12 9 1 1 12 10 12 10 1 7 1 12 10 1 1 1 12 9 1 1 1 1 12 10 12 9 12 9 12 9 12 9 12 9 12 9 12 9 12 9 1 1 100 1 8 1 12 10 12 10 12 9 1 1 1 1 7 1 12 10 1 7 1 1 12 10 1 1 12 10 1 1 12 10 1 1 12 10 1 7 1 100 1 8 10 1 1 1 1 1 1 1 12 10 12 10 1 1 1 1 1 12 10 12 10 1 100 1 1 1 1 1 7 1 1 12 10 1 1 1 12 10 1 1 12 10 1 1 1 1 12 10 1 1 7 12 10 1 1 100 1 12 10 1 1 12 10 1 1 1 12 10 1 100 1 1 12 10 1 1 8 10 1 12 10 1 100 1 8 1 12 10 12 10 1 1 12 10 1 12 10 12 10 1 1 1 12 10 1 12 10 1 1 1 1 100 1 100 1 100 1 1 1 12 9 1 100 1 1 12 10 1 1 1 12 10 12 10 1 8 1 1 12 10 1 7 12 11 1 12 10 1 12 10 1 12 10 1 1 12 9 1 7 1 1 12 10 1 1 12 10 1 1 1 1 1 1 12 10 1 1 12 10 1 1 1 1 12 10 1 1 1 1 12 10 1 100 1 12 9 1 12 10 1 12 10 1 12 10 1 100 1 8 10 1 1 1 1 12 10 1 1 12 10 10 1 1 12 10 1 12 10 1 100 1 1 12 10 1 100 1 1 12 11 1 1 12 10 1 1 12 9 1 100 1 1 12 10 1 12 10 1 1 1 1 1 1
ciInstanceKlass java/lang/reflect/Method 1 1 414 1 7 1 7 1 1 1 1 1 1 1 1 1 1 1 1 1 1 1 1 1 1 1 1 1 1 1 1 1 1 1 12 9 1 1 1 7 1 1 12 10 1 7 1 12 10 1 1 12 9 12 10 12 10 1 7 1 12 10 1 1 1 1 12 10 12 9 12 9 12 9 12 9 12 9 12 9 12 9 12 9 12 9 12 9 1 1 12 9 1 100 1 8 1 12 10 12 10 12 9 1 1 8 1 1 1 1 7 1 12 10 1 7 1 1 12 10 1 1 12 10 1 1 12 10 1 1 12 10 1 1 1 1 1 1 1 1 1 1 1 1 1 12 10 12 10 1 100 1 1 1 12 10 12 10 1 1 1 1 1 7 1 1 12 10 1 1 1 12 10 1 1 12 10 1 1 12 10 12 10 1 7 12 10 1 1 12 10 1 1 7 10 1 7 12 10 1 1 7 1 12 10 1 12 10 1 1 12 10 1 1 1 12 10 1 7 1 1 12 10 1 12 10 1 10 1 8 1 12 10 12 10 1 7 1 8 1 8 1 8 1 12 10 12 10 1 1 12 10 10 1 1 1 12 10 1 12 10 1 100 11 1 1 1 100 1 100 1 1 1 1 12 9 1 1 12 10 1 100 1 12 10 1 1 12 10 1 1 12 10 1 7 12 11 1 12 10 1 12 10 1 12 10 1 12 10 1 12 10 1 1 12 9 1 7 1 1 12 10 1 1 12 10 1 1 7 1 1 12 10 1 7 1 1 12 10 1 7 1 1 12 10 1 7 1 1 12 11 1 7 1 1 12 10 1 7 1 100 1 100 1 12 10 1 1 12 10 1 12 10 1 100 1 8 1 12 10 10 1 1 1 12 10 1 1 12 10 1 1 1 1 12 10 1 1 1 1 12 10 1 1 1 1 8 1 1 12 10 1 1 1 1 1
ciInstanceKlass java/lang/reflect/Field 1 1 398 1 7 1 7 1 100 1 100 1 100 1 1 1 1 1 1 1 1 1 1 1 1 1 1 1 1 1 1 1 1 1 1 1 1 1 1 1 12 9 1 1 1 1 12 10 1 7 1 1 12 10 1 7 1 12 10 1 1 12 9 12 10 12 10 1 7 1 12 10 1 1 1 1 12 10 12 9 12 9 12 9 12 9 12 9 12 9 12 9 1 1 12 9 1 100 1 8 1 12 10 12 10 12 9 12 9 1 1 1 1 12 10 1 7 1 12 10 1 1 12 10 1 1 12 10 1 1 12 10 1 1 1 1 1 1 12 10 1 1 7 1 12 10 1 1 1 12 10 12 10 12 10 1 1 12 10 1 1 7 10 1 7 12 10 1 1 100 10 1 8 1 12 10 1 1 12 10 1 8 12 10 1 12 10 1 8 1 1 8 1 10 1 100 11 1 1 1 100 1 1 12 9 1 1 12 10 1 1 12 10 1 7 12 11 1 12 11 1 1 12 11 1 1 12 11 1 1 12 11 1 1 12 11 1 1 12 11 1 1 12 11 1 1 12 11 1 1 12 11 1 1 12 11 1 1 12 11 1 1 12 11 1 1 12 11 1 1 12 11 1 1 12 11 1 1 12 11 1 1 12 11 1 1 12 10 1 7 1 12 10 1 12 10 1 1 12 10 12 10 1 1 12 9 1 7 1 1 12 10 1 1 12 10 1 1 1 1 1 1 7 1 12 10 1 12 10 1 7 11 1 12 10 1 7 1 1 1 1 100 1 1 12 10 1 1 1 7 1 1 12 10 1 12 9 1 7 1 1 12 10 1 7 1 1 12 11 1 1 12 10 1 100 1 1 1 1 12 10 1 1 12 9 1 100 1 1 12 10 1 12 10 1 1 1 1 1 1
ciInstanceKlass java/lang/reflect/Parameter 0 0 207 1 100 1 100 1 100 1 1 1 1 1 1 1 1 1 1 1 1 1 1 1 1 1 1 12 10 12 9 12 9 12 9 12 9 1 1 12 10 1 1 12 10 1 1 1 100 1 12 10 1 1 1 100 10 1 1 12 10 1 100 1 12 11 1 12 10 1 100 1 12 10 1 1 12 10 1 12 10 1 100 1 12 10 1 8 1 8 1 1 12 10 1 12 10 12 10 1 1 1 12 10 1 8 1 12 10 1 12 9 1 1 12 10 1 1 1 12 9 1 1 12 10 1 100 1 1 1 1 12 10 1 1 1 12 10 1 12 10 10 1 12 10 1 1 1 1 100 1 1 12 10 1 12 10 1 100 1 12 11 1 12 10 1 100 1 1 1 1 100 1 1 12 10 1 1 1 1 12 10 1 12 10 1 12 10 1 12 10 1 12 9 1 100 10 1 100 1 12 11 1 1 12 11 1 1 1
ciInstanceKlass java/lang/StringBuffer 1 1 417 1 7 1 1 7 1 100 1 100 1 100 1 100 1 100 1 1 100 1 100 1 1 1 1 1 5 0 1 1 1 1 1 1 12 10 1 12 10 1 12 10 1 1 1 12 10 1 1 1 1 12 9 1 12 10 1 12 10 1 12 10 1 12 9 12 10 1 1 12 10 1 1 12 10 1 12 10 1 1 12 10 1 12 10 1 1 12 10 1 1 12 10 1 1 1 7 1 1 12 10 1 12 10 1 1 1 12 10 1 1 12 10 1 1 12 10 1 1 12 10 1 1 12 10 1 1 12 10 1 1 12 10 1 1 12 10 1 1 12 10 1 12 10 1 1 12 10 1 1 12 10 1 1 12 10 1 1 1 12 10 1 12 10 1 1 1 12 10 1 1 1 12 10 1 1 10 1 1 1 12 10 1 1 12 10 1 1 1 12 10 1 1 12 10 1 1 12 10 1 1 12 10 1 1 12 10 12 10 1 1 12 10 1 1 12 10 1 1 12 10 1 1 12 10 1 12 10 1 12 10 10 1 1 1 12 10 1 1 1 1 12 10 1 1 12 9 1 7 1 1 12 10 1 7 10 10 1 1 1 100 1 1 12 10 10 1 12 10 1 7 10 8 1 1 12 10 8 1 12 10 1 8 1 12 10 1 12 10 1 1 1 100 1 1 12 10 1 1 12 10 12 10 1 100 1 8 10 1 1 12 10 1 1 12 10 1 1 12 10 1 12 10 12 10 12 10 12 10 12 10 12 10 12 10 12 10 12 10 12 10 12 10 12 10 1 12 10 12 10 12 10 12 10 12 10 12 10 12 10 12 10 12 10 12 10 12 10 12 10 12 10 12 10 12 10 12 10 12 10 12 10 12 10 1 12 10 1 1 1 1 12 10 1 1 7 1 12 10 1 7 1 1 12 9 1 7 9 12 9 1 1 1 1 1 1 1
staticfield java/lang/StringBuffer serialPersistentFields [Ljava/io/ObjectStreamField; 3 [Ljava/io/ObjectStreamField;
instanceKlass java/lang/StringBuilder
instanceKlass java/lang/StringBuffer
ciInstanceKlass java/lang/AbstractStringBuilder 1 1 485 1 7 1 7 1 100 1 7 1 100 1 7 1 1 100 1 7 1 1 100 1 100 1 100 1 1 100 1 100 1 1 1 1 1 1 1 1 1 3 1 1 12 10 12 9 12 9 1 1 7 1 1 12 9 12 9 1 1 12 10 1 1 1 12 10 3 3 1 12 10 100 1 1 12 10 1 11 1 100 1 100 10 1 8 1 12 10 1 12 10 1 1 12 10 12 10 1 12 10 1 12 10 1 1 12 9 1 1 12 10 1 12 10 10 1 12 10 1 12 10 1 1 1 12 10 1 1 12 10 1 7 1 1 12 10 1 7 1 1 12 10 1 100 1 8 10 1 1 12 10 1 1 1 100 12 10 1 1 12 10 10 1 1 1 1 12 10 1 12 10 1 1 1 12 10 1 1 1 12 10 1 1 1 100 10 1 12 10 1 1 100 1 12 10 1 1 1 1 12 10 1 12 10 1 12 10 10 1 1 1 1 12 10 12 10 1 12 10 1 1 1 12 10 1 1 12 10 1 1 12 10 1 1 12 10 10 1 1 12 10 1 12 10 1 1 12 10 1 8 1 1 12 10 1 12 10 1 1 12 10 1 1 1 12 10 1 1 1 7 1 12 10 1 12 10 1 12 10 1 1 7 1 12 10 1 12 10 1 12 10 1 1 100 1 1 12 10 1 1 12 10 1 1 1 12 10 1 1 12 10 12 10 1 1 12 10 12 10 1 1 1 1 1 1 12 10 1 1 1 1 12 10 10 1 7 1 1 12 10 1 1 1 12 10 1 12 10 1 1 12 10 1 1 1 12 10 1 12 10 1 12 10 1 1 12 10 1 12 10 1 1 12 10 1 1 12 10 1 1 12 10 1 1 1 12 10 1 12 10 1 12 10 12 10 1 1 12 10 1 1 1 16 1 1 12 10 15 16 1 100 1 1 12 10 15 1 1 12 18 1 100 1 1 12 10 1 1 12 10 15 18 1 1 1 1 1 12 10 1 12 10 1 1 12 10 12 11 1 12 10 1 12 10 1 100 10 12 10 10 1 8 1 8 1 8 10 10 1 1 100 1 1 1 12 10 10 10 1 1 1 1 1 1 1
staticfield java/lang/AbstractStringBuilder EMPTYVALUE [B 0
instanceKlass javax/crypto/JceSecurityManager
ciInstanceKlass java/lang/SecurityManager 1 1 521 1 7 1 7 1 1 1 1 3 1 100 1 100 1 7 1 7 1 1 7 1 1 100 1 100 1 1 1 1 1 1 1 1 1 1 1 1 1 1 1 1 1 1 12 10 12 9 1 7 1 1 12 10 1 100 1 8 1 12 10 1 1 12 10 1 100 1 1 1 1 1 1 100 1 1 12 10 10 1 1 100 10 1 100 10 1 1 100 1 1 12 9 1 1 1 7 1 1 12 10 1 12 10 1 7 1 12 10 1 1 1 100 1 8 10 12 9 1 12 9 1 1 8 1 12 9 1 1 1 100 10 1 8 1 1 12 10 1 12 10 1 1 12 10 1 1 100 10 1 1 12 10 1 100 1 8 1 12 10 1 8 1 1 8 1 8 1 1 1 8 1 8 1 8 1 12 10 1 1 8 1 8 1 1 8 1 1 1 8 1 8 1 100 1 1 12 10 1 1 12 10 1 8 1 100 1 8 10 1 8 1 8 1 1 1 8 1 8 1 1 8 1 1 1 100 1 12 10 1 8 1 1 1 1 100 1 8 1 8 10 1 1 1 8 1 1 1 12 10 1 100 1 8 10 1 1 12 10 100 1 12 10 1 12 10 1 12 10 1 1 1 7 1 1 12 10 1 12 10 1 7 1 12 10 1 7 1 1 12 11 1 16 1 7 1 1 12 10 15 1 16 1 7 1 1 12 10 15 1 1 12 18 1 7 1 1 12 11 1 16 1 1 12 10 15 1 16 1 1 12 18 1 1 12 11 1 12 10 15 16 18 1 7 11 15 1 16 18 1 12 11 1 16 1 12 10 15 16 1 12 18 1 1 12 11 1 12 9 12 9 12 9 12 9 1 1 7 1 12 10 1 12 10 1 12 10 1 1 12 10 15 16 1 12 18 1 12 10 15 1 16 18 1 7 1 12 10 1 12 11 15 1 12 18 1 12 10 1 1 12 10 15 16 18 10 15 1 16 18 1 1 8 1 12 10 12 9 1 7 1 12 11 1 8 1 12 10 1 1 12 10 12 10 12 9 1 12 10 1 1 12 10 1 1 8 10 12 9 1 8 1 12 10 1 1 8 1 1 100 10 1 12 10 10 1 7 1 1 12 9 1 1 12 11 1 12 10 1 12 11 1 12 10 1 7 10 1 1 12 10 12 10 1 1 1 1 1 1 1 1
staticfield java/lang/SecurityManager packageAccessLock Ljava/lang/Object; java/lang/Object
staticfield java/lang/SecurityManager packageDefinitionLock Ljava/lang/Object; java/lang/Object
staticfield java/lang/SecurityManager nonExportedPkgs Ljava/util/Map; java/util/concurrent/ConcurrentHashMap
instanceKlass java/util/concurrent/CompletionException
instanceKlass org/sonar/sslr/grammar/GrammarException
instanceKlass org/sonar/iac/arm/parser/GrammarException
instanceKlass com/sonar/sslr/api/RecognitionException
instanceKlass org/snakeyaml/engine/v2/exceptions/YamlEngineException
instanceKlass com/sonar/sslr/impl/LexerException
instanceKlass org/sonar/sslr/channel/ChannelException
instanceKlass com/sonar/sslr/api/RecognitionException
instanceKlass com/sonar/sslr/impl/LexerException
instanceKlass org/sonar/sslr/grammar/GrammarException
instanceKlass com/google/gson/JsonParseException
instanceKlass org/sonar/iac/common/extension/ParseException
instanceKlass org/sonar/plugins/python/EmptyReportException
instanceKlass org/sonar/plugins/javascript/CancellationException
instanceKlass org/sonar/plugins/javascript/bridge/ServerAlreadyFailedException
instanceKlass com/google/gson/JsonParseException
instanceKlass org/sonar/plugins/javascript/nodejs/NodeCommandException
instanceKlass org/eclipse/jgit/errors/StopWalkException
instanceKlass org/eclipse/jgit/errors/LargeObjectException
instanceKlass org/apache/commons/lang3/exception/CloneFailedException
instanceKlass org/sonar/core/util/ContextException
instanceKlass org/eclipse/jgit/api/errors/JGitInternalException
instanceKlass org/sonar/scm/git/NativeGitBlameCommand$UncommittedLineException
instanceKlass org/eclipse/jgit/errors/TranslationBundleException
instanceKlass java/util/MissingResourceException
instanceKlass com/google/protobuf/UninitializedMessageException
instanceKlass okhttp3/internal/connection/RouteException
instanceKlass java/util/concurrent/RejectedExecutionException
instanceKlass kotlin/UninitializedPropertyAccessException
instanceKlass java/security/ProviderException
instanceKlass nl/altindag/ssl/exception/GenericException
instanceKlass org/springframework/context/NoSuchMessageException
instanceKlass org/sonar/api/utils/HttpDownloader$HttpException
instanceKlass org/sonar/api/utils/SonarException
instanceKlass org/sonarqube/ws/client/HttpException
instanceKlass java/nio/file/FileSystemNotFoundException
instanceKlass java/lang/TypeNotPresentException
instanceKlass org/springframework/expression/ExpressionException
instanceKlass java/time/DateTimeException
instanceKlass org/sonar/api/utils/MessageException
instanceKlass org/springframework/core/NestedRuntimeException
instanceKlass java/util/NoSuchElementException
instanceKlass com/google/gson/JsonParseException
instanceKlass java/io/UncheckedIOException
instanceKlass java/lang/reflect/UndeclaredThrowableException
instanceKlass ch/qos/logback/core/LogbackException
instanceKlass java/lang/IndexOutOfBoundsException
instanceKlass java/lang/SecurityException
instanceKlass java/lang/UnsupportedOperationException
instanceKlass java/lang/IllegalStateException
instanceKlass java/lang/IllegalArgumentException
instanceKlass java/lang/ArithmeticException
instanceKlass java/lang/NullPointerException
instanceKlass java/lang/IllegalMonitorStateException
instanceKlass java/lang/ArrayStoreException
instanceKlass java/lang/ClassCastException
ciInstanceKlass java/lang/RuntimeException 1 1 27 1 100 1 7 1 1 5 0 1 1 12 10 1 12 10 1 12 10 1 12 10 1 12 10 1 1
instanceKlass org/eclipse/jgit/dircache/InvalidPathException
instanceKlass org/eclipse/jgit/errors/RevisionSyntaxException
instanceKlass org/eclipse/jgit/errors/InvalidObjectIdException
instanceKlass java/nio/charset/IllegalCharsetNameException
instanceKlass java/nio/file/InvalidPathException
instanceKlass java/util/regex/PatternSyntaxException
instanceKlass com/google/protobuf/Utf8$UnpairedSurrogateException
instanceKlass org/sonar/api/internal/apachecommons/lang/NullArgumentException
instanceKlass java/security/InvalidParameterException
instanceKlass java/lang/NumberFormatException
instanceKlass java/nio/charset/UnsupportedCharsetException
ciInstanceKlass java/lang/IllegalArgumentException 1 1 24 1 100 1 7 1 1 5 0 1 1 12 10 1 12 10 1 12 10 1 12 10 1 1
ciInstanceKlass java/lang/ArithmeticException 1 1 18 1 100 1 100 1 1 5 0 1 1 12 10 1 12 10 1 1
instanceKlass kotlin/KotlinNullPointerException
ciInstanceKlass java/lang/NullPointerException 1 1 44 1 100 1 100 1 1 5 0 1 1 1 1 1 1 12 10 1 12 10 1 1 12 9 1 1 12 10 12 9 12 10 1 12 10 1 100 1 100 1 100 1 1 1
instanceKlass com/google/protobuf/SmallSortedMap
instanceKlass java/util/concurrent/ConcurrentSkipListMap
instanceKlass org/springframework/util/ConcurrentReferenceHashMap
instanceKlass java/util/Collections$SingletonMap
instanceKlass java/util/EnumMap
instanceKlass java/util/TreeMap
instanceKlass java/util/IdentityHashMap
instanceKlass java/util/WeakHashMap
instanceKlass java/util/Collections$EmptyMap
instanceKlass sun/util/PreHashedMap
instanceKlass java/util/HashMap
instanceKlass java/util/ImmutableCollections$AbstractImmutableMap
instanceKlass java/util/concurrent/ConcurrentHashMap
ciInstanceKlass java/util/AbstractMap 1 1 151 1 7 1 1 7 1 7 1 100 1 100 1 100 1 100 1 7 1 100 1 7 1 1 1 1 1 1 1 1 1 1 1 12 10 1 1 1 1 12 10 1 7 12 11 1 1 10 1 1 1 1 12 11 1 7 1 12 11 1 1 12 11 1 12 11 1 12 10 1 1 12 11 1 1 1 1 1 1 1 100 10 1 12 11 1 1 1 11 12 10 1 12 11 1 12 9 1 12 10 1 1 12 9 10 1 100 1 1 100 1 100 11 12 11 12 11 1 12 11 1 1 1 8 1 100 10 1 1 12 10 1 8 1 12 10 12 10 1 1 100 12 10 1 1 1 1 1 1 1 1
ciMethod java/lang/SecurityManager checkPermission (Ljava/security/Permission;)V 0 0 1 0 -1
ciMethod java/lang/SecurityManager checkRead (Ljava/lang/String;)V 0 0 1 0 -1
ciMethod java/lang/SecurityManager checkConnect (Ljava/lang/String;I)V 0 0 1 0 -1
ciInstanceKlass java/security/AccessControlContext 1 1 318 1 7 1 7 1 1 1 1 3 1 100 1 1 1 1 1 1 1 1 1 1 1 1 1 1 1 1 1 1 1 1 12 9 12 9 1 7 1 1 12 10 1 8 1 7 1 1 12 10 1 1 1 12 10 12 9 12 9 12 9 7 1 1 12 10 1 100 1 12 10 1 100 1 1 12 11 1 12 11 1 12 11 1 1 12 11 1 7 1 1 12 11 1 1 12 10 1 7 1 1 12 10 1 100 1 1 12 9 1 100 1 1 12 10 1 100 1 100 1 1 12 11 10 1 7 1 100 1 8 1 12 10 1 1 12 10 1 7 1 7 1 1 12 10 12 9 12 9 12 9 12 9 12 9 12 9 1 12 9 1 1 1 1 1 1 7 1 1 12 10 1 1 12 9 1 12 10 1 7 12 10 1 8 1 1 12 10 1 1 12 10 1 100 1 1 12 10 1 7 10 1 1 12 10 1 100 1 1 12 10 10 1 8 1 100 1 12 10 1 8 1 100 1 12 10 1 8 1 8 1 12 10 1 8 1 12 10 1 8 1 12 10 1 12 10 1 1 12 10 1 8 1 8 1 12 10 1 1 12 10 1 12 10 1 8 1 12 10 1 12 10 10 1 1 8 1 1 12 10 1 1 12 10 1 1 12 10 1 1 12 10 1 12 10 1 12 10 1 12 10 1 1 12 10 10 10 1 12 10 1 1 1 1 1 1 1 1
ciMethod java/security/AccessControlContext isAuthorized ()Z 0 0 1 0 -1
ciInstanceKlass java/net/URL 1 1 672 1 7 1 7 1 100 1 7 1 7 1 7 1 7 1 100 1 100 1 1 100 1 100 1 1 1 1 1 8 1 1 5 0 1 1 8 1 1 1 1 1 1 1 1 1 1 1 1 1 1 1 1 1 1 1 1 1 1 1 1 1 1 1 1 1 1 1 1 1 100 1 12 10 1 12 10 1 12 10 12 9 12 9 1 100 1 1 12 10 1 1 12 10 1 7 1 7 1 1 12 10 12 9 1 1 12 10 1 8 1 1 12 10 1 100 10 1 1 12 10 1 8 1 1 12 10 12 9 1 8 1 12 10 1 12 10 1 8 12 9 1 1 12 10 12 9 1 12 10 1 12 10 12 9 12 9 1 8 12 9 1 1 12 10 1 8 12 9 1 1 12 10 1 7 1 1 12 10 1 8 1 12 10 1 7 1 12 10 1 12 10 1 12 10 1 100 1 1 12 10 1 1 12 10 1 8 1 1 12 10 1 12 10 1 8 12 9 1 8 1 12 10 1 1 12 10 1 12 10 1 1 12 10 1 1 1 7 1 1 12 10 1 100 1 8 10 1 12 10 1 8 1 1 12 10 1 12 10 1 12 10 1 12 10 1 12 10 1 12 10 1 8 1 12 10 10 1 7 1 1 12 10 1 12 10 1 100 1 1 12 9 1 100 1 1 12 10 1 1 12 9 1 100 1 1 1 100 1 100 1 12 10 1 100 1 1 12 10 1 1 1 1 1 12 10 1 1 1 1 12 10 1 12 10 1 1 12 10 1 12 10 12 10 1 1 1 100 10 10 1 12 10 1 12 10 1 1 1 100 1 12 10 1 1 8 1 1 12 9 1 100 1 1 12 10 1 1 12 10 1 1 12 9 1 1 12 10 1 100 1 12 10 1 12 10 10 1 1 12 10 1 12 10 12 10 1 12 10 1 1 12 10 1 7 1 12 10 1 1 12 10 1 1 12 10 1 1 12 9 12 9 1 100 1 8 10 1 12 10 12 9 1 7 1 12 10 1 7 1 1 100 1 7 1 12 10 1 8 1 1 12 10 1 100 1 12 10 1 8 1 8 1 7 1 1 12 10 1 100 1 1 12 10 1 12 10 1 12 10 1 1 1 10 1 12 9 1 7 1 12 10 1 8 1 12 10 10 1 7 1 1 12 10 8 1 7 1 1 12 9 1 12 10 1 1 12 10 1 12 10 12 10 1 7 1 12 10 1 12 11 12 10 12 10 12 9 1 1 12 10 1 1 1 100 1 12 10 1 1 1 1 12 10 8 1 12 10 10 8 8 1 12 10 8 8 8 1 100 1 12 10 12 9 1 1 100 12 10 1 1 12 10 1 12 10 12 10 1 1 12 10 1 1 12 10 10 10 12 10 12 10 12 10 1 12 10 1 100 1 12 10 10 1 12 10 1 8 10 10 1 1 12 10 1 12 10 1 1 12 10 1 10 10 10 1 7 1 12 10 1 7 1 1 12 9 12 9 10 1 7 1 1 12 10 1 1 1 1 1 1 1
staticfield java/net/URL defaultFactory Ljava/net/URLStreamHandlerFactory; java/net/URL$DefaultFactory
staticfield java/net/URL streamHandlerLock Ljava/lang/Object; java/lang/Object
staticfield java/net/URL serialPersistentFields [Ljava/io/ObjectStreamField; 7 [Ljava/io/ObjectStreamField;
ciMethod java/net/URL <init> (Ljava/net/URL;Ljava/lang/String;Ljava/net/URLStreamHandler;)V 516 1198 5243 0 -1
ciMethod java/net/URL <init> (Ljava/net/URL;Ljava/lang/String;)V 768 0 5232 0 0
ciMethod java/net/URL toLowerCase (Ljava/lang/String;)Ljava/lang/String; 70 0 73 0 -1
ciMethod java/net/URL checkSpecifyHandler (Ljava/lang/SecurityManager;)V 0 0 1 0 -1
ciMethod java/net/URL getURLStreamHandler (Ljava/lang/String;)Ljava/net/URLStreamHandler; 70 0 73 0 -1
ciMethod java/net/URL isValidProtocol (Ljava/lang/String;)Z 64 138 52 0 -1
ciMethod java/net/URL getHost ()Ljava/lang/String; 256 0 128 0 -1
ciMethod java/net/URL getPort ()I 258 0 129 0 -1
ciMethod java/net/URL getDefaultPort ()I 768 0 5428 0 -1
ciMethod java/net/URL getProtocol ()Ljava/lang/String; 262 0 131 0 -1
ciMethod java/net/URL getFile ()Ljava/lang/String; 276 0 138 0 -1
ciMethod java/net/URL openConnection ()Ljava/net/URLConnection; 84 0 42 0 -1
ciInstanceKlass java/util/jar/Manifest 1 1 290 1 7 1 7 1 100 1 7 1 100 1 7 1 1 1 1 1 1 1 1 1 1 1 12 10 1 7 10 12 9 1 7 10 12 9 12 9 1 1 100 1 12 10 1 1 12 10 1 1 1 12 10 1 1 12 10 1 1 12 10 11 1 1 1 1 1 12 11 1 12 10 1 100 1 1 12 10 1 100 1 100 10 1 8 1 1 12 10 1 1 12 10 1 12 10 1 12 10 11 1 1 1 100 12 10 1 1 12 10 1 1 12 11 1 12 10 1 1 12 11 1 100 1 1 12 11 1 100 1 12 11 1 1 12 11 1 12 10 1 8 1 12 11 1 100 1 1 12 10 1 12 11 12 10 1 12 10 1 1 1 1 1 1 100 1 1 12 10 1 8 1 1 12 10 10 1 100 1 1 12 9 1 1 12 10 1 100 12 10 1 100 1 12 10 1 12 10 1 1 1 100 1 1 12 9 1 8 1 12 10 1 8 1 8 12 10 1 12 10 1 100 1 1 12 10 1 8 12 10 1 8 10 1 1 12 10 1 8 1 1 12 10 1 100 1 1 12 10 1 12 10 10 1 1 12 11 1 12 10 1 100 1 1 12 10 1 1 12 10 1 1 12 10 11 1 12 10 11 1 12 10 1 1 1 1 1 1 1 1
ciMethod java/util/jar/Manifest getMainAttributes ()Ljava/util/jar/Attributes; 256 0 128 0 -1
instanceKlass org/eclipse/jgit/internal/storage/file/PackFile
ciInstanceKlass java/io/File 1 1 579 1 7 1 1 7 1 100 1 100 1 100 1 7 1 1 1 100 1 100 1 1 1 1 1 1 1 1 1 1 1 1 1 1 1 1 1 1 1 1 5 0 1 1 1 1 1 1 12 9 12 9 1 7 1 12 10 1 12 9 1 12 9 1 1 12 9 1 1 1 12 10 12 9 1 12 9 1 100 10 1 7 1 12 10 1 1 12 10 1 1 100 10 1 1 12 10 1 12 10 1 1 1 12 10 1 1 1 7 1 12 10 1 100 1 8 12 10 1 12 10 1 8 1 12 10 1 8 1 1 12 10 1 8 1 12 10 1 8 1 12 10 1 8 1 12 10 1 8 1 12 10 1 8 1 12 10 12 9 1 1 12 10 1 1 1 12 10 1 1 12 10 1 1 12 10 1 12 10 1 1 12 10 1 1 12 10 12 10 12 10 1 1 12 10 1 12 10 1 1 100 12 10 1 8 10 1 12 10 1 12 10 1 1 1 8 1 12 10 1 7 10 1 1 12 10 1 12 10 1 12 10 1 1 1 100 1 10 1 100 1 8 1 12 10 12 10 1 12 10 1 1 1 100 12 10 10 1 8 1 12 10 1 100 1 12 10 1 1 7 1 1 12 10 1 100 1 12 10 1 1 12 10 1 1 12 10 1 1 12 10 1 1 1 1 1 1 12 10 1 12 10 1 1 12 10 1 1 12 10 12 10 1 1 100 1 12 10 1 1 1 12 10 1 12 10 1 100 1 1 100 10 1 100 1 100 1 1 12 11 1 12 11 1 12 11 1 1 12 11 1 1 1 100 12 10 1 10 10 10 1 1 100 12 11 1 1 12 10 1 12 10 12 10 12 10 12 10 12 10 1 1 1 12 10 1 1 1 8 1 1 12 10 1 12 10 1 1 1 1 12 10 1 12 10 1 12 10 1 12 10 1 1 12 10 1 12 10 1 1 100 1 8 10 1 1 12 10 1 1 12 10 5 0 1 1 1 1 1 100 1 8 1 8 1 8 1 12 10 1 12 10 1 8 10 1 12 10 1 1 1 1 12 10 1 12 10 1 12 10 1 1 1 100 1 12 10 1 1 12 10 1 1 1 100 1 1 12 10 8 1 1 12 10 1 1 12 10 12 9 12 9 1 7 1 1 12 10 12 9 1 1 12 10 1 1 12 9 1 7 1 1 12 10 1 7 1 12 10 1 100 1 100 1 1 1 7 1 12 10 1 7 1 1 12 10 1 12 10 1 12 10 12 9 1 12 10 12 9 12 9 1 1 12 10 1 1 12 10 8 1 1 1 1 1 1 1 1 1
staticfield java/io/File fs Ljava/io/FileSystem; java/io/WinNTFileSystem
staticfield java/io/File separatorChar C 92
staticfield java/io/File separator Ljava/lang/String; "\"staticfield java/io/File pathSeparatorChar C 59
staticfield java/io/File pathSeparator Ljava/lang/String; ";"staticfield java/io/File UNSAFE Ljdk/internal/misc/Unsafe; jdk/internal/misc/Unsafe
staticfield java/io/File PATH_OFFSET J 16
staticfield java/io/File PREFIX_LENGTH_OFFSET J 12
staticfield java/io/File $assertionsDisabled Z 1
ciInstanceKlass java/util/Objects 1 1 119 1 7 1 7 1 1 12 10 1 100 1 8 1 12 10 1 1 1 12 10 1 1 7 1 12 10 1 1 1 12 10 1 1 12 10 1 1 1 7 1 12 10 1 1 12 10 1 1 1 1 100 1 12 11 1 1 1 1 1 100 10 1 1 1 12 10 1 1 1 1 1 1 8 12 10 1 1 1 1 8 1 100 1 1 12 11 1 8 1 1 1 1 7 1 12 10 1 1 1 12 10 1 12 10 1 1 12 10 1 1 12 10 12 10 1 1 1 1
instanceKlass java/util/concurrent/ConcurrentLinkedDeque
instanceKlass com/google/common/collect/ImmutableCollection
instanceKlass java/util/IdentityHashMap$Values
instanceKlass java/util/HashMap$Values
instanceKlass java/util/LinkedHashMap$LinkedValues
instanceKlass java/util/AbstractQueue
instanceKlass java/util/ArrayDeque
instanceKlass java/util/AbstractSet
instanceKlass java/util/ImmutableCollections$AbstractImmutableCollection
instanceKlass java/util/AbstractList
ciInstanceKlass java/util/AbstractCollection 1 1 130 1 7 1 1 7 1 7 1 1 12 10 1 1 1 1 1 1 1 12 10 1 1 12 10 1 7 1 12 11 1 1 12 11 1 12 10 1 1 1 7 1 100 1 1 12 10 1 1 12 10 1 1 1 1 12 10 1 7 1 12 10 1 7 1 1 12 10 1 100 1 1 12 10 1 1 100 1 1 12 10 1 1 1 100 10 1 12 11 1 1 1 11 12 10 1 1 12 10 1 1 100 1 1 12 10 11 1 1 1 1 1 8 1 7 10 1 1 12 10 1 8 1 12 10 12 10 1 1 1
instanceKlass com/google/protobuf/AbstractProtobufList
instanceKlass sun/security/jca/ProviderList$ServiceList
instanceKlass sun/security/jca/ProviderList$3
instanceKlass java/util/Collections$SingletonList
instanceKlass java/util/ArrayList$SubList
instanceKlass java/util/AbstractSequentialList
instanceKlass java/util/Vector
instanceKlass java/util/Arrays$ArrayList
instanceKlass java/util/Collections$EmptyList
instanceKlass java/util/ArrayList
ciInstanceKlass java/util/AbstractList 1 1 187 1 7 1 1 7 1 7 1 100 1 100 1 100 1 100 1 7 1 7 1 1 1 1 1 1 1 1 1 12 10 12 9 1 1 1 1 1 12 10 1 12 10 1 1 1 1 1 1 1 100 10 1 1 1 1 1 1 12 10 1 7 1 1 12 11 1 1 12 11 1 12 11 1 7 1 12 10 1 1 12 10 1 12 11 1 12 11 1 12 11 1 1 1 12 10 1 1 1 1 1 12 10 1 100 1 1 12 11 1 7 11 11 1 1 12 10 1 1 1 12 10 1 1 1 1 1 12 10 1 100 1 12 10 10 1 100 1 100 10 1 8 1 1 12 10 1 12 10 1 1 12 10 1 12 10 1 8 1 100 1 8 1 8 1 8 10 11 1 10 12 10 12 11 1 1 12 10 1 8 1 8 1 1 1 1 1
ciInstanceKlass jdk/internal/util/Preconditions 1 1 138 1 100 1 100 1 7 1 1 12 10 1 1 1 1 100 1 1 12 11 1 100 1 1 12 11 1 100 1 100 1 1 12 10 1 12 10 1 1 1 1 8 1 100 1 100 1 1 12 10 12 10 1 1 1 1 8 1 1 8 1 1 1 100 1 12 10 1 1 1 1 1 1 12 10 1 1 8 1 100 1 1 12 10 1 8 1 1 12 10 1 1 12 10 1 12 11 1 8 1 8 1 1 12 11 1 8 1 8 1 8 1 1 1 12 10 1 1 12 10 12 10 1 1 12 10 1 1 12 10 12 10 1 1 1 1 1 1
ciMethod java/util/Objects checkIndex (II)I 516 0 28737 0 -1
ciMethod java/util/Objects requireNonNull (Ljava/lang/Object;Ljava/lang/String;)Ljava/lang/Object; 768 0 341084 0 -1
ciInstanceKlass java/lang/AssertionStatusDirectives 0 0 18 1 100 1 100 1 1 1 1 1 1 1 1 1 1 12 10 1
ciInstanceKlass java/lang/invoke/MethodHandleNatives$CallSiteContext 1 1 40 1 7 1 7 1 100 1 7 1 1 100 1 7 1 1 1 12 10 1 1 10 1 7 1 1 12 10 1 1 12 10 1 1 1 12 10 1 1 1
ciInstanceKlass jdk/internal/invoke/NativeEntryPoint 0 0 80 1 100 1 100 1 1 1 1 1 1 1 1 1 1 1 1 1 1 12 10 12 9 1 100 1 1 12 10 100 12 9 12 9 12 9 12 9 12 9 1 1 1 100 1 8 1 12 10 1 100 1 1 12 11 1 1 12 10 12 10 1 100 1 12 11 1 12 11 1 1 12 10 1 1 1 12 10 1 1
instanceKlass java/lang/invoke/VolatileCallSite
instanceKlass java/lang/invoke/MutableCallSite
instanceKlass java/lang/invoke/ConstantCallSite
ciInstanceKlass java/lang/invoke/CallSite 1 1 267 1 7 1 7 1 7 1 100 1 1 100 1 100 1 1 1 1 1 1 1 1 1 1 1 1 1 1 1 12 10 1 1 12 10 12 9 1 1 12 10 12 9 1 1 7 1 1 12 10 1 1 100 12 10 1 100 1 1 12 10 1 12 10 1 100 1 1 12 9 1 100 1 12 10 1 1 1 1 1 1 12 10 1 7 1 100 1 100 10 1 100 1 1 12 10 1 1 12 10 1 8 1 12 10 1 1 12 10 1 12 10 1 1 1 12 10 1 1 12 10 10 1 12 10 1 1 12 10 1 100 12 9 1 1 12 9 8 1 1 12 10 1 1 12 10 1 1 12 10 1 12 9 1 8 1 100 1 12 10 1 12 10 1 100 1 8 10 1 12 10 1 1 12 10 1 100 1 1 12 10 12 10 1 12 10 1 1 12 10 1 1 12 10 1 1 12 9 8 1 1 12 10 12 9 1 100 10 12 10 1 1 12 10 1 12 10 1 1 12 10 1 1 12 10 1 1 1 1 100 1 7 1 1 12 10 1 100 1 8 10 1 7 12 10 1 1 12 10 1 100 1 8 1 12 10 1 1 1 12 10 1 1 1 1 1 1
staticfield java/lang/invoke/CallSite $assertionsDisabled Z 1
ciInstanceKlass java/lang/invoke/VolatileCallSite 0 0 26 1 100 1 100 1 1 12 10 1 12 10 1 1 1 12 10 1 1 12 10 1 1 12 10 1
ciInstanceKlass java/lang/invoke/MethodType 1 1 688 1 7 1 1 7 1 100 1 100 1 100 1 7 1 7 1 100 1 1 1 1 100 1 1 100 1 1 100 1 100 1 1 1 5 0 1 1 1 1 1 1 1 1 1 1 1 1 1 1 1 1 1 3 1 3 1 3 1 1 1 1 1 1 1 1 1 1 1 1 1 1 1 12 10 12 9 12 9 1 12 9 1 1 1 1 1 1 1 1 1 7 1 7 1 1 12 10 1 7 1 12 9 1 8 1 100 1 1 12 10 1 7 1 7 9 1 7 9 1 1 12 10 1 100 10 1 8 1 1 12 10 1 12 10 1 1 12 10 1 1 1 100 1 8 1 12 10 1 100 10 1 12 10 1 1 1 1 1 12 10 1 1 1 1 12 10 1 1 7 1 1 12 11 12 9 1 1 12 11 1 1 1 7 1 1 12 10 1 1 1 1 1 1 1 12 10 12 9 1 12 10 12 10 1 7 1 1 12 10 1 7 1 1 12 10 1 12 10 1 1 12 9 1 1 12 10 1 100 1 12 10 1 1 1 1 1 12 10 1 1 12 10 1 1 1 1 1 12 10 12 10 1 12 10 1 1 1 1 12 10 12 10 1 1 1 1 12 10 1 1 1 1 8 1 8 1 1 12 10 1 1 1 12 9 1 100 10 1 1 12 10 12 10 1 12 10 1 12 10 1 12 10 12 10 1 1 12 10 1 8 1 1 1 12 10 1 100 1 1 12 10 12 10 1 1 12 10 1 12 10 1 12 10 1 1 1 12 10 1 1 12 10 1 12 10 1 12 9 1 12 10 10 1 1 1 12 10 1 12 10 12 9 1 1 12 10 1 1 1 1 1 1 12 10 1 1 12 10 1 1 1 1 1 12 10 12 10 1 12 10 1 12 10 1 100 1 8 1 8 1 8 1 12 10 1 12 10 1 12 10 10 1 1 1 1 1 12 11 12 11 1 1 1 100 1 1 12 10 1 12 9 1 12 10 1 1 12 10 1 1 12 10 1 12 10 1 1 12 10 1 1 100 1 1 12 10 1 1 12 10 1 12 10 1 12 10 1 12 10 10 1 12 9 1 7 1 12 10 1 1 1 100 1 100 1 1 12 10 1 100 1 1 12 9 1 100 1 1 12 10 1 100 1 1 12 10 1 100 1 12 10 1 1 12 10 1 1 12 10 1 8 1 7 1 1 12 10 1 1 12 11 1 12 9 1 1 12 10 1 12 10 1 1 1 1 12 10 1 1 1 1 100 12 10 1 100 1 12 10 1 100 12 10 1 100 1 1 12 11 16 1 1 12 10 15 16 1 100 1 1 12 10 15 1 1 12 18 1 1 12 11 16 1 1 12 10 15 16 1 12 18 1 12 11 1 100 1 100 1 12 11 1 12 10 1 12 10 1 1 1 100 1 100 1 12 10 1 12 10 1 1 1 100 1 1 12 9 1 12 9 1 100 1 1 12 10 1 12 9 1 100 1 12 10 12 10 1 100 1 1 1 12 10 1 1 1 1 1 1 12 10 10 1 7 1 7 12 9 1 1 1 1 1 1 1 1 1
staticfield java/lang/invoke/MethodType internTable Ljava/lang/invoke/MethodType$ConcurrentWeakInternSet; java/lang/invoke/MethodType$ConcurrentWeakInternSet
staticfield java/lang/invoke/MethodType NO_PTYPES [Ljava/lang/Class; 0 [Ljava/lang/Class;
staticfield java/lang/invoke/MethodType objectOnlyTypes [Ljava/lang/invoke/MethodType; 20 [Ljava/lang/invoke/MethodType;
staticfield java/lang/invoke/MethodType METHOD_HANDLE_ARRAY [Ljava/lang/Class; 1 [Ljava/lang/Class;
staticfield java/lang/invoke/MethodType serialPersistentFields [Ljava/io/ObjectStreamField; 0 [Ljava/io/ObjectStreamField;
staticfield java/lang/invoke/MethodType $assertionsDisabled Z 1
ciInstanceKlass java/lang/BootstrapMethodError 0 0 35 1 100 1 100 1 1 5 0 1 1 12 10 1 12 10 1 12 10 1 1 100 1 1 12 10 1 100 1 1 12 10 1 1 1
ciInstanceKlass sun/net/www/ParseUtil 1 1 444 1 7 1 100 1 1 1 1 5 0 1 5 0 1 1 5 0 1 1 5 0 1 1 5 0 1 1 5 0 1 1 1 5 0 1 5 0 1 5 0 1 5 0 1 5 0 1 5 0 1 5 0 1 1 5 0 1 5 0 1 5 0 1 5 0 1 5 0 1 1 5 0 1 1 5 0 1 1 1 1 1 1 5 0 1 5 0 1 1 1 1 12 10 1 1 1 12 10 1 7 1 1 12 9 1 12 10 1 1 12 10 1 7 1 1 12 10 1 1 12 10 1 1 12 10 1 1 12 10 1 100 1 1 12 10 1 100 1 1 12 10 3 1 12 10 1 100 1 1 12 10 1 1 1 100 1 1 12 10 1 1 100 1 1 12 10 1 7 1 12 10 1 100 1 1 12 10 1 100 1 12 10 1 100 1 1 12 9 1 1 12 10 1 100 1 1 12 9 1 100 1 1 12 10 1 12 10 12 9 1 100 10 1 1 12 10 1 1 12 10 12 10 1 1 12 10 1 100 10 1 12 10 1 12 10 1 12 10 1 12 10 1 100 1 1 12 10 1 8 1 12 10 1 1 12 10 12 10 1 1 12 10 1 12 10 10 1 1 1 100 1 12 10 12 10 1 8 1 1 12 10 10 1 12 10 1 12 10 1 7 1 8 1 8 1 12 10 1 1 1 100 1 12 10 1 12 10 1 12 10 1 12 10 1 12 10 1 8 1 1 12 10 1 1 12 10 1 100 1 12 10 1 12 10 10 1 1 12 10 1 1 12 10 1 8 1 12 10 1 1 12 10 1 1 12 10 1 8 1 8 1 8 1 12 10 1 100 1 1 12 10 1 12 10 1 1 12 10 1 1 12 10 1 12 10 1 1 12 10 1 1 12 10 1 100 1 1 12 10 1 1 12 10 1 12 10 1 1 12 10 12 9 1 7 1 1 12 10 1 12 10 1 8 1 12 10 1 1 7 1 12 10 1 1 12 10 1 12 10 1 1 1 1
staticfield sun/net/www/ParseUtil HEX_UPPERCASE Ljava/util/HexFormat; java/util/HexFormat
staticfield sun/net/www/ParseUtil $assertionsDisabled Z 1
ciMethod sun/net/www/ParseUtil match (CJJ)Z 56 0 1583 0 0
ciMethod sun/net/www/ParseUtil encodePath (Ljava/lang/String;Z)Ljava/lang/String; 1018 0 5193 0 0
ciMethod sun/net/www/ParseUtil encodePath (Ljava/lang/String;IC)Ljava/lang/String; 4 564 3 0 -1
ciMethod sun/net/www/ParseUtil firstEncodeIndex (Ljava/lang/String;)I 222 10310 997 0 384
ciInstanceKlass jdk/internal/loader/ClassLoaders$AppClassLoader 1 1 91 1 100 1 7 1 100 1 1 1 1 8 1 12 10 1 1 1 1 100 1 7 1 1 12 10 1 100 1 1 12 10 1 1 12 10 1 100 1 1 12 10 12 10 1 1 12 10 1 7 1 8 12 10 1 7 1 1 12 10 1 1 12 10 1 1 12 10 1 1 1 1 12 10 1 1 7 1 1 12 10 1 100 12 10 1 1 1 1 1 1
ciInstanceKlass jdk/internal/loader/ClassLoaders$PlatformClassLoader 1 1 34 1 100 1 7 1 100 1 1 100 1 1 1 1 8 1 12 10 1 1 1 7 1 1 12 10 1 100 12 10 1 1 1 1
ciInstanceKlass java/lang/ArrayStoreException 1 1 18 1 100 1 100 1 1 5 0 1 1 12 10 1 12 10 1 1
ciInstanceKlass java/lang/ClassCastException 1 1 18 1 100 1 7 1 1 5 0 1 1 12 10 1 12 10 1 1
ciInstanceKlass java/lang/NoClassDefFoundError 0 0 18 1 100 1 100 1 1 5 0 1 1 12 10 1 12 10 1 1
ciInstanceKlass java/lang/IllegalMonitorStateException 1 1 18 1 100 1 100 1 1 5 0 1 1 12 10 1 12 10 1 1
ciInstanceKlass java/lang/StackOverflowError 1 1 18 1 100 1 100 1 1 5 0 1 1 12 10 1 12 10 1 1
instanceKlass java/lang/StackOverflowError
instanceKlass java/lang/OutOfMemoryError
instanceKlass java/lang/InternalError
ciInstanceKlass java/lang/VirtualMachineError 1 1 24 1 100 1 100 1 1 5 0 1 1 12 10 1 12 10 1 12 10 1 12 10 1 1
ciInstanceKlass java/lang/OutOfMemoryError 1 1 18 1 100 1 100 1 1 5 0 1 1 12 10 1 12 10 1 1
ciInstanceKlass java/lang/InternalError 0 0 24 1 100 1 100 1 1 5 0 1 1 12 10 1 12 10 1 12 10 1 12 10 1 1
ciInstanceKlass java/lang/StackTraceElement 0 0 198 1 100 1 100 1 100 1 100 1 1 1 1 1 1 1 1 1 1 1 1 1 1 1 1 3 1 3 1 1 5 0 1 1 1 12 10 1 12 10 12 9 12 9 12 9 12 9 1 8 1 100 1 1 12 10 1 100 12 9 1 8 12 9 12 9 12 9 1 1 1 1 1 1 1 1 1 1 1 1 1 8 1 12 10 1 12 10 1 100 10 1 1 12 10 1 8 12 10 1 12 10 1 8 1 8 1 8 12 10 1 8 1 8 1 12 10 1 8 1 8 1 1 12 10 1 12 10 1 12 10 1 12 10 1 12 9 1 100 1 1 12 10 1 1 12 10 1 100 1 100 1 100 1 1 12 10 1 100 1 100 1 12 10 1 100 1 1 12 10 1 12 10 1 12 10 1 1 1 100 10 1 1 12 10 12 10 1 1 1 12 10 1 1 1 1 1 1
instanceKlass java/nio/CharBuffer
instanceKlass java/nio/IntBuffer
instanceKlass java/nio/LongBuffer
instanceKlass java/nio/ByteBuffer
ciInstanceKlass java/nio/Buffer 1 1 202 1 7 1 7 1 7 1 100 1 7 1 1 1 1 1 1 1 3 1 1 1 1 1 1 1 1 1 1 1 1 1 12 10 12 9 12 9 12 9 12 9 12 9 1 1 1 12 10 1 100 1 12 10 12 10 1 100 1 100 10 1 8 1 1 12 10 1 12 10 1 8 1 8 1 1 12 10 1 12 10 1 1 1 8 12 9 1 100 1 8 1 12 10 1 8 1 8 1 12 9 1 12 10 1 8 1 100 1 8 1 8 1 12 10 1 8 1 8 1 8 1 1 1 100 10 1 1 1 1 1 1 1 1 1 1 1 1 1 1 1 1 1 1 100 10 1 1 1 100 10 1 1 1 100 10 1 1 1 1 1 1 12 10 1 10 1 12 11 1 1 7 1 12 10 1 7 1 1 12 10 12 9 1 1 12 10 12 9 10 1 7 1 1 12 10 1 1 1 1 1 1
staticfield java/nio/Buffer UNSAFE Ljdk/internal/misc/Unsafe; jdk/internal/misc/Unsafe
staticfield java/nio/Buffer SCOPED_MEMORY_ACCESS Ljdk/internal/misc/ScopedMemoryAccess; jdk/internal/misc/ScopedMemoryAccess
staticfield java/nio/Buffer $assertionsDisabled Z 1
ciInstanceKlass java/lang/StringCoding 1 1 25 1 100 1 100 1 1 12 10 1 1 1 1 1 1 100 1 1 12 10 1 1 1 1 1
ciMethod java/lang/StringCoding hasNegatives ([BII)Z 258 35370 1478 0 -1
ciInstanceKlass jdk/internal/misc/UnsafeConstants 1 1 28 1 7 1 100 1 1 1 1 1 1 1 1 1 12 10 1 12 9 12 9 12 9 12 9 12 9 1
staticfield jdk/internal/misc/UnsafeConstants ADDRESS_SIZE0 I 8
staticfield jdk/internal/misc/UnsafeConstants PAGE_SIZE I 4096
staticfield jdk/internal/misc/UnsafeConstants BIG_ENDIAN Z 0
staticfield jdk/internal/misc/UnsafeConstants UNALIGNED_ACCESS Z 1
staticfield jdk/internal/misc/UnsafeConstants DATA_CACHE_LINE_FLUSH_SIZE I 0
instanceKlass java/lang/invoke/BoundMethodHandle
instanceKlass java/lang/invoke/DelegatingMethodHandle
instanceKlass java/lang/invoke/DirectMethodHandle
ciInstanceKlass java/lang/invoke/MethodHandle 1 1 582 1 7 1 7 1 100 1 100 1 7 1 100 1 100 1 1 100 1 100 1 1 7 1 7 1 1 1 1 1 1 1 1 1 1 1 1 1 1 1 1 1 12 9 1 1 1 12 10 1 7 1 1 12 10 1 7 1 7 1 1 12 10 12 9 1 12 10 1 1 1 100 1 1 1 1 1 1 1 1 1 1 1 1 12 10 1 1 12 10 1 100 1 1 12 10 1 1 12 10 1 12 10 1 1 1 100 1 1 12 11 12 10 1 12 10 1 12 10 12 9 1 1 12 10 1 100 1 100 10 1 8 1 1 12 10 1 12 10 1 8 1 1 12 10 1 12 10 1 1 12 10 1 1 1 12 10 1 1 12 10 1 12 10 1 1 1 12 10 1 1 12 10 1 7 1 1 12 10 1 100 1 1 12 10 1 7 1 1 12 10 1 1 12 10 1 1 1 12 10 1 8 1 7 1 1 12 10 1 8 1 1 12 10 1 1 12 10 1 1 12 10 1 12 10 1 8 1 1 12 10 1 1 8 1 12 10 1 8 1 100 1 1 12 10 12 9 1 100 10 1 100 1 1 12 9 1 100 9 1 8 1 1 1 1 12 10 1 12 10 1 1 12 10 1 12 10 1 1 12 10 1 12 10 1 12 10 1 12 10 1 1 12 10 1 1 12 10 1 1 8 1 1 12 10 1 8 1 12 10 1 1 1 12 10 1 1 1 1 1 12 10 1 12 10 1 1 12 10 1 1 1 1 100 1 1 12 9 1 1 12 10 1 100 1 12 11 1 12 10 12 10 1 100 1 1 12 10 1 100 1 12 11 10 1 100 1 12 11 1 12 10 1 100 1 12 11 1 1 12 9 1 1 12 11 1 100 1 1 12 11 1 1 12 10 1 12 9 1 12 11 1 12 9 1 12 9 1 12 9 1 1 12 11 1 12 9 1 12 9 1 12 9 1 12 9 1 12 9 1 12 9 1 12 9 1 8 1 12 10 1 12 10 1 8 1 12 10 1 12 10 10 1 1 1 100 1 100 1 7 1 12 10 12 10 1 8 1 1 12 10 1 1 1 1 12 10 1 12 10 1 12 10 1 100 1 1 12 10 1 12 10 1 1 1 1 1 1 1 1 12 9 1 1 1 1 1 12 10 12 10 1 1 1 1 8 1 1 12 9 12 9 1 1 12 9 1 12 10 1 12 10 1 1 12 10 1 1 1 12 9 12 9 1 7 1 1 12 10 1 7 1 12 11 12 9 1 1 12 10 1 12 10 12 9 1 1 12 10 8 1 1 12 10 8 1 1 1 1 1 1 1
staticfield java/lang/invoke/MethodHandle FORM_OFFSET J 20
staticfield java/lang/invoke/MethodHandle UPDATE_OFFSET J 13
staticfield java/lang/invoke/MethodHandle $assertionsDisabled Z 1
ciInstanceKlass java/lang/invoke/LambdaForm 1 1 940 1 7 1 7 1 100 1 7 1 100 1 7 1 7 1 7 1 7 1 100 1 100 1 1 1 1 1 1 100 1 7 1 1 7 1 7 1 1 7 1 7 1 1 1 1 1 1 1 1 1 1 1 1 1 1 1 1 1 1 1 1 1 3 1 3 1 1 1 1 1 3 1 1 1 1 1 1 1 1 1 1 1 1 1 1 1 1 1 1 1 1 1 12 9 1 12 10 1 1 1 12 10 12 9 12 9 1 1 12 10 1 100 10 7 1 100 12 9 1 1 12 10 12 9 1 1 12 10 12 9 12 9 12 9 12 9 1 1 12 10 1 12 10 1 1 1 1 1 1 100 1 1 12 10 1 100 1 1 12 10 1 1 7 1 12 10 1 1 12 10 1 100 1 1 12 9 1 1 12 10 1 12 9 1 1 12 10 1 12 10 1 1 12 10 1 1 12 10 1 100 1 1 12 10 1 7 10 1 1 12 10 1 8 1 12 10 1 12 10 1 1 12 10 1 1 12 10 1 1 12 10 1 12 10 1 1 12 10 1 1 12 9 1 12 9 1 12 9 1 1 12 10 12 9 1 100 1 1 12 10 1 100 1 1 1 12 10 1 12 10 1 1 12 9 1 100 1 1 12 10 1 12 10 1 12 10 1 12 10 1 12 10 1 12 10 1 1 12 10 1 12 10 12 10 1 8 1 12 10 1 12 10 1 8 1 8 1 1 12 9 12 9 12 9 1 1 1 1 12 10 1 12 10 1 12 9 1 1 12 10 1 7 1 1 12 10 1 1 12 10 1 12 10 1 12 10 1 1 12 10 100 1 12 9 1 12 10 1 8 1 8 1 8 1 8 1 8 1 8 1 8 1 8 1 1 1 1 12 10 1 1 1 12 9 1 1 1 1 7 1 100 12 10 1 12 9 12 10 1 1 12 10 12 10 1 12 10 1 1 12 10 1 1 1 1 12 10 10 1 1 12 10 1 1 12 10 1 1 8 1 1 12 10 1 12 10 1 1 12 10 10 1 1 1 1 8 12 10 1 1 8 1 1 8 1 1 8 1 1 12 10 12 9 12 10 1 1 12 10 1 100 1 1 12 10 12 10 1 1 12 10 1 1 12 10 1 1 12 9 1 8 1 100 1 1 12 10 1 100 1 100 1 12 10 12 10 10 1 1 12 10 12 9 8 1 1 12 10 12 10 1 12 10 1 7 1 12 9 1 1 12 9 1 8 1 100 1 12 10 1 1 12 10 10 1 1 12 10 1 1 12 10 1 8 1 8 1 8 12 10 1 12 10 1 12 10 1 1 12 10 1 1 8 1 8 1 1 12 9 1 12 10 1 1 12 10 1 8 1 8 1 8 1 100 1 8 1 100 1 8 1 100 1 8 1 12 10 1 8 1 9 1 7 1 1 12 10 1 12 10 1 1 12 9 1 12 10 10 1 12 10 1 12 10 1 12 10 1 1 1 1 1 12 10 1 12 10 1 1 12 10 1 1 12 10 1 1 12 10 1 8 1 12 10 1 12 10 1 1 12 9 1 12 10 1 8 1 8 1 8 1 8 1 8 1 8 1 8 1 8 1 8 1 8 1 12 10 12 10 1 12 10 12 10 1 8 1 8 1 8 1 12 10 1 8 1 12 10 1 8 1 8 1 8 1 8 1 8 1 12 10 1 12 10 1 1 12 10 1 1 1 7 1 1 12 10 1 1 12 10 1 1 100 1 12 10 1 12 10 1 1 1 12 10 1 1 12 10 12 10 1 1 1 12 10 12 9 1 8 12 10 1 1 12 9 1 1 12 10 1 12 9 1 12 9 12 9 1 100 1 7 1 1 12 9 1 7 1 7 1 1 12 10 12 9 1 12 10 1 12 10 1 8 1 12 10 12 9 1 1 12 10 1 8 1 100 1 12 10 1 12 9 1 12 9 12 10 1 12 10 1 7 1 1 12 10 1 12 10 1 12 9 1 1 12 10 1 12 10 1 12 10 12 9 1 12 10 10 1 1 1 1 1 1 1 1 1 1 1 1 1 1 1 1 1 1 1 12 10 9 1 12 9 7 1 1 12 9 100 1 1 12 10 1 12 9 1 12 10 10 9 1 1 1 1 1 1 1 1
staticfield java/lang/invoke/LambdaForm COMPILE_THRESHOLD I 0
staticfield java/lang/invoke/LambdaForm INTERNED_ARGUMENTS [[Ljava/lang/invoke/LambdaForm$Name; 5 [[Ljava/lang/invoke/LambdaForm$Name;
staticfield java/lang/invoke/LambdaForm IMPL_NAMES Ljava/lang/invoke/MemberName$Factory; java/lang/invoke/MemberName$Factory
staticfield java/lang/invoke/LambdaForm LF_identity [Ljava/lang/invoke/LambdaForm; 6 [Ljava/lang/invoke/LambdaForm;
staticfield java/lang/invoke/LambdaForm LF_zero [Ljava/lang/invoke/LambdaForm; 6 [Ljava/lang/invoke/LambdaForm;
staticfield java/lang/invoke/LambdaForm NF_identity [Ljava/lang/invoke/LambdaForm$NamedFunction; 6 [Ljava/lang/invoke/LambdaForm$NamedFunction;
staticfield java/lang/invoke/LambdaForm NF_zero [Ljava/lang/invoke/LambdaForm$NamedFunction; 6 [Ljava/lang/invoke/LambdaForm$NamedFunction;
staticfield java/lang/invoke/LambdaForm createFormsLock Ljava/lang/Object; java/lang/Object
staticfield java/lang/invoke/LambdaForm DEBUG_NAME_COUNTERS Ljava/util/HashMap; null
staticfield java/lang/invoke/LambdaForm DEBUG_NAMES Ljava/util/HashMap; null
staticfield java/lang/invoke/LambdaForm TRACE_INTERPRETER Z 0
staticfield java/lang/invoke/LambdaForm $assertionsDisabled Z 1
ciInstanceKlass java/lang/invoke/MethodHandleNatives 1 1 606 1 7 1 7 1 100 1 100 1 1 7 1 7 1 1 7 1 1 7 1 1 7 1 7 1 1 7 1 100 1 1 1 1 1 1 1 1 12 10 1 1 1 1 1 1 1 1 100 1 100 1 1 1 1 1 1 1 1 1 1 1 1 1 1 1 1 1 1 1 1 1 1 12 9 12 10 1 100 10 1 1 12 10 12 10 1 1 1 1 12 10 1 1 1 1 8 1 8 1 8 1 8 1 8 1 8 1 8 1 8 1 8 1 8 1 7 1 1 1 1 1 100 1 100 1 100 12 10 1 7 1 1 12 10 1 100 1 1 12 10 1 7 10 1 1 12 10 1 8 1 12 10 1 8 1 1 12 10 1 8 1 1 12 10 1 100 1 1 12 9 1 8 1 100 1 1 12 10 1 100 12 10 1 100 1 8 1 1 1 7 10 1 12 10 1 7 1 7 1 12 9 1 1 12 10 1 12 10 1 1 7 1 1 12 10 1 7 1 1 12 10 1 7 1 1 12 10 1 12 10 1 100 1 1 12 10 1 1 12 10 1 12 9 1 8 1 12 10 1 8 1 12 10 1 8 1 8 1 8 1 12 10 1 8 1 1 1 1 12 10 1 12 10 1 1 100 1 1 12 10 1 8 1 100 1 1 12 10 1 7 1 8 1 12 10 1 8 1 8 1 8 1 8 1 8 1 1 1 1 1 1 1 1 12 10 1 1 1 1 12 10 1 12 10 1 100 1 1 12 10 1 1 12 10 1 12 10 1 12 10 1 12 10 1 8 1 8 10 1 1 1 12 10 1 1 12 10 1 8 1 100 1 1 12 10 1 8 1 8 1 100 1 1 12 10 1 1 12 10 1 1 12 10 1 1 12 9 1 1 12 10 10 1 12 10 1 12 9 1 1 12 10 1 12 9 1 12 9 1 1 12 10 1 12 10 1 100 1 1 12 10 1 7 1 1 12 10 1 12 10 1 1 12 10 1 1 12 10 1 12 10 1 8 1 12 10 1 12 10 1 1 12 10 1 12 10 1 1 7 1 1 12 10 1 1 12 10 1 100 1 8 10 1 1 1 1 1 12 9 1 1 12 10 1 12 10 1 1 12 10 1 1 12 10 1 100 1 100 10 10 1 100 1 100 10 1 100 10 1 1 12 10 1 1 100 10 1 12 10 1 12 10 1 1 12 10 1 1 12 10 1 1 1 12 10 12 10 1 12 10 10 1 8 1 100 1 12 10 1 1 12 10 1 12 10 1 12 10 1 1 12 10 1 12 10 1 1 1 1 1 12 9 1 7 1 1 12 10 12 9 1 7 12 11 1 1 12 10 12 10 10 12 10 1 7 1 1 12 10 1 1 1 1 1 1
staticfield java/lang/invoke/MethodHandleNatives JLA Ljdk/internal/access/JavaLangAccess; java/lang/System$2
staticfield java/lang/invoke/MethodHandleNatives $assertionsDisabled Z 1
instanceKlass java/lang/invoke/DirectMethodHandle$Interface
instanceKlass java/lang/invoke/DirectMethodHandle$Special
instanceKlass java/lang/invoke/DirectMethodHandle$Constructor
instanceKlass java/lang/invoke/DirectMethodHandle$Accessor
ciInstanceKlass java/lang/invoke/DirectMethodHandle 1 1 858 1 7 1 7 1 7 1 7 1 100 1 7 1 7 1 7 1 7 1 100 1 100 1 100 1 7 1 1 7 1 7 1 1 1 1 1 1 1 7 1 7 1 1 7 1 1 7 1 1 1 1 1 1 1 1 1 1 1 3 1 3 1 3 1 3 1 3 1 3 1 3 1 1 3 1 1 3 1 3 1 1 1 1 1 1 1 1 1 1 1 1 1 3 1 3 1 1 1 1 3 1 1 1 1 1 1 1 1 1 12 10 1 1 12 10 1 100 1 12 10 1 7 1 1 12 10 1 7 1 12 10 1 1 12 10 1 12 10 1 12 10 1 7 1 1 12 10 1 1 12 10 1 12 10 1 1 12 10 1 1 12 10 1 12 10 12 9 1 100 10 12 9 12 9 1 1 1 1 12 10 1 12 10 1 1 12 10 1 12 10 1 12 10 1 12 10 1 1 12 10 1 12 10 1 1 12 10 1 8 1 1 12 10 1 12 10 10 1 12 10 12 10 1 12 10 1 1 12 10 1 1 12 10 1 12 10 1 12 10 1 12 10 1 1 12 10 1 1 12 10 12 10 8 1 100 1 1 12 10 1 12 10 1 12 10 1 1 12 10 1 12 10 1 7 1 1 12 9 1 12 10 1 1 1 7 1 1 12 10 1 1 1 12 10 1 1 1 1 12 10 1 1 12 9 1 1 1 100 10 1 8 1 1 12 10 1 12 10 1 12 10 10 1 1 12 10 1 12 10 1 12 10 1 12 10 1 1 12 10 1 12 10 1 1 12 10 1 12 10 1 1 12 10 10 1 7 1 1 12 10 1 12 10 1 7 1 1 12 10 1 12 10 1 1 12 10 1 100 1 8 1 1 12 9 1 8 1 12 9 1 12 9 1 8 1 12 9 1 12 9 1 8 1 12 9 1 12 9 1 8 1 12 10 1 1 12 10 12 9 1 7 1 1 12 10 1 7 1 1 12 10 1 1 12 10 1 12 10 1 1 12 10 1 100 1 1 12 10 1 12 10 1 1 12 10 1 7 1 1 12 10 1 7 1 1 12 10 1 12 10 1 12 10 1 12 10 1 1 12 9 10 12 9 1 12 9 1 7 1 1 12 10 1 1 1 12 10 1 7 1 7 1 7 1 1 12 9 1 7 12 10 1 1 12 10 1 12 10 1 12 10 1 1 12 10 1 1 12 9 1 1 12 10 1 100 1 100 1 1 12 10 1 12 10 1 12 10 1 1 8 1 1 12 9 1 1 100 1 12 9 12 10 1 1 12 9 1 1 100 1 12 10 1 1 1 12 9 1 1 12 9 1 1 12 10 1 12 10 1 12 10 1 1 1 1 1 1 12 10 1 7 1 1 12 10 1 12 10 1 7 1 12 10 12 9 1 12 10 1 12 10 1 12 10 1 12 10 12 10 12 9 1 1 12 10 1 1 1 1 12 9 1 12 9 1 12 9 1 12 9 1 12 9 1 12 9 1 12 9 1 12 9 1 12 9 1 12 9 1 12 9 1 12 9 1 12 9 1 12 9 1 12 9 1 12 9 1 12 9 1 12 9 1 12 9 1 12 9 1 12 9 1 12 9 1 12 9 1 12 9 1 12 9 1 12 9 1 12 9 1 12 9 1 12 9 1 12 9 1 12 9 1 12 9 1 12 9 1 12 9 1 12 9 1 12 9 1 12 9 1 8 1 1 12 9 12 9 1 12 10 12 10 1 7 9 1 12 10 1 1 12 9 12 10 1 12 10 1 12 10 1 12 10 10 1 8 1 8 1 8 1 8 1 1 12 10 12 9 1 12 10 1 100 1 1 12 10 8 12 9 1 1 12 10 8 8 8 12 9 8 8 8 8 8 8 8 1 12 10 1 12 10 8 1 8 1 12 10 1 12 10 1 1 12 10 1 1 12 10 1 1 1 1 1 1 1 1
staticfield java/lang/invoke/DirectMethodHandle IMPL_NAMES Ljava/lang/invoke/MemberName$Factory; java/lang/invoke/MemberName$Factory
staticfield java/lang/invoke/DirectMethodHandle FT_UNCHECKED_REF I 8
staticfield java/lang/invoke/DirectMethodHandle ACCESSOR_FORMS [Ljava/lang/invoke/LambdaForm; 132 [Ljava/lang/invoke/LambdaForm;
staticfield java/lang/invoke/DirectMethodHandle ALL_WRAPPERS [Lsun/invoke/util/Wrapper; 10 [Lsun/invoke/util/Wrapper;
staticfield java/lang/invoke/DirectMethodHandle NFS [Ljava/lang/invoke/LambdaForm$NamedFunction; 12 [Ljava/lang/invoke/LambdaForm$NamedFunction;
staticfield java/lang/invoke/DirectMethodHandle OBJ_OBJ_TYPE Ljava/lang/invoke/MethodType; java/lang/invoke/MethodType
staticfield java/lang/invoke/DirectMethodHandle LONG_OBJ_TYPE Ljava/lang/invoke/MethodType; java/lang/invoke/MethodType
staticfield java/lang/invoke/DirectMethodHandle $assertionsDisabled Z 1
instanceKlass org/sonarsource/analyzer/commons/internal/json/simple/JSONObject
instanceKlass java/lang/ProcessEnvironment
instanceKlass java/util/LinkedHashMap
ciInstanceKlass java/util/HashMap 1 1 514 1 7 1 1 7 1 7 1 100 1 100 1 7 1 100 1 100 1 100 1 100 1 100 1 100 1 100 1 100 1 100 1 7 1 7 1 7 1 7 1 1 7 1 1 1 1 1 1 100 1 100 1 1 1 1 1 1 1 1 1 1 1 1 5 0 1 1 3 1 3 1 1 4 1 3 1 3 1 3 1 1 1 1 1 1 1 1 1 1 1 1 1 7 1 1 12 10 1 1 1 1 100 1 1 12 10 1 100 1 7 1 1 12 10 1 100 1 100 1 1 12 11 1 12 11 1 1 1 1 12 11 1 1 1 7 1 12 10 1 1 1 12 10 1 100 1 100 10 1 8 1 1 12 10 1 12 10 1 1 12 10 1 12 10 1 7 1 1 12 10 1 8 1 12 10 12 9 12 10 12 9 1 12 10 1 1 1 1 12 10 1 12 11 12 9 4 1 1 12 10 1 12 11 1 7 1 1 12 11 1 7 1 1 12 11 1 1 12 11 1 12 11 1 12 11 12 10 1 1 12 10 12 9 1 1 1 1 1 1 12 10 1 1 12 9 1 12 9 1 12 9 1 1 12 10 100 1 12 9 1 1 12 10 1 1 1 1 1 1 1 12 10 1 1 12 10 1 1 12 10 1 1 12 10 12 9 1 1 12 10 1 3 1 1 12 10 1 1 1 12 10 1 1 12 9 9 1 1 12 10 1 1 1 1 12 10 1 1 1 12 10 1 12 10 1 1 1 1 12 9 1 12 10 1 1 1 1 12 10 1 7 1 1 12 10 1 7 1 1 1 1 1 1 12 9 10 1 100 1 12 9 10 1 1 1 1 1 1 1 1 1 1 1 100 10 1 7 1 12 11 1 100 10 1 1 1 1 7 12 11 1 1 1 1 1 1 1 1 7 1 1 12 11 1 1 1 1 1 100 12 10 1 100 1 12 10 1 12 10 1 1 1 1 1 100 12 10 1 100 1 12 10 1 12 10 1 12 10 1 1 1 100 1 1 12 10 8 1 12 10 1 100 10 4 1 100 1 1 12 10 4 1 12 10 1 1 12 10 1 12 10 1 8 4 1 100 1 1 12 10 1 100 1 100 1 1 12 11 12 10 1 1 12 10 1 1 1 1 1 1 10 1 1 1 12 10 1 1 1 1 1 1 1
instanceKlass org/springframework/core/type/classreading/CachingMetadataReaderFactory$LocalResourceCache
instanceKlass org/springframework/core/annotation/AnnotationAttributes
ciInstanceKlass java/util/LinkedHashMap 1 1 234 1 7 1 1 7 1 100 1 100 1 100 1 100 1 100 1 7 1 7 1 7 1 7 1 1 7 1 1 100 1 1 100 1 1 1 1 1 1 1 1 1 5 0 1 1 1 1 1 1 1 1 1 12 9 12 9 1 12 9 1 12 9 1 1 1 1 1 12 10 1 1 1 1 1 12 10 12 10 1 1 1 1 1 12 9 1 1 12 9 1 12 9 12 10 1 1 1 10 1 1 1 1 1 1 1 1 1 1 12 10 1 12 10 1 1 12 10 1 12 9 1 12 9 1 1 1 100 1 100 1 1 12 10 1 12 10 1 12 10 12 10 1 1 1 1 12 10 1 1 1 1 100 1 12 10 1 1 1 1 1 12 10 12 10 9 1 1 1 1 12 10 1 1 1 1 1 12 9 1 12 10 1 100 1 1 1 1 100 1 1 1 1 1 12 9 10 1 100 1 1 12 9 10 1 1 1 1 100 10 1 7 1 1 12 11 1 100 10 1 1 1 1 100 1 12 11 1 1 1 1 1 1 1
ciMethod java/util/HashMap put (Ljava/lang/Object;Ljava/lang/Object;)Ljava/lang/Object; 1024 0 19186 0 256
ciMethod java/util/HashMap containsKey (Ljava/lang/Object;)Z 186 0 6488 0 672
ciMethod java/util/HashMap newNode (ILjava/lang/Object;Ljava/lang/Object;Ljava/util/HashMap$Node;)Ljava/util/HashMap$Node; 1024 0 6669 0 -1
ciMethod java/util/HashMap afterNodeAccess (Ljava/util/HashMap$Node;)V 0 0 1558 0 -1
ciMethod java/util/HashMap afterNodeInsertion (Z)V 1024 0 2042 0 -1
ciInstanceKlass java/lang/Void 1 1 25 1 7 1 100 1 1 1 1 1 12 10 1 1 8 1 7 1 1 12 10 12 9 1 1
staticfield java/lang/Void TYPE Ljava/lang/Class; java/lang/Class
ciInstanceKlass jdk/internal/reflect/CallerSensitive 0 0 15 1 100 1 100 1 100 1 1 1 1 1 1 1 1
ciInstanceKlass jdk/internal/reflect/ConstantPool 1 1 134 1 7 1 100 1 100 1 1 1 1 1 12 10 1 1 12 9 1 1 12 10 1 1 1 1 1 12 10 1 1 12 10 1 1 1 1 12 10 1 1 1 1 12 10 1 1 12 10 1 1 1 1 12 10 1 1 12 10 1 1 1 1 12 10 1 1 12 10 1 1 12 10 1 1 12 10 1 1 1 1 12 10 1 1 1 1 12 10 1 1 1 1 12 10 1 1 1 1 12 10 1 1 12 10 1 1 1 1 12 10 1 1 12 10 1 1 8 1 7 1 1 12 11 1 7 1 1 12 10 1 1 1 1
instanceKlass jdk/internal/reflect/UnsafeStaticObjectFieldAccessorImpl
instanceKlass jdk/internal/reflect/UnsafeQualifiedStaticFieldAccessorImpl
ciInstanceKlass jdk/internal/reflect/UnsafeStaticFieldAccessorImpl 1 1 39 1 7 1 7 1 1 1 1 12 10 1 1 12 9 1 7 1 1 12 10 12 9 1 1 8 1 7 1 1 12 11 1 7 1 1 12 10 1
instanceKlass jdk/internal/reflect/UnsafeFieldAccessorImpl
ciInstanceKlass jdk/internal/reflect/FieldAccessorImpl 1 1 53 1 100 1 7 1 100 1 1 12 10 1 1 1 100 1 1 1 1 1 1 1 1 1 1 1 1 1 1 1 1 1 1 1 100 1 1 1 1 1 1 1 1 1 1 1 1 1 1 1 1 1 1
instanceKlass jdk/internal/reflect/UnsafeQualifiedFieldAccessorImpl
instanceKlass jdk/internal/reflect/UnsafeBooleanFieldAccessorImpl
instanceKlass jdk/internal/reflect/UnsafeIntegerFieldAccessorImpl
instanceKlass jdk/internal/reflect/UnsafeLongFieldAccessorImpl
instanceKlass jdk/internal/reflect/UnsafeObjectFieldAccessorImpl
instanceKlass jdk/internal/reflect/UnsafeStaticFieldAccessorImpl
ciInstanceKlass jdk/internal/reflect/UnsafeFieldAccessorImpl 1 1 227 1 7 1 7 1 1 1 1 1 1 1 1 1 1 1 12 10 12 9 1 7 1 1 12 10 1 7 1 1 12 10 12 9 1 7 1 1 12 10 12 9 1 12 10 12 10 12 9 1 1 1 1 12 10 1 7 1 12 10 1 7 1 1 12 10 1 12 10 1 1 1 100 10 1 12 10 1 1 12 10 1 8 10 1 12 10 1 1 1 100 1 8 1 12 10 1 8 12 10 1 8 1 12 10 1 1 1 100 1 1 12 10 10 1 8 1 100 12 10 1 1 8 1 100 1 12 10 1 1 8 1 100 1 12 10 1 1 8 1 100 1 12 10 1 1 8 1 100 1 12 10 1 1 8 1 100 1 12 10 1 1 8 1 100 1 12 10 1 1 8 1 100 1 12 10 1 1 8 1 100 1 12 10 1 1 12 10 1 1 1 1 1 1 1 1 8 1 8 1 8 1 8 1 8 1 8 1 1 12 10 1 8 1 8 1 8 12 10 1 1 1 12 10 1 1 1
staticfield jdk/internal/reflect/UnsafeFieldAccessorImpl unsafe Ljdk/internal/misc/Unsafe; jdk/internal/misc/Unsafe
ciInstanceKlass jdk/internal/reflect/NativeConstructorAccessorImpl 1 1 113 1 7 1 7 1 1 1 1 1 1 1 1 1 1 1 1 1 1 1 1 12 10 12 9 1 1 1 100 1 100 1 100 1 100 12 9 1 7 1 1 12 10 1 7 1 1 12 10 1 7 1 1 12 10 12 9 12 9 12 9 1 7 1 1 12 10 1 7 10 1 1 12 10 1 12 10 1 12 10 1 1 12 10 12 9 1 7 1 1 12 10 1 1 12 10 1 1 1 1 1 1 12 10 8 1 1 12 10 1 1 1 1
staticfield jdk/internal/reflect/NativeConstructorAccessorImpl U Ljdk/internal/misc/Unsafe; jdk/internal/misc/Unsafe
staticfield jdk/internal/reflect/NativeConstructorAccessorImpl GENERATED_OFFSET J 16
ciInstanceKlass java/lang/invoke/ConstantCallSite 1 1 55 1 7 1 7 1 1 1 1 1 1 1 12 10 12 9 12 9 1 7 1 1 12 10 1 1 100 12 10 1 1 1 100 12 10 1 1 12 9 1 1 100 10 1 12 10 1 1 1 12 10 1 1 1 1
staticfield java/lang/invoke/ConstantCallSite UNSAFE Ljdk/internal/misc/Unsafe; jdk/internal/misc/Unsafe
ciInstanceKlass java/lang/invoke/MutableCallSite 0 0 52 1 100 1 100 1 1 1 1 12 10 1 12 10 1 1 1 1 12 9 1 1 12 10 1 1 12 10 1 1 12 9 1 100 1 1 12 10 1 100 1 100 1 1 12 10 1 1 12 10 1 1
instanceKlass java/lang/invoke/VarHandleBooleans$FieldInstanceReadOnly
instanceKlass java/lang/invoke/VarHandleInts$FieldStaticReadOnly
instanceKlass java/lang/invoke/VarHandleReferences$Array
instanceKlass java/lang/invoke/VarHandleLongs$FieldInstanceReadOnly
instanceKlass java/lang/invoke/VarHandleReferences$FieldStaticReadOnly
instanceKlass java/lang/invoke/VarHandleByteArrayAsLongs$ByteArrayViewVarHandle
instanceKlass java/lang/invoke/VarHandleByteArrayAsInts$ByteArrayViewVarHandle
instanceKlass java/lang/invoke/VarHandleReferences$FieldInstanceReadOnly
instanceKlass java/lang/invoke/VarHandleInts$FieldInstanceReadOnly
ciInstanceKlass java/lang/invoke/VarHandle 1 1 368 1 7 1 7 1 100 1 100 1 100 1 100 1 7 1 7 1 100 1 7 1 7 1 1 1 1 1 1 100 1 100 1 1 1 1 1 1 1 1 1 1 1 1 1 1 1 1 1 1 12 10 1 12 10 12 9 12 9 1 1 1 100 10 1 1 1 1 1 1 1 1 1 1 1 1 1 1 1 1 1 1 1 1 1 1 1 1 1 1 1 1 1 1 1 1 1 1 1 1 1 1 1 1 1 1 1 1 1 1 1 8 1 1 12 10 1 7 1 12 10 1 1 12 10 1 100 1 1 12 10 1 1 1 12 9 1 1 12 10 1 100 1 1 12 10 1 1 12 10 1 1 12 9 1 12 10 1 1 12 9 1 12 10 1 12 10 1 1 1 1 1 12 9 1 1 12 9 1 12 10 1 1 100 1 100 10 1 8 1 1 12 10 1 12 10 1 8 12 10 1 12 10 1 1 12 10 1 1 12 9 1 12 10 1 1 12 10 1 12 10 1 1 10 1 100 1 1 12 10 1 1 12 10 1 1 12 10 1 1 12 10 1 100 1 1 12 10 1 1 1 1 100 1 12 10 12 9 10 1 1 12 9 1 12 10 1 12 10 1 1 12 10 1 12 10 1 100 1 1 12 10 1 1 12 9 1 1 12 10 12 9 1 12 10 1 12 10 1 100 1 12 10 1 100 10 1 1 7 1 1 12 9 12 9 1 7 1 1 12 10 1 12 10 1 1 12 10 1 1 12 10 1 12 10 1 12 10 1 1 12 10 10 1 7 1 1 12 10 12 9 8 1 1 12 10 1 7 1 1 12 10 1 1 1 1 1 1
staticfield java/lang/invoke/VarHandle AIOOBE_SUPPLIER Ljava/util/function/BiFunction; jdk/internal/util/Preconditions$1
staticfield java/lang/invoke/VarHandle VFORM_OFFSET J 16
staticfield java/lang/invoke/VarHandle $assertionsDisabled Z 1
ciInstanceKlass java/lang/invoke/MemberName 1 1 693 1 7 1 7 1 100 1 100 1 7 1 100 1 7 1 1 100 1 100 1 1 100 1 100 1 1 1 1 1 1 1 1 1 1 1 1 1 1 1 3 1 3 1 3 1 3 1 3 1 3 1 1 8 1 3 1 3 1 3 1 3 1 3 1 3 1 3 1 3 1 3 1 3 1 3 1 3 1 1 1 1 1 12 9 1 1 1 7 12 10 1 1 12 9 1 1 12 10 1 1 1 1 12 10 1 12 10 1 12 10 1 12 10 1 7 1 1 12 10 1 12 10 1 100 1 12 9 1 12 10 1 100 1 100 12 10 1 8 1 1 12 10 1 12 10 1 12 10 1 12 10 12 9 1 8 1 100 1 1 12 10 1 7 10 1 1 12 10 1 100 1 100 1 1 12 10 12 9 1 100 1 8 1 12 10 1 100 1 1 12 10 1 12 10 1 12 10 1 1 12 10 1 12 10 1 12 10 1 1 12 10 1 1 1 1 12 10 1 1 12 10 1 8 1 8 1 8 1 1 1 1 100 1 1 12 10 1 12 10 1 1 12 9 1 1 12 10 1 12 10 1 12 10 10 1 1 12 10 1 12 10 1 12 10 1 12 10 1 12 10 8 1 1 12 10 1 12 10 1 8 1 100 9 8 1 100 9 1 1 12 10 1 1 1 12 10 1 12 10 1 8 1 1 12 10 1 12 10 12 10 1 1 12 10 1 1 12 10 1 100 1 1 12 10 1 12 10 1 8 1 12 10 1 12 10 1 8 1 1 1 12 10 1 1 1 12 10 1 1 1 100 1 1 12 10 12 10 1 8 1 8 1 1 12 10 1 100 1 1 12 10 1 7 12 10 1 12 10 1 12 10 1 12 10 1 12 10 1 10 1 12 10 1 12 10 1 12 10 1 3 12 10 1 1 12 10 1 1 1 1 3 1 1 1 12 10 1 7 1 1 12 10 1 1 1 12 10 1 1 1 12 9 1 1 12 10 1 1 3 1 1 12 10 10 1 7 1 1 12 10 1 12 10 1 100 10 10 12 10 12 10 1 12 10 10 12 10 12 10 12 10 12 10 1 100 10 10 12 10 1 100 10 10 12 10 1 1 1 12 10 10 1 1 12 10 1 1 1 100 10 1 1 12 10 1 100 10 12 10 1 12 10 1 12 10 1 1 1 10 1 12 10 1 1 12 10 1 1 1 12 10 1 12 10 1 12 10 1 100 12 10 1 1 12 10 1 1 100 1 8 10 1 7 1 12 10 12 10 1 1 12 10 1 12 10 1 12 10 1 1 1 1 1 1 8 1 8 1 8 1 8 1 12 10 1 1 1 12 10 1 1 12 10 1 8 1 8 1 12 10 1 8 10 1 12 10 1 12 10 1 8 1 8 10 1 12 10 1 1 1 8 1 1 12 10 1 8 1 12 10 1 1 12 10 1 12 10 1 100 1 8 1 8 1 8 1 8 1 100 10 1 1 8 1 8 1 8 1 8 1 12 10 1 100 1 100 1 100 10 1 100 10 1 100 1 1 12 10 1 1 1 1 12 9 1 1 1 1 1 1 1 1
staticfield java/lang/invoke/MemberName $assertionsDisabled Z 1
ciInstanceKlass java/lang/invoke/ResolvedMethodName 1 1 10 1 100 1 100 1 1 12 10 1
ciInstanceKlass java/lang/StackWalker 0 0 217 1 100 1 100 1 100 1 100 1 100 1 1 1 100 1 100 1 1 100 1 1 1 100 1 100 1 1 1 1 1 1 1 1 1 1 1 1 1 1 1 1 1 12 9 1 1 100 1 1 12 10 1 100 1 1 12 10 1 12 10 1 1 100 1 1 12 11 1 1 12 10 1 1 12 10 1 1 12 10 1 1 1 100 1 8 1 12 10 1 12 10 1 1 12 10 1 1 1 12 10 12 9 12 9 12 9 1 1 12 9 1 1 12 10 12 9 1 1 100 1 1 12 10 1 1 12 11 1 100 1 8 10 1 100 1 12 10 1 12 9 1 1 12 10 1 1 1 1 1 1 12 10 1 12 10 1 1 1 16 1 1 12 10 15 1 16 1 100 1 1 12 10 15 1 1 12 18 1 1 1 1 100 1 8 10 1 1 12 10 1 12 10 1 1 1 1 1 1 12 9 1 100 12 11 1 1 1 12 10 1 1 1 1 1 1 1
ciInstanceKlass java/lang/StackStreamFactory$AbstractStackWalker 1 0 286 1 100 1 1 100 1 100 1 1 100 1 100 1 1 100 1 1 100 1 100 1 1 1 1 1 1 1 1 1 1 1 1 1 1 1 1 3 1 12 10 1 12 10 1 100 1 1 12 10 12 9 1 1 12 10 12 9 12 9 12 9 12 9 1 1 12 9 1 1 12 10 1 1 12 10 1 1 1 1 1 1 1 1 12 9 1 12 10 12 10 1 1 12 9 1 100 1 1 12 9 1 100 10 1 8 1 1 12 10 1 12 10 1 8 1 1 12 10 1 100 1 1 12 10 1 1 1 100 1 8 1 12 10 1 8 12 10 1 1 12 9 1 12 10 12 9 1 8 5 0 1 8 1 8 1 1 1 1 12 9 12 10 1 12 10 12 10 1 100 1 1 12 9 1 1 1 1 12 10 1 12 10 1 12 10 1 12 10 12 10 1 1 12 10 1 8 1 12 10 1 12 10 1 100 1 12 10 1 1 1 1 12 10 1 8 1 100 1 1 12 10 1 1 12 10 1 1 12 10 12 10 12 10 1 100 1 1 12 10 1 12 9 1 8 1 12 10 1 12 10 1 1 12 10 12 10 12 10 1 12 10 1 1 12 10 1 1 12 10 1 1 12 10 1 12 10 1 8 1 1 1 1 1 1 1
ciInstanceKlass jdk/internal/module/Modules 1 1 441 1 7 1 100 1 100 1 100 1 1 100 1 1 100 1 100 1 1 1 1 1 1 1 1 1 1 1 12 10 1 1 12 9 1 7 12 11 1 1 12 11 1 1 12 11 1 1 12 11 1 12 11 1 12 11 1 12 11 1 12 11 1 1 1 12 11 1 1 1 1 100 1 1 12 10 1 100 1 1 12 10 1 16 1 1 12 10 15 16 1 100 1 1 12 10 15 1 1 12 18 1 100 1 1 12 10 1 100 1 100 1 12 10 1 7 1 100 1 100 1 100 1 1 12 10 1 100 1 12 10 1 12 10 1 12 11 1 1 1 12 9 1 100 1 12 11 1 1 1 12 10 10 1 12 10 10 1 1 12 9 1 12 10 1 1 12 10 1 100 1 12 10 1 100 1 100 1 1 12 11 1 100 1 1 12 10 1 100 1 12 11 1 1 12 10 1 100 1 12 10 1 100 1 1 12 10 1 1 12 10 1 1 12 10 1 1 12 11 16 1 1 12 10 15 1 16 1 1 12 18 1 100 1 12 11 1 100 1 1 12 10 1 100 1 1 12 11 1 100 1 100 1 1 12 11 1 100 1 1 12 11 1 12 11 1 1 12 10 1 12 10 1 16 1 12 10 15 1 16 1 1 12 18 1 1 12 11 1 16 1 1 12 10 15 1 16 1 1 12 18 1 1 12 11 1 12 10 10 15 1 16 18 1 1 12 10 15 1 16 18 1 1 12 10 12 9 1 100 1 1 12 11 1 100 10 1 12 11 1 1 12 11 1 1 12 11 10 1 100 1 1 12 10 1 100 1 12 10 1 12 10 12 11 1 12 10 1 100 10 1 1 12 10 15 16 1 12 18 1 1 12 10 1 1 1 100 1 8 1 12 10 1 12 10 1 1 12 10 15 16 1 12 18 11 12 11 1 12 10 10 10 1 1 12 10 15 1 12 18 10 10 1 1 12 10 1 7 1 1 12 10 1 1 12 10 1 1 1 1 1
staticfield jdk/internal/module/Modules JLA Ljdk/internal/access/JavaLangAccess; java/lang/System$2
staticfield jdk/internal/module/Modules JLMA Ljdk/internal/access/JavaLangModuleAccess; java/lang/module/ModuleDescriptor$1
staticfield jdk/internal/module/Modules $assertionsDisabled Z 1
ciInstanceKlass sun/net/util/URLUtil 1 1 110 1 100 1 100 1 1 12 10 1 1 1 7 10 1 7 1 1 12 10 1 7 1 12 10 1 1 12 10 1 8 1 12 10 1 1 12 10 1 12 10 1 8 1 12 10 1 12 10 1 12 10 1 1 1 100 10 1 8 1 1 12 10 1 8 1 12 10 1 8 1 8 1 8 1 1 12 10 1 12 10 1 1 12 10 1 12 10 1 1 12 10 1 100 1 1 12 10 1 12 10 1 12 10 1 100 10 1 1 1
ciMethod sun/net/util/URLUtil urlNoFragString (Ljava/net/URL;)Ljava/lang/String; 536 0 5428 0 15424
ciInstanceKlass sun/net/www/protocol/jar/Handler 1 1 172 1 7 1 7 1 1 1 8 1 1 12 10 1 1 1 100 1 7 1 12 10 1 1 1 7 1 1 12 10 1 1 12 10 1 1 12 10 1 1 1 100 1 7 1 1 12 10 1 8 1 1 12 10 1 12 10 1 12 10 12 10 1 1 12 10 1 12 10 1 12 10 1 1 12 10 10 1 1 1 8 1 1 12 10 1 8 1 1 12 10 12 10 1 100 10 1 12 10 1 1 12 10 12 10 1 1 12 10 1 8 1 1 12 10 1 8 1 7 10 1 8 1 1 12 10 1 8 1 12 10 1 8 1 12 10 1 8 1 1 12 10 1 8 1 8 1 12 10 1 8 1 12 10 1 12 10 1 8 1 8 1 8 1 12 10 1 8 1 1 1 1
instanceKlass sun/net/www/protocol/http/Handler
instanceKlass sun/net/www/protocol/jrt/Handler
instanceKlass sun/net/www/protocol/jar/Handler
instanceKlass sun/net/www/protocol/file/Handler
ciInstanceKlass java/net/URLStreamHandler 1 1 235 1 7 1 7 1 1 12 10 1 1 1 100 1 1 100 1 7 10 1 8 1 1 12 10 1 8 1 7 1 100 1 8 1 7 1 1 12 10 1 12 10 1 100 1 8 10 1 1 1 12 10 1 12 10 1 12 10 1 12 10 1 1 12 10 1 12 10 1 12 10 1 12 10 1 1 12 10 1 1 12 10 1 1 12 10 1 12 10 1 12 10 1 12 10 1 12 10 1 7 1 1 12 10 1 8 1 7 1 1 12 10 1 8 1 8 1 8 1 12 10 1 1 12 10 1 8 1 8 1 12 10 1 8 1 12 10 12 10 1 8 1 12 10 1 8 1 12 10 1 8 1 1 12 10 1 1 1 1 7 1 12 10 1 12 10 1 1 12 10 1 1 12 10 1 100 10 1 12 10 1 12 10 12 10 1 12 10 1 12 10 1 1 12 9 1 12 10 1 12 10 10 1 1 1 12 10 1 8 1 100 1 8 10 1 1 12 10 1 1 12 10 1 1 12 10 1 1 1 8 1 1 1 1 1
ciMethod java/net/URLStreamHandler parseURL (Ljava/net/URL;Ljava/lang/String;II)V 104 0 52 0 -1
ciMethod java/net/URLStreamHandler openConnection (Ljava/net/URL;)Ljava/net/URLConnection; 0 0 1 0 -1
ciInstanceKlass sun/net/www/protocol/file/Handler 1 1 131 1 7 1 7 1 1 12 10 1 1 1 7 1 12 10 1 8 1 7 1 1 1 7 1 1 12 9 1 1 12 10 12 10 1 1 1 100 1 12 10 1 12 10 1 7 1 1 12 10 1 1 12 10 1 8 1 1 12 10 1 8 1 1 12 10 1 12 10 1 1 12 10 1 100 10 1 8 1 1 12 10 1 12 10 1 12 10 1 100 1 12 10 1 8 1 12 10 1 100 1 8 1 12 10 1 12 10 1 12 10 1 100 1 8 1 12 10 10 1 7 1 12 10 1 1 12 10 1 1 1
instanceKlass java/util/LinkedHashSet
ciInstanceKlass java/util/HashSet 1 1 257 1 7 1 1 7 1 7 1 100 1 100 1 100 1 100 1 1 100 1 100 1 1 7 1 7 1 1 1 5 0 1 1 1 1 1 1 1 12 10 10 12 9 1 1 1 7 1 1 12 11 4 1 7 1 1 12 10 1 12 10 1 1 12 10 1 12 10 1 1 7 10 1 1 1 1 1 12 10 12 11 10 1 1 12 10 1 1 1 12 10 1 1 12 9 1 1 12 10 1 1 12 10 1 12 10 1 1 1 100 1 7 12 10 10 1 100 1 12 10 1 1 1 100 1 100 1 12 10 1 12 10 1 12 10 1 1 12 10 1 1 12 10 1 100 1 12 11 1 12 11 1 12 10 1 1 1 100 1 1 12 10 1 12 10 1 100 1 100 10 1 8 1 1 12 10 1 12 10 1 1 12 10 1 12 10 1 12 10 1 100 1 1 12 10 1 8 1 12 10 4 1 12 10 4 1 12 10 1 8 4 1 100 1 1 12 10 1 100 1 1 12 10 1 100 1 1 12 11 1 100 12 10 1 1 1 1 12 10 1 1 1 1 12 10 1 1 12 10 1 10 1 1 1 1 1 1
staticfield java/util/HashSet PRESENT Ljava/lang/Object; java/lang/Object
ciInstanceKlass sun/security/util/SignatureFileVerifier 1 1 643 1 7 1 100 1 100 1 100 1 1 100 1 100 1 1 100 1 100 1 1 100 1 100 1 1 1 1 1 1 1 1 1 1 1 1 1 1 1 1 1 1 1 1 1 1 1 1 1 1 1 1 1 3 1 1 1 1 100 1 100 1 12 10 12 9 12 9 1 100 10 12 9 1 100 1 1 12 10 1 100 1 12 10 12 9 1 1 12 10 1 100 1 1 12 10 12 9 1 8 1 100 1 1 12 10 1 1 12 10 1 100 1 7 100 1 100 1 1 12 10 1 1 12 10 1 7 1 1 12 9 1 1 12 10 12 9 12 9 12 9 1 1 1 1 1 12 10 1 1 1 8 1 12 10 1 8 1 8 1 8 1 1 1 100 1 1 12 11 1 8 1 1 12 10 1 8 1 8 1 8 1 8 1 8 1 1 8 1 12 10 1 12 10 1 12 10 12 10 1 8 1 8 1 1 12 10 1 1 12 10 1 1 1 100 1 100 12 9 1 1 12 10 1 100 12 10 1 1 12 10 1 1 1 1 100 1 12 10 1 100 1 100 1 100 10 1 100 10 1 1 12 10 1 1 12 10 1 1 12 9 1 1 12 10 1 8 1 1 12 10 1 100 1 7 10 1 8 1 1 12 10 1 12 10 1 12 10 1 100 1 1 12 10 1 100 1 100 1 12 10 12 9 1 8 1 100 1 1 12 10 1 100 1 1 12 11 1 100 1 12 11 1 12 11 1 100 1 1 12 9 11 1 1 12 10 1 1 12 11 1 1 12 10 1 1 12 10 1 8 1 12 11 12 11 1 1 12 10 1 8 1 8 1 1 12 10 12 9 1 8 1 7 1 12 10 1 8 1 1 1 100 11 1 8 1 1 12 10 1 100 1 1 12 10 1 1 12 10 1 12 9 12 10 1 12 10 1 8 1 8 1 8 1 12 10 1 12 10 1 1 1 100 1 8 1 12 11 1 8 1 8 1 8 10 1 12 10 1 8 1 10 10 1 8 12 10 1 12 11 12 10 1 1 12 10 1 1 12 10 1 1 12 10 1 8 1 8 1 100 1 1 12 10 1 1 12 10 1 8 12 10 1 1 12 10 1 8 1 8 10 1 8 12 10 10 12 9 1 1 12 10 1 8 1 12 10 1 8 10 1 8 1 8 1 8 1 12 10 1 12 10 1 8 1 8 1 12 10 1 8 1 8 1 8 1 8 1 8 1 8 1 8 1 8 1 1 12 10 1 1 12 10 10 1 100 1 100 1 1 12 10 1 12 10 10 1 8 1 12 10 1 12 10 1 12 10 1 1 12 10 1 1 10 1 1 12 10 1 1 12 10 1 10 12 10 10 1 100 1 1 12 10 1 1 8 3 1 7 1 1 12 10 1 7 1 12 10 1 8 1 12 10 1 1 8 1 12 10 1 8 1 8 12 10 12 9 1 1 1 1 1 1
staticfield sun/security/util/SignatureFileVerifier debug Lsun/security/util/Debug; null
staticfield sun/security/util/SignatureFileVerifier ATTR_DIGEST Ljava/lang/String; "-DIGEST-MANIFEST-MAIN-ATTRIBUTES"staticfield sun/security/util/SignatureFileVerifier MAX_SIG_FILE_SIZE I 16000000
instanceKlass java/util/LinkedHashMap$Entry
ciInstanceKlass java/util/HashMap$Node 1 1 83 1 7 1 1 7 1 100 1 100 1 1 100 1 1 1 1 1 1 1 1 1 1 1 1 1 1 1 12 10 12 9 12 9 12 9 12 9 1 1 1 1 1 1 1 1 100 10 1 1 12 10 1 8 1 12 10 12 10 1 1 1 7 1 12 10 1 1 1 1 1 12 11 1 12 10 12 11 1 1 1 1 1
instanceKlass java/util/HashMap$TreeNode
ciInstanceKlass java/util/LinkedHashMap$Entry 1 1 25 1 100 1 1 7 1 100 1 100 1 1 1 1 1 1 1 1 1 12 10 1 1 1 1
ciInstanceKlass java/util/HashMap$TreeNode 0 0 175 1 100 1 1 100 1 100 1 100 1 1 100 1 1 1 1 1 1 1 1 1 1 1 1 1 1 12 10 1 1 1 12 9 1 1 1 1 1 12 9 12 9 1 1 12 9 1 100 12 9 1 1 12 10 1 100 1 12 10 1 1 1 12 9 12 9 1 100 1 100 1 1 12 9 1 1 12 10 1 1 12 10 1 1 12 10 12 10 1 1 1 12 10 1 1 1 1 12 10 1 1 12 10 1 100 1 1 12 10 1 100 1 1 12 10 1 1 1 12 9 12 10 1 1 12 10 12 10 1 1 1 1 1 12 10 9 1 1 1 1 1 12 10 1 1 1 12 10 1 12 10 1 1 1 12 10 1 1 1 12 10 12 10 1 1 1 1 12 10 1 1 1 1 1
instanceKlass org/springframework/context/annotation/ConfigurationClassParser$ImportStack
ciInstanceKlass java/util/ArrayDeque 1 1 380 1 7 1 1 7 1 100 1 100 1 100 1 7 1 100 1 7 1 1 1 1 100 1 100 1 1 1 1 1 1 1 3 1 1 5 0 1 1 12 9 1 1 12 10 1 7 1 1 12 10 12 9 12 9 100 1 7 1 1 12 10 1 100 1 8 1 1 12 10 3 1 12 10 1 7 1 1 1 7 1 1 12 11 12 10 1 12 10 1 1 1 1 1 1 1 1 1 100 10 1 1 1 1 100 10 12 10 12 10 1 12 10 1 1 1 10 16 12 10 15 1 7 1 1 12 10 15 1 1 12 18 1 1 12 11 1 1 1 12 10 1 1 1 1 1 12 10 1 100 10 1 1 12 10 12 10 1 1 1 1 1 1 12 10 1 1 12 10 1 1 1 12 10 1 12 10 1 1 12 10 1 12 10 1 1 12 10 1 1 1 1 1 1 12 10 1 10 1 1 1 10 1 1 100 1 1 12 10 1 100 12 11 1 1 1 1 12 10 1 1 16 1 1 12 10 15 1 1 12 18 1 1 12 10 15 18 1 100 12 11 1 1 12 10 1 1 1 1 1 1 1 12 10 1 100 12 10 12 10 1 1 12 10 1 12 10 1 1 1 1 12 10 1 1 100 1 1 12 10 1 1 1 1 12 10 1 100 1 12 10 1 1 1 1 100 12 10 1 100 10 1 1 1 100 1 100 1 12 10 1 12 10 12 10 1 1 1 100 1 100 1 12 10 1 12 10 1 100 1 1 12 10 1 100 1 1 12 11 12 10 1 1 100 1 1 12 9 1 8 1 100 1 1 12 10 1 100 1 1 12 10 1 8 1 1 12 10 12 10 12 11 1 1 1 1 1 1 1 1
ciMethod java/util/ArrayDeque addFirst (Ljava/lang/Object;)V 124 0 5182 0 -1
ciMethod java/util/ArrayDeque pollFirst ()Ljava/lang/Object; 532 0 5386 0 224
ciInstanceKlass java/security/PrivilegedExceptionAction 1 0 15 1 100 1 1 100 1 1 1 1 1 100 1 1 1
ciMethod java/security/PrivilegedExceptionAction run ()Ljava/lang/Object; 0 0 1 0 -1
ciInstanceKlass java/util/function/BiFunction 1 1 51 1 100 1 1 100 1 1 100 1 100 1 1 1 1 1 1 1 1 100 1 1 12 10 16 1 1 12 11 15 1 100 1 1 12 10 15 1 12 18 12 11 1 100 12 11 1 1 1 1 1
ciInstanceKlass jdk/internal/util/jar/JarIndex 1 1 281 1 7 1 100 1 100 1 100 1 1 1 1 1 1 1 1 1 1 8 1 1 1 1 12 10 1 100 10 12 9 12 9 1 1 100 10 1 12 10 1 12 9 1 12 10 1 1 1 7 1 1 12 10 1 1 12 10 12 10 1 100 1 1 1 1 1 1 1 12 10 1 100 10 1 1 12 10 1 1 12 10 1 12 10 1 1 1 7 1 1 12 10 1 1 12 10 1 1 12 10 12 10 1 100 1 100 1 1 12 9 1 1 12 10 1 12 10 1 1 12 10 1 100 1 1 12 11 1 1 12 11 1 100 1 1 12 10 1 8 1 12 10 1 8 1 8 1 1 12 10 12 9 12 10 1 12 10 1 12 10 1 1 1 100 1 100 1 100 1 1 12 9 1 12 10 1 12 10 1 8 12 10 1 100 10 1 1 12 10 1 8 1 12 10 1 1 12 10 1 100 1 12 11 1 12 11 1 12 10 1 100 1 100 1 12 10 1 12 10 1 100 10 1 100 1 12 10 1 8 1 12 10 1 12 10 10 1 1 12 10 1 1 12 10 100 1 1 1 1 12 10 1 100 11 1 12 11 1 12 11 1 1 12 10 1 1 8 1 8 1 7 1 12 10 1 1 1 1 1 1
staticfield jdk/internal/util/jar/JarIndex metaInfFilenames Z 0
ciInstanceKlass jdk/internal/loader/URLClassPath 1 1 450 1 7 1 7 1 100 1 100 1 100 1 100 1 100 1 100 1 7 1 100 1 7 1 100 1 7 1 1 1 1 1 1 8 1 1 1 1 1 1 1 1 1 1 1 1 1 1 1 1 1 1 1 1 1 1 1 1 1 1 1 1 12 10 1 7 10 12 9 1 7 10 12 9 12 9 1 12 10 1 7 10 1 100 1 100 1 100 1 1 12 10 10 12 9 12 9 1 8 1 1 12 11 12 9 12 9 12 9 1 12 10 1 1 7 1 7 1 12 9 1 1 12 10 1 1 12 10 1 12 10 1 1 12 10 1 1 12 10 1 1 12 10 1 1 12 10 1 7 1 1 1 1 100 1 100 1 12 10 1 100 10 1 1 12 10 1 100 1 100 1 12 11 1 1 12 11 1 12 10 11 1 1 1 12 10 1 1 12 10 1 100 1 1 12 10 12 10 1 1 12 10 1 7 1 1 12 10 1 1 1 1 12 10 1 1 1 1 12 10 12 10 1 1 12 9 1 7 1 1 12 9 1 100 10 1 8 1 1 12 10 1 8 1 1 12 10 1 100 1 12 10 12 10 1 1 1 1 12 10 1 10 1 1 10 1 1 12 10 1 100 1 12 10 1 7 1 1 12 10 1 12 10 1 12 10 1 12 10 1 1 12 10 1 8 1 12 10 1 8 1 1 12 10 1 100 1 12 10 1 7 1 1 12 10 1 1 12 10 1 1 12 9 1 100 1 1 12 11 1 100 1 12 10 1 1 1 100 1 12 10 1 1 12 10 1 1 12 10 1 100 1 1 12 10 1 100 1 1 12 10 1 100 1 100 1 12 10 1 8 1 12 10 1 12 10 1 12 10 1 100 1 8 1 100 1 1 12 10 1 12 10 1 12 10 1 1 12 10 1 1 7 1 1 12 10 1 8 1 7 1 1 12 10 12 9 1 8 1 8 1 8 1 12 10 12 9 1 8 1 8 12 9 1 8 12 9 1 7 1 1 12 10 1 1 1 1 1 1 1
staticfield jdk/internal/loader/URLClassPath JAVA_VERSION Ljava/lang/String; "17.0.11"staticfield jdk/internal/loader/URLClassPath DEBUG Z 0
staticfield jdk/internal/loader/URLClassPath DISABLE_JAR_CHECKING Z 0
staticfield jdk/internal/loader/URLClassPath DISABLE_ACC_CHECKING Z 0
staticfield jdk/internal/loader/URLClassPath DISABLE_CP_URL_CHECK Z 0
staticfield jdk/internal/loader/URLClassPath DEBUG_CP_URL_CHECK Z 0
staticfield jdk/internal/loader/URLClassPath JNUA Ljdk/internal/access/JavaNetURLAccess; java/net/URL$3
ciMethod jdk/internal/loader/URLClassPath getResource (Ljava/lang/String;Z)Ljdk/internal/loader/Resource; 514 0 5377 0 -1
ciMethod jdk/internal/loader/URLClassPath check (Ljava/net/URL;)V 6 0 18 0 0
ciMethod jdk/internal/loader/URLClassPath push ([Ljava/net/URL;)V 0 0 1 0 0
ciMethod jdk/internal/loader/URLClassPath getLoader (Ljava/net/URL;)Ljdk/internal/loader/URLClassPath$Loader; 2 0 9 0 0
ciMethod jdk/internal/loader/URLClassPath getLoader (I)Ljdk/internal/loader/URLClassPath$Loader; 1168 2 5694 0 0
ciInstanceKlass java/util/jar/JavaUtilJarAccessImpl 1 1 76 1 100 1 7 1 100 1 1 12 10 1 1 1 100 1 7 1 1 12 10 1 1 1 12 10 1 1 1 12 10 1 1 1 1 12 10 1 1 1 1 12 10 1 1 1 12 10 1 1 1 1 12 10 1 1 1 7 1 12 10 1 1 12 10 1 12 10 1 1 1 12 10 1 1 1
ciInstanceKlass jdk/internal/access/JavaUtilJarAccess 1 0 34 1 100 1 100 1 1 1 100 1 1 1 1 1 1 1 1 1 1 1 1 1 1 1 1 1 1 1 1 1 1 1 1 1
ciMethod java/util/jar/JavaUtilJarAccessImpl entryFor (Ljava/util/jar/JarFile;Ljava/lang/String;)Ljava/util/jar/JarEntry; 768 0 5236 0 0
ciInstanceKlass java/util/jar/Attributes 1 1 273 1 7 1 1 7 1 7 1 100 1 7 1 1 100 1 1 7 1 100 1 1 1 1 1 1 1 12 10 12 10 1 7 10 12 9 1 1 12 10 1 1 12 11 1 1 1 1 12 10 10 1 7 1 1 1 12 11 1 1 10 1 12 11 1 1 12 11 1 12 11 1 1 1 100 1 12 10 1 100 10 1 1 12 11 1 100 1 1 12 11 1 100 1 1 12 11 1 1 12 11 1 12 11 12 11 1 12 11 1 1 12 11 1 12 11 1 1 12 11 1 1 1 12 11 1 1 12 11 1 12 11 1 12 10 1 1 1 100 1 100 10 10 1 12 10 1 1 12 10 1 1 12 10 1 8 1 12 10 10 1 1 12 10 1 1 12 10 1 1 1 12 9 10 12 10 1 12 9 1 7 1 1 12 9 1 1 12 10 1 100 1 12 10 1 1 12 10 1 1 1 12 10 1 100 1 7 10 1 1 12 10 10 1 8 1 1 12 10 1 8 1 12 10 1 8 1 12 10 1 1 12 10 1 12 10 1 12 10 1 8 1 12 10 1 100 12 10 1 8 1 100 1 1 12 10 1 8 1 8 1 12 10 1 8 1 8 1 1 1 1 1 1
ciMethod java/util/jar/Attributes getValue (Ljava/util/jar/Attributes$Name;)Ljava/lang/String; 508 0 7870 0 -1
ciInstanceKlass java/util/jar/Attributes$Name 1 1 211 1 7 1 7 1 100 1 1 1 1 1 1 1 1 1 1 1 1 1 1 1 1 1 1 1 1 1 1 1 1 1 1 1 1 1 1 1 12 9 1 7 1 1 12 11 1 1 12 10 1 12 10 1 1 12 10 12 9 1 7 1 1 12 10 12 9 8 1 7 1 1 12 10 1 1 12 10 1 100 10 1 1 12 10 1 1 1 1 12 10 1 1 1 1 1 1 12 11 1 1 7 1 1 12 10 1 8 12 9 1 8 12 9 1 8 12 9 1 8 12 9 1 8 12 9 1 8 12 9 1 8 12 9 1 8 12 9 1 8 12 9 1 8 12 9 1 8 12 9 1 8 12 9 1 8 12 9 1 8 12 9 1 8 12 9 1 8 12 9 1 8 12 9 1 8 12 9 1 7 1 12 10 12 10 1 8 1 8 1 8 1 8 8 1 8 1 8 1 8 1 1 12 11 1 1 1 1 1 1 1
staticfield java/util/jar/Attributes$Name MANIFEST_VERSION Ljava/util/jar/Attributes$Name; java/util/jar/Attributes$Name
staticfield java/util/jar/Attributes$Name SIGNATURE_VERSION Ljava/util/jar/Attributes$Name; java/util/jar/Attributes$Name
staticfield java/util/jar/Attributes$Name CONTENT_TYPE Ljava/util/jar/Attributes$Name; java/util/jar/Attributes$Name
staticfield java/util/jar/Attributes$Name CLASS_PATH Ljava/util/jar/Attributes$Name; java/util/jar/Attributes$Name
staticfield java/util/jar/Attributes$Name MAIN_CLASS Ljava/util/jar/Attributes$Name; java/util/jar/Attributes$Name
staticfield java/util/jar/Attributes$Name SEALED Ljava/util/jar/Attributes$Name; java/util/jar/Attributes$Name
staticfield java/util/jar/Attributes$Name EXTENSION_LIST Ljava/util/jar/Attributes$Name; java/util/jar/Attributes$Name
staticfield java/util/jar/Attributes$Name EXTENSION_NAME Ljava/util/jar/Attributes$Name; java/util/jar/Attributes$Name
staticfield java/util/jar/Attributes$Name EXTENSION_INSTALLATION Ljava/util/jar/Attributes$Name; java/util/jar/Attributes$Name
staticfield java/util/jar/Attributes$Name IMPLEMENTATION_TITLE Ljava/util/jar/Attributes$Name; java/util/jar/Attributes$Name
staticfield java/util/jar/Attributes$Name IMPLEMENTATION_VERSION Ljava/util/jar/Attributes$Name; java/util/jar/Attributes$Name
staticfield java/util/jar/Attributes$Name IMPLEMENTATION_VENDOR Ljava/util/jar/Attributes$Name; java/util/jar/Attributes$Name
staticfield java/util/jar/Attributes$Name IMPLEMENTATION_VENDOR_ID Ljava/util/jar/Attributes$Name; java/util/jar/Attributes$Name
staticfield java/util/jar/Attributes$Name IMPLEMENTATION_URL Ljava/util/jar/Attributes$Name; java/util/jar/Attributes$Name
staticfield java/util/jar/Attributes$Name SPECIFICATION_TITLE Ljava/util/jar/Attributes$Name; java/util/jar/Attributes$Name
staticfield java/util/jar/Attributes$Name SPECIFICATION_VERSION Ljava/util/jar/Attributes$Name; java/util/jar/Attributes$Name
staticfield java/util/jar/Attributes$Name SPECIFICATION_VENDOR Ljava/util/jar/Attributes$Name; java/util/jar/Attributes$Name
staticfield java/util/jar/Attributes$Name MULTI_RELEASE Ljava/util/jar/Attributes$Name; java/util/jar/Attributes$Name
instanceKlass jdk/internal/loader/URLClassPath$JarLoader$2
ciInstanceKlass jdk/internal/loader/Resource 1 1 98 1 7 1 7 1 1 1 1 12 10 1 1 1 1 1 1 1 1 100 1 1 1 12 9 12 10 1 1 1 100 12 10 1 7 1 1 12 10 1 7 12 10 3 1 100 1 7 1 1 12 10 1 7 1 1 12 10 1 1 12 10 1 100 1 8 1 12 10 1 12 10 1 1 12 10 1 12 10 1 100 1 1 1 7 12 11 1 1 1 1 1 1 1 1 1 1 1
ciInstanceKlass jdk/internal/loader/URLClassPath$JarLoader$2 1 1 123 1 7 1 7 1 7 1 7 1 1 12 1 1 1 1 1 1 1 1 1 1 1 1 1 12 9 12 9 12 9 12 9 1 12 10 12 9 1 1 1 1 1 1 12 9 1 1 1 100 1 1 12 9 1 7 1 12 10 1 1 1 7 1 1 12 10 1 1 1 7 1 1 12 10 1 7 1 1 12 11 12 10 1 1 12 10 1 1 12 10 1 1 1 1 12 10 1 7 10 1 1 12 10 1 12 10 1 12 10 1 8 1 12 10 1 100 1 1 1 1 1 1
ciInstanceKlass jdk/internal/loader/URLClassPath$JarLoader$1 1 1 132 1 7 1 1 7 1 100 1 7 1 7 1 1 12 1 1 1 1 1 12 9 12 10 1 1 1 100 1 100 1 1 12 9 1 100 1 1 12 9 1 100 10 1 8 1 1 12 10 1 1 12 9 1 12 10 1 1 12 10 1 100 1 1 12 10 1 100 1 12 10 1 1 12 10 1 1 12 9 1 7 1 1 12 10 1 1 12 9 1 1 12 10 1 100 1 100 1 12 10 1 100 1 1 12 10 1 1 12 9 1 100 1 1 12 10 1 1 12 10 1 1 100 12 10 1 1 1 1 1 1 1
instanceKlass jdk/internal/loader/URLClassPath$JarLoader
ciInstanceKlass jdk/internal/loader/URLClassPath$Loader 1 1 113 1 7 1 7 1 100 1 100 1 1 100 1 1 100 1 1 1 1 1 1 1 12 10 12 9 1 1 1 1 1 100 1 100 1 100 1 100 1 1 12 10 1 12 10 1 12 10 1 1 12 10 1 100 1 8 1 1 12 10 1 1 12 10 1 100 1 1 12 10 1 1 12 10 1 100 1 12 10 1 100 1 1 1 100 1 1 12 10 1 1 12 10 12 9 1 12 10 1 12 10 1 100 1 100 10 1 1 1 1 1 1 1
ciInstanceKlass jdk/internal/loader/URLClassPath$JarLoader 1 1 488 1 7 1 7 1 7 1 1 1 7 1 100 1 100 1 1 7 1 100 1 100 1 100 1 1 1 1 1 1 1 1 1 1 1 1 1 1 1 1 1 1 1 1 1 1 100 1 7 8 1 8 1 7 1 12 10 1 1 12 10 1 8 1 12 10 1 1 12 10 1 12 10 1 12 10 12 9 12 9 12 9 12 9 12 9 1 12 10 1 12 9 1 7 12 10 1 1 1 1 1 8 1 12 10 1 7 1 1 12 10 1 100 1 12 10 1 7 1 1 12 10 1 1 12 10 1 1 1 7 1 1 12 10 1 12 9 12 9 1 100 1 1 12 11 1 8 1 12 10 1 1 12 10 1 12 10 1 7 10 1 1 12 10 1 100 1 12 10 10 1 7 10 1 1 12 10 1 12 10 12 10 1 1 12 10 1 8 1 12 10 1 1 12 10 1 8 1 1 12 9 1 100 1 1 12 10 1 100 12 10 1 1 1 100 12 10 12 9 1 1 1 100 1 100 1 12 10 1 100 1 12 10 1 7 1 1 12 10 1 12 10 1 12 10 1 1 1 1 12 10 1 1 12 10 1 1 12 10 1 100 1 12 11 1 1 12 11 1 100 1 12 10 1 1 1 1 12 10 1 7 1 12 10 1 1 12 10 12 10 1 100 10 1 12 10 1 1 100 1 1 12 10 1 100 1 100 1 1 12 10 1 1 12 10 1 100 1 100 1 1 12 10 1 100 1 12 10 1 12 10 12 10 1 1 12 10 1 1 12 10 1 12 11 12 10 1 100 1 8 10 1 1 1 7 1 1 12 10 1 7 1 1 12 11 1 1 12 10 1 100 1 1 12 10 1 1 12 9 1 1 12 10 1 1 12 10 1 100 10 1 12 10 1 100 1 12 10 1 12 10 1 12 9 1 1 12 10 1 12 9 1 1 12 9 1 8 1 8 1 100 1 12 10 1 100 1 1 12 10 1 12 10 1 12 10 1 12 10 1 12 10 1 1 12 9 1 1 12 10 1 12 10 10 1 12 10 1 1 12 10 1 8 1 12 10 1 100 1 100 1 1 12 10 1 12 10 1 1 1 12 10 1 1 1 1 1 1
staticfield jdk/internal/loader/URLClassPath$JarLoader zipAccess Ljdk/internal/access/JavaUtilZipFileAccess; java/util/zip/ZipFile$1
ciInstanceKlass jdk/internal/loader/URLClassPath$3 1 1 112 1 7 1 1 7 1 100 1 7 1 1 12 1 100 1 1 7 1 1 100 1 1 1 1 1 1 1 12 9 12 9 1 12 10 1 1 1 100 1 7 1 1 12 10 1 12 10 1 8 1 7 1 1 12 10 1 8 1 1 12 10 1 12 10 1 8 1 1 12 10 1 8 1 1 12 10 1 1 12 10 1 12 10 1 1 12 9 1 1 12 9 1 1 12 9 1 12 10 10 1 1 100 12 10 1 1 1 1 1 1 1
ciMethod jdk/internal/loader/URLClassPath$Loader getResource (Ljava/lang/String;Z)Ljdk/internal/loader/Resource; 0 0 1 0 -1
ciMethod jdk/internal/loader/URLClassPath$Loader getClassPath ()[Ljava/net/URL; 0 0 1 0 -1
ciMethod jdk/internal/loader/URLClassPath$Loader getBaseURL ()Ljava/net/URL; 256 0 128 0 0
ciMethod jdk/internal/loader/URLClassPath$JarLoader$1 run ()Ljava/lang/Void; 18 0 9 0 0
ciMethod jdk/internal/loader/URLClassPath$JarLoader$1 run ()Ljava/lang/Object; 18 0 9 0 0
ciMethod jdk/internal/loader/URLClassPath$JarLoader$1 <init> (Ljdk/internal/loader/URLClassPath$JarLoader;)V 2 0 9 0 0
ciMethod jdk/internal/loader/URLClassPath$JarLoader$2 <init> (Ljdk/internal/loader/URLClassPath$JarLoader;Ljava/lang/String;Ljava/net/URL;Ljava/util/jar/JarEntry;)V 1014 0 5190 0 0
ciMethod jdk/internal/loader/Resource <init> ()V 1014 0 5191 0 0
instanceKlass sun/net/www/protocol/jar/URLJarFile
ciInstanceKlass java/util/jar/JarFile 1 1 695 1 7 1 7 1 7 1 100 1 100 1 7 1 7 1 1 1 100 1 7 1 1 100 1 7 1 1 100 1 100 1 1 100 1 100 1 1 1 1 1 1 1 1 1 1 1 1 1 1 1 1 1 1 1 1 1 1 1 1 1 1 1 1 1 1 1 8 1 1 8 1 1 8 1 1 1 1 1 1 1 1 1 12 9 1 12 9 1 1 1 100 1 7 12 10 1 12 10 1 1 1 1 12 10 1 12 10 12 9 1 7 1 1 12 10 12 9 1 1 12 10 12 9 12 9 1 7 1 1 12 10 1 1 12 10 12 9 1 1 12 10 12 9 12 9 1 1 12 10 1 1 1 12 10 1 100 12 9 1 7 1 1 12 10 1 1 12 10 1 1 12 10 12 9 12 9 1 7 1 1 12 11 1 7 1 1 12 10 1 12 10 12 9 100 1 1 12 9 1 8 1 100 1 12 10 1 7 1 12 10 10 1 12 10 1 1 12 10 1 12 10 1 7 1 12 10 1 1 12 10 1 12 10 1 1 1 1 12 10 1 1 12 10 10 1 1 1 1 12 11 1 1 1 1 12 11 1 1 12 11 16 1 1 12 10 15 16 1 100 1 1 12 10 15 1 1 12 18 1 100 1 1 12 11 1 16 1 12 10 15 1 16 1 1 12 18 1 1 12 11 1 12 11 12 10 15 16 18 1 16 18 12 10 1 1 12 10 1 100 1 7 1 12 10 1 12 10 1 1 12 10 1 1 12 10 1 12 10 1 1 12 11 1 100 1 100 12 10 1 1 12 10 1 12 10 1 8 12 10 1 1 12 10 1 1 12 10 1 1 1 12 11 12 10 1 1 100 1 1 12 11 1 100 1 1 12 11 1 100 1 100 1 12 11 1 12 11 1 100 1 8 10 1 12 9 1 12 10 1 12 10 1 12 9 1 1 12 10 1 1 12 10 1 100 1 8 1 12 10 1 12 10 1 8 1 12 10 1 8 1 7 1 1 12 10 1 7 1 12 9 1 8 1 12 10 1 8 10 1 8 1 8 10 3 1 1 12 10 1 1 12 10 1 100 1 8 1 8 10 12 10 12 10 1 1 12 10 1 12 10 1 1 12 10 12 9 12 9 1 1 1 7 1 12 10 12 9 1 100 12 9 12 9 12 9 12 10 12 9 12 9 12 9 10 1 12 10 1 1 12 10 1 1 12 9 1 1 12 10 1 100 1 12 10 1 1 100 12 10 12 9 1 1 12 9 1 7 1 12 10 1 12 9 10 1 12 10 1 1 1 1 1 12 10 1 12 10 1 100 1 100 1 1 12 10 1 12 10 1 100 1 12 10 1 1 12 10 1 12 10 1 1 1 12 10 1 100 1 12 11 1 1 12 10 1 12 10 10 1 1 1 12 9 1 12 10 12 10 1 100 1 1 12 10 1 1 1 12 10 1 100 10 1 10 1 7 10 1 7 1 1 12 10 1 1 12 10 1 8 1 7 1 12 10 12 10 1 12 10 1 8 1 8 1 12 10 1 12 10 1 8 1 12 10 1 8 1 1 1 1 1 1 1 1
staticfield java/util/jar/JarFile BASE_VERSION Ljava/lang/Runtime$Version; java/lang/Runtime$Version
staticfield java/util/jar/JarFile BASE_VERSION_FEATURE I 8
staticfield java/util/jar/JarFile RUNTIME_VERSION Ljava/lang/Runtime$Version; java/lang/Runtime$Version
staticfield java/util/jar/JarFile MULTI_RELEASE_ENABLED Z 1
staticfield java/util/jar/JarFile MULTI_RELEASE_FORCED Z 0
staticfield java/util/jar/JarFile isInitializing Ljava/lang/ThreadLocal; java/lang/ThreadLocal
staticfield java/util/jar/JarFile JUZFA Ljdk/internal/access/JavaUtilZipFileAccess; java/util/zip/ZipFile$1
staticfield java/util/jar/JarFile CLASSPATH_CHARS [B 12
staticfield java/util/jar/JarFile CLASSPATH_LASTOCC [B 65
staticfield java/util/jar/JarFile CLASSPATH_OPTOSFT [B 12
staticfield java/util/jar/JarFile MULTIRELEASE_CHARS [B 19
staticfield java/util/jar/JarFile MULTIRELEASE_LASTOCC [B 65
staticfield java/util/jar/JarFile MULTIRELEASE_OPTOSFT [B 19
instanceKlass java/util/jar/JarFile
ciInstanceKlass java/util/zip/ZipFile 1 1 529 1 7 1 7 1 100 1 100 1 7 1 100 1 100 1 7 1 7 1 100 1 100 1 7 1 100 1 7 1 1 1 1 1 1 1 1 1 1 100 1 100 1 1 1 1 1 1 1 1 1 1 3 1 3 1 3 1 3 1 1 1 1 1 1 1 100 1 7 12 10 1 12 10 1 7 1 1 12 9 1 12 10 1 1 100 1 12 10 1 100 1 100 1 100 10 1 8 1 1 12 10 1 100 1 1 12 10 1 1 12 10 10 1 12 10 1 7 1 1 12 10 1 100 1 12 10 1 12 10 1 7 1 8 1 7 1 1 12 10 12 9 1 1 12 10 1 7 1 1 12 10 1 12 10 12 9 1 7 1 1 12 10 1 1 12 10 1 12 10 1 12 10 1 1 1 1 12 10 1 1 12 9 1 1 12 9 1 1 12 9 1 12 10 1 100 1 1 8 1 1 12 10 1 1 12 10 1 7 1 1 1 8 1 1 12 9 12 9 9 1 1 12 10 12 9 1 7 1 12 9 1 12 10 1 7 1 1 12 10 1 1 12 11 1 1 12 10 5 0 5 0 5 0 5 0 1 12 10 1 100 1 8 10 1 1 1 1 1 12 9 1 12 10 1 1 1 1 1 1 16 1 1 12 10 15 16 1 100 1 1 12 10 15 1 1 12 18 1 12 10 1 100 1 12 10 1 1 12 10 1 1 12 10 1 12 10 1 1 12 10 15 16 18 1 1 1 1 12 10 15 16 18 1 12 10 1 12 10 1 1 12 10 1 1 12 10 1 8 1 1 12 10 1 12 10 100 1 7 1 1 12 9 1 7 1 1 12 11 10 1 12 10 1 12 9 1 12 10 1 1 12 9 1 12 10 1 12 9 1 12 9 1 12 10 1 12 9 1 12 9 1 12 10 1 12 10 3 1 12 9 1 7 1 1 12 10 1 1 12 10 12 9 1 1 1 100 12 9 1 12 10 1 1 12 10 1 100 1 8 10 1 8 1 1 8 1 1 1 1 1 12 9 1 12 9 1 100 10 1 100 11 100 1 12 11 1 1 12 9 1 1 1 1 1 12 9 1 1 8 1 7 1 1 12 10 1 8 1 12 10 1 100 1 12 10 12 9 10 1 7 1 1 12 10 1 8 1 7 1 12 10 1 8 1 1 12 10 12 9 1 1 1 1 1 1 1 1 1
staticfield java/util/zip/ZipFile DISABLE_ZIP64_EXTRA_VALIDATION Z 0
instanceKlass java/util/jar/JarEntry
ciInstanceKlass java/util/zip/ZipEntry 1 1 303 1 7 1 7 1 100 1 100 1 1 1 1 1 1 1 1 1 1 1 1 1 1 1 1 1 1 1 1 1 3 1 3 1 5 0 1 5 0 1 1 1 12 10 5 0 12 9 12 9 12 9 12 9 12 9 12 9 12 9 12 9 8 1 7 1 1 12 10 1 7 1 1 12 10 3 1 100 1 8 12 10 12 9 1 1 8 12 9 12 9 12 9 12 9 12 9 1 1 1 1 1 7 1 1 12 10 1 1 12 10 1 100 1 12 10 1 100 1 1 12 9 1 100 1 1 12 10 1 1 1 12 10 1 12 10 1 1 1 12 10 1 12 10 1 12 10 1 12 10 1 12 10 5 0 1 12 10 3 1 100 1 1 12 10 1 100 1 1 12 10 1 1 12 10 1 12 10 1 1 10 1 1 12 10 5 0 5 0 5 0 5 0 5 0 5 0 1 12 10 1 1 1 8 1 1 12 10 1 1 12 10 1 1 8 1 1 1 8 1 1 1 8 1 1 1 1 1 8 1 1 1 1 8 1 1 1 1 1 12 10 1 8 1 1 12 10 1 1 12 10 5 0 1 1 12 10 1 7 1 1 12 10 1 12 10 1 12 10 100 1 1 1 1 1 1 1 8 1 1 12 10 1 12 10 1 12 10 1 1 1 100 12 10 10 1 100 1 12 10 1 1 1
instanceKlass sun/net/www/protocol/jar/URLJarFile$URLJarFileEntry
instanceKlass java/util/jar/JarFile$JarFileEntry
ciInstanceKlass java/util/jar/JarEntry 1 1 49 1 7 1 7 1 1 1 1 1 1 1 1 12 10 1 12 10 1 10 12 9 12 9 12 9 1 1 1 100 1 1 100 1 1 12 10 1 1 100 10 1 1 1 12 10 1 1 1
ciInstanceKlass java/util/jar/JarFile$JarFileEntry 1 1 114 1 7 1 7 1 7 1 1 1 1 1 1 1 12 9 1 12 10 12 9 1 1 12 10 1 1 1 100 1 1 12 10 1 1 12 10 1 100 1 12 10 1 1 1 1 12 10 1 100 1 12 10 1 1 12 9 1 1 12 9 1 1 12 10 1 100 1 1 12 10 100 1 1 12 10 1 1 1 1 12 9 1 12 10 100 10 1 1 1 12 10 1 1 12 9 1 12 9 1 100 1 1 12 10 12 10 1 1 1 1 1 1 1
ciMethod java/util/zip/ZipEntry getSize ()J 258 0 129 0 -1
ciMethod java/util/zip/ZipEntry setExtra0 ([BZZ)V 0 0 8 0 0
ciMethod java/util/jar/JarEntry getRealName ()Ljava/lang/String; 0 0 1 0 -1
ciMethod java/util/zip/ZipEntry <init> (Ljava/lang/String;)V 768 0 5234 0 0
ciMethod java/util/zip/ZipFile getInputStream (Ljava/util/zip/ZipEntry;)Ljava/io/InputStream; 524 0 5222 0 -1
ciMethod java/util/zip/ZipFile getEntry (Ljava/lang/String;)Ljava/util/zip/ZipEntry; 512 0 5497 0 0
ciMethod java/util/zip/ZipFile ensureOpen ()V 512 0 5437 0 128
ciMethod java/util/zip/ZipFile getZipEntry (Ljava/lang/String;I)Ljava/util/zip/ZipEntry; 500 0 5230 0 0
ciMethod java/util/jar/JarFile getEntry (Ljava/lang/String;)Ljava/util/zip/ZipEntry; 792 0 5465 0 0
ciMethod java/util/jar/JarFile getManifest ()Ljava/util/jar/Manifest; 512 0 5184 0 -1
ciMethod java/util/jar/JarFile getJarEntry (Ljava/lang/String;)Ljava/util/jar/JarEntry; 512 0 5444 0 0
ciMethod java/util/jar/JarFile entryFor (Ljava/lang/String;)Ljava/util/jar/JarEntry; 768 0 5236 0 0
ciMethod java/util/jar/JarFile getBytes (Ljava/util/zip/ZipEntry;)[B 8 0 32 0 0
ciMethod java/util/jar/JarFile match ([B[B[B[B)I 12 204 46 0 0
ciMethod java/util/jar/JarFile isMultiRelease ()Z 768 0 10647 0 0
ciMethod java/util/jar/JarFile checkForSpecialAttributes ()V 514 0 5390 0 1216
ciMethod java/util/jar/JarFile getManEntry ()Ljava/util/jar/JarEntry; 10 0 41 0 0
ciMethod java/util/jar/JarFile getVersionedEntry (Ljava/lang/String;Ljava/util/jar/JarEntry;)Ljava/util/jar/JarEntry; 0 0 1 0 -1
ciInstanceKlass jdk/internal/access/JavaUtilZipFileAccess 1 0 29 1 100 1 100 1 1 1 1 1 1 1 1 1 1 1 1 1 1 1 1 1 1 1 1 1 1 1 1
instanceKlass java/util/zip/ZipCoder$UTF8ZipCoder
ciInstanceKlass java/util/zip/ZipCoder 1 1 205 1 7 1 7 1 7 1 1 1 1 1 1 1 1 1 1 1 1 1 1 1 1 7 1 1 12 9 12 9 1 1 12 10 1 1 1 100 1 1 12 10 1 100 1 1 12 10 1 100 1 1 12 10 1 100 1 12 10 1 100 1 12 10 1 12 10 1 1 1 1 1 12 10 1 12 10 1 100 1 1 12 10 1 1 12 10 1 12 10 1 1 12 10 1 12 10 1 1 12 10 1 12 10 1 7 1 10 1 1 1 1 100 10 1 12 10 100 1 100 1 1 1 12 10 1 12 10 1 1 12 10 1 1 12 10 1 100 1 1 12 10 1 12 10 12 9 12 9 1 100 1 12 10 1 100 1 1 12 9 1 1 12 10 1 12 10 12 9 1 12 10 1 12 10 12 10 12 9 1 8 1 12 10 1 8 1 1 12 10 1 1 7 1 1 12 10 12 9 10 1 1 1 1 1
staticfield java/util/zip/ZipCoder JLA Ljdk/internal/access/JavaLangAccess; java/lang/System$2
staticfield java/util/zip/ZipCoder UTF8 Ljava/util/zip/ZipCoder$UTF8ZipCoder; java/util/zip/ZipCoder$UTF8ZipCoder
ciInstanceKlass java/util/zip/ZipCoder$UTF8ZipCoder 1 1 43 1 100 1 7 1 1 1 12 10 1 1 1 1 1 1 12 9 1 7 1 12 11 1 1 1 12 11 1 1 1 100 1 1 12 10 1 1 1 1 1 1 1
ciMethod java/util/zip/ZipCoder$UTF8ZipCoder toString ([BII)Ljava/lang/String; 512 0 5273 0 0
ciMethod java/util/zip/ZipCoder$UTF8ZipCoder hasTrailingSlash ([BI)Z 514 0 5236 0 0
ciMethod java/util/zip/ZipCoder$UTF8ZipCoder isUTF8 ()Z 678 0 339 0 0
ciInstanceKlass java/util/zip/ZipFile$ZipFileInflaterInputStream 1 1 142 1 7 1 7 1 7 1 7 1 1 1 7 1 1 7 1 1 7 1 7 1 1 1 1 1 1 1 1 1 1 1 1 12 10 1 12 10 12 9 1 12 10 12 9 1 7 1 1 12 10 1 12 10 1 1 12 10 12 9 1 1 1 100 12 9 12 10 1 1 12 9 1 1 12 9 1 7 1 1 12 11 1 100 1 100 1 12 11 1 1 100 1 8 1 12 10 1 1 12 9 1 1 12 9 1 7 1 1 12 10 1 1 12 9 1 1 12 9 1 7 1 1 12 10 1 1 1 1 12 10 1 12 10 5 0 3 1 1 1 1 1
ciMethod java/util/zip/ZipCoder toString ([BII)Ljava/lang/String; 0 0 1 0 -1
ciMethod java/util/zip/ZipCoder hasTrailingSlash ([BI)Z 0 0 1 0 -1
ciMethod java/util/zip/ZipCoder isUTF8 ()Z 0 0 1 0 -1
ciMethod java/util/zip/ZipCoder hash (Ljava/lang/String;)I 0 0 5506 0 0
ciMethod jdk/internal/access/JavaUtilZipFileAccess getManifestName (Ljava/util/jar/JarFile;Z)Ljava/lang/String; 0 0 1 0 -1
ciInstanceKlass java/nio/file/attribute/FileTime 1 1 280 1 7 1 1 7 1 100 1 7 1 1 1 1 1 1 1 1 1 5 0 1 5 0 1 1 5 0 1 5 0 1 5 0 1 5 0 1 5 0 1 1 3 1 3 1 5 0 1 5 0 1 5 0 1 5 0 1 5 0 1 1 1 12 10 12 9 12 9 12 9 1 1 8 1 7 1 1 12 10 12 10 1 1 1 7 1 12 9 1 8 1 1 1 1 12 10 1 7 1 1 12 10 1 12 9 5 0 5 0 1 1 12 10 1 12 9 1 1 12 10 1 7 1 12 10 1 1 1 1 1 1 12 9 1 12 10 5 0 12 10 5 0 5 0 1 1 12 10 1 12 10 1 100 1 8 1 12 10 1 12 9 1 12 9 1 1 12 10 1 1 1 1 12 10 1 12 10 12 10 1 12 10 1 1 12 9 1 12 10 1 12 10 1 7 1 1 12 10 12 10 12 10 1 1 1 100 1 12 10 1 1 12 9 1 12 10 5 0 1 100 1 1 12 9 1 100 1 12 10 1 12 10 10 1 12 10 1 8 1 8 1 100 1 12 10 1 12 10 12 10 1 1 12 10 1 12 10 1 12 10 1 12 10 1 12 10 1 12 10 3 12 10 1 1 1 1 1 1 1
ciInstanceKlass java/util/zip/ZipUtils 1 1 291 1 7 1 100 1 1 5 0 1 5 0 1 1 1 5 0 1 1 3 1 3 1 5 0 1 3 1 1 1 1 1 1 12 10 1 1 5 0 1 7 1 1 12 9 1 7 1 1 12 10 1 1 1 1 12 10 1 1 12 9 1 1 1 1 100 5 0 5 0 5 0 5 0 5 0 5 0 1 100 1 1 12 10 1 12 9 1 100 1 1 12 10 1 1 12 10 1 100 1 1 12 10 1 1 12 10 1 1 12 10 1 1 12 10 1 100 1 12 10 1 1 12 10 1 12 10 1 1 1 1 12 10 1 12 10 1 12 10 1 12 10 1 12 10 1 12 10 5 0 1 1 1 12 10 12 10 5 0 5 0 1 100 1 1 12 10 1 1 12 10 1 1 1 1 12 10 1 12 10 1 1 1 1 12 10 1 12 10 1 1 1 1 1 1 1 1 1 1 1 1 1 1 1 1 1 1 1 1 1 1 12 10 1 1 1 1 1 1 1 12 10 1 1 1 1 1 1 1 1 1 1 1 1 1 1 1 1 1 8 1 7 1 12 10 1 1 12 9 12 9 1 7 1 1 12 10 1 7 1 1 12 9 1 1 12 10 1 1 7 1 1 12 10 12 9 1 1 12 10 1 8 1 1 12 10 1 8 1 1 1
staticfield java/util/zip/ZipUtils defaultBuf Ljava/nio/ByteBuffer; java/nio/HeapByteBuffer
staticfield java/util/zip/ZipUtils unsafe Ljdk/internal/misc/Unsafe; jdk/internal/misc/Unsafe
staticfield java/util/zip/ZipUtils byteBufferArrayOffset J 48
staticfield java/util/zip/ZipUtils byteBufferOffsetOffset J 40
ciMethod java/util/zip/ZipUtils get16 ([BI)I 152 0 76 0 -1
ciMethod java/util/zip/ZipUtils get64 ([BI)J 0 0 1 0 -1
ciMethod java/util/zip/ZipUtils winTimeToFileTime (J)Ljava/nio/file/attribute/FileTime; 0 0 1 0 -1
ciMethod java/util/zip/ZipUtils get32S ([BI)I 8 0 4 0 -1
ciMethod java/util/zip/ZipUtils unixTimeToFileTime (J)Ljava/nio/file/attribute/FileTime; 8 0 4 0 -1
ciMethod java/util/zip/ZipUtils CENFLG ([BI)I 1024 0 56705 0 160
ciMethod java/util/zip/ZipUtils CENHOW ([BI)I 1024 0 60576 0 160
ciMethod java/util/zip/ZipUtils CENTIM ([BI)J 768 0 5234 0 0
ciMethod java/util/zip/ZipUtils CENCRC ([BI)J 768 0 5234 0 0
ciMethod java/util/zip/ZipUtils CENSIZ ([BI)J 516 0 10460 0 0
ciMethod java/util/zip/ZipUtils CENLEN ([BI)J 768 0 15686 0 0
ciMethod java/util/zip/ZipUtils CENNAM ([BI)I 1024 0 60638 0 160
ciMethod java/util/zip/ZipUtils CENEXT ([BI)I 900 0 114834 0 160
ciMethod java/util/zip/ZipUtils CENCOM ([BI)I 1024 0 65011 0 0
ciMethod java/util/zip/ZipUtils CENVEM_FA ([BI)I 770 0 5234 0 0
ciMethod java/util/zip/ZipUtils CENATX_PERMS ([BI)I 8 0 48 0 0
ciMethod java/util/zip/ZipUtils CH ([BI)I 770 0 5237 0 0
ciMethod java/util/zip/ZipUtils SH ([BI)I 648 0 549555 0 160
ciMethod java/util/zip/ZipUtils LG ([BI)J 808 0 95010 0 224
ciInstanceKlass java/util/zip/ZipFile$Source 1 1 578 1 7 1 7 1 7 1 1 7 1 1 7 1 1 100 1 7 1 1 1 1 1 3 1 1 1 1 1 1 1 1 1 1 1 1 1 1 1 1 1 1 1 1 1 1 1 3 1 1 1 1 1 1 1 3 1 1 1 1 100 1 100 12 9 1 7 1 1 12 10 5 0 1 8 1 1 12 10 100 1 1 12 10 1 12 10 1 8 1 100 1 1 12 10 1 8 1 1 12 10 1 12 10 1 8 1 1 12 10 1 12 10 1 8 1 12 10 1 12 9 1 8 1 1 12 10 1 1 12 10 1 1 12 10 3 12 9 12 9 12 9 1 8 3 1 8 1 8 1 12 10 1 8 1 7 1 1 12 10 1 7 1 1 12 10 1 12 10 1 12 10 1 1 12 10 5 0 1 8 1 1 12 10 1 12 10 1 8 1 8 1 1 1 1 1 1 1 100 1 100 1 7 1 1 12 10 1 7 1 7 1 7 1 1 12 10 1 12 10 1 12 10 12 9 1 7 1 12 10 12 9 1 100 1 12 10 1 1 12 10 1 12 10 1 1 12 10 1 1 12 9 1 12 10 10 12 9 12 9 12 9 1 12 9 1 7 1 1 12 10 1 1 12 9 1 8 1 100 1 1 12 11 12 9 1 7 1 12 10 1 1 12 10 1 1 12 10 1 1 12 10 1 1 12 10 5 0 12 9 10 12 9 12 9 12 9 1 1 12 10 1 7 1 12 10 1 1 12 10 1 1 12 10 1 1 1 1 12 10 1 8 10 5 0 1 7 1 1 12 10 1 8 1 1 12 10 1 1 12 10 1 12 9 1 12 10 1 12 9 1 12 10 1 12 9 1 12 9 1 12 10 5 0 1 12 10 12 9 1 8 5 0 5 0 1 12 10 5 0 1 12 10 1 12 10 1 12 10 12 10 12 10 12 9 12 9 1 8 1 8 1 8 1 12 10 100 1 100 1 7 1 12 10 12 10 1 1 12 10 1 1 12 10 1 12 10 12 10 1 12 10 1 12 10 1 7 10 11 1 1 12 10 1 1 12 10 1 12 10 1 12 10 11 1 1 12 11 1 7 1 12 11 1 1 12 11 1 12 10 1 1 100 1 1 12 10 12 10 12 10 1 12 10 12 10 1 12 10 1 1 12 10 1 1 12 10 12 10 12 10 1 12 10 1 1 12 9 12 9 1 100 1 1 12 9 1 12 10 1 100 1 1 12 9 1 1 12 10 1 100 1 12 10 1 100 10 1 1 7 1 12 10 1 1 12 10 12 9 10 1 1 1 1 1 1 1 1
staticfield java/util/zip/ZipFile$Source JUJA Ljdk/internal/access/JavaUtilJarAccess; java/util/jar/JavaUtilJarAccessImpl
staticfield java/util/zip/ZipFile$Source EMPTY_META_VERSIONS [I 0
staticfield java/util/zip/ZipFile$Source files Ljava/util/HashMap; java/util/HashMap
staticfield java/util/zip/ZipFile$Source $assertionsDisabled Z 1
ciInstanceKlass java/util/zip/ZipFile$CleanableResource 1 1 143 1 7 1 7 1 100 1 100 1 7 1 7 1 1 1 7 1 1 1 1 1 1 1 1 1 1 1 1 1 1 100 1 12 10 1 7 1 1 12 10 1 1 12 10 12 9 1 7 10 1 7 1 1 12 10 12 9 1 7 10 12 9 1 100 1 100 1 1 12 10 12 9 1 12 11 1 1 1 7 1 1 12 11 1 7 1 100 1 12 10 1 1 1 12 10 1 1 12 11 1 12 10 1 1 7 1 1 12 11 1 100 1 1 12 11 1 100 1 12 11 1 12 10 1 1 12 10 1 1 12 10 1 100 1 12 10 1 1 1 1 1 1
ciInstanceKlass java/util/zip/ZipFile$1 1 1 87 1 100 1 7 1 100 1 7 1 100 1 1 100 1 1 1 12 10 1 1 1 1 12 9 1 1 12 9 1 1 12 9 1 1 1 1 12 10 1 1 1 12 10 1 1 1 12 10 1 1 1 12 10 1 1 1 1 1 12 10 1 1 1 1 1 12 10 1 1 12 10 1 1 1 100 1 1 12 9 1 1 1 1 1 1 1
ciMethod java/util/zip/ZipFile$Source getEntryPos (I)I 500 0 5239 0 0
ciMethod java/util/zip/ZipFile$Source getEntryPos (Ljava/lang/String;Z)I 512 880 5506 0 0
ciMethod java/util/zip/ZipFile$Source zipCoderForPos (I)Ljava/util/zip/ZipCoder; 1024 0 16886 0 128
ciMethod java/util/zip/ZipFile$Source getEntryHash (I)I 512 0 12153 0 0
ciMethod java/util/zip/ZipFile$Source getEntryNext (I)I 514 0 6914 0 0
ciMethod java/util/jar/JarEntry <init> (Ljava/lang/String;)V 768 0 5236 0 0
ciMethod java/util/jar/JarFile$JarFileEntry <init> (Ljava/util/jar/JarFile;Ljava/lang/String;)V 768 0 5236 0 0
ciMethod jdk/internal/loader/URLClassPath$3 <init> (Ljdk/internal/loader/URLClassPath;Ljava/net/URL;)V 18 0 9 0 -1
ciMethod jdk/internal/loader/URLClassPath$JarLoader getResource (Ljava/lang/String;Z)Ljdk/internal/loader/Resource; 512 0 5435 0 0
ciMethod jdk/internal/loader/URLClassPath$JarLoader ensureOpen ()V 512 0 5452 0 0
ciMethod jdk/internal/loader/URLClassPath$JarLoader getClassPath ()[Ljava/net/URL; 18 0 9 0 0
ciMethod jdk/internal/loader/URLClassPath$JarLoader getJarFile (Ljava/net/URL;)Ljava/util/jar/JarFile; 18 0 9 0 -1
ciMethod jdk/internal/loader/URLClassPath$JarLoader checkResource (Ljava/lang/String;ZLjava/util/jar/JarEntry;)Ljdk/internal/loader/Resource; 502 0 5181 0 0
ciMethod jdk/internal/loader/URLClassPath$JarLoader parseClassPath (Ljava/net/URL;Ljava/lang/String;)[Ljava/net/URL; 0 0 1 0 -1
ciMethod jdk/internal/access/JavaUtilJarAccess jarFileHasClassPathAttribute (Ljava/util/jar/JarFile;)Z 0 0 1 0 -1
ciMethod jdk/internal/access/JavaUtilJarAccess entryFor (Ljava/util/jar/JarFile;Ljava/lang/String;)Ljava/util/jar/JarEntry; 0 0 1 0 -1
ciMethod jdk/internal/util/jar/JarIndex getJarIndex (Ljava/util/jar/JarFile;)Ljdk/internal/util/jar/JarIndex; 18 0 9 0 -1
ciMethod jdk/internal/util/jar/JarIndex getJarFiles ()[Ljava/lang/String; 0 0 1 0 -1
ciMethod java/util/ArrayDeque inc (II)I 768 0 17155 0 0
ciMethod java/util/ArrayDeque elementAt ([Ljava/lang/Object;I)Ljava/lang/Object; 768 0 16695 0 128
ciMethod java/util/HashMap$TreeNode putTreeVal (Ljava/util/HashMap;[Ljava/util/HashMap$Node;ILjava/lang/Object;Ljava/lang/Object;)Ljava/util/HashMap$TreeNode; 0 0 1 0 -1
ciMethod java/util/HashMap getNode (Ljava/lang/Object;)Ljava/util/HashMap$Node; 1024 66 11810 0 -1
ciMethod java/util/HashMap resize ()[Ljava/util/HashMap$Node; 260 822 3318 0 -1
ciMethod java/util/HashMap treeifyBin ([Ljava/util/HashMap$Node;I)V 0 0 2 0 -1
ciMethod java/util/HashMap putVal (ILjava/lang/Object;Ljava/lang/Object;ZZ)Ljava/lang/Object; 1024 48 17396 0 4512
ciMethod java/util/HashMap hash (Ljava/lang/Object;)I 1024 0 72155 0 192
ciMethod jdk/internal/util/Preconditions checkIndex (IILjava/util/function/BiFunction;)I 516 0 399772 0 -1
ciMethod java/lang/ref/Reference reachabilityFence (Ljava/lang/Object;)V 748 0 117973 0 -1
ciMethod java/util/Arrays copyOfRange ([BII)[B 520 0 5427 0 736
ciMethod java/util/Arrays copyOf ([BI)[B 94 0 5273 0 -1
ciMethod java/lang/Math max (II)I 512 0 419691 0 -1
ciMethod java/lang/Math min (II)I 522 0 287280 0 -1
ciMethod java/lang/Exception <init> (Ljava/lang/String;Ljava/lang/Throwable;)V 22 0 7836 0 -1
ciMethod java/io/InputStream close ()V 0 0 1 0 -1
ciMethod jdk/internal/access/SharedSecrets javaUtilJarAccess ()Ljdk/internal/access/JavaUtilJarAccess; 512 0 10345 0 -1
ciMethod jdk/internal/access/JavaLangAccess newStringUTF8NoRepl ([BII)Ljava/lang/String; 0 0 1 0 -1
ciMethod jdk/internal/reflect/Reflection getCallerClass ()Ljava/lang/Class; 768 0 384 0 -1
ciMethod java/lang/StringBuilder <init> ()V 112 0 77985 0 -1
ciMethod java/lang/StringBuilder toString ()Ljava/lang/String; 116 0 132457 0 -1
ciMethod java/lang/StringBuilder append (Ljava/lang/String;)Ljava/lang/StringBuilder; 212 0 236808 0 -1
ciMethod java/lang/StringBuilder append (I)Ljava/lang/StringBuilder; 12 0 11158 0 -1
ciMethod java/security/ProtectionDomain implies (Ljava/security/Permission;)Z 2 0 1 0 -1
ciMethod java/lang/String charAt (I)C 574 0 935305 0 160
ciMethod java/lang/String isEmpty ()Z 518 0 354478 0 96
ciMethod java/lang/String length ()I 540 0 1585189 0 96
ciMethod java/lang/String <init> ([BB)V 516 0 32796 0 256
ciMethod java/lang/String equals (Ljava/lang/Object;)Z 842 0 48063 0 384
ciMethod java/lang/String hashCode ()I 1024 0 11896 0 480
ciMethod java/lang/String indexOf (Ljava/lang/String;)I 306 0 29690 0 -1
ciMethod java/lang/String indexOf (II)I 538 0 185078 0 -1
ciMethod java/lang/String checkIndex (II)V 0 0 6231 0 128
ciMethod java/lang/String coder ()B 564 0 2103860 0 64
ciMethod java/lang/String checkBoundsOffCount (III)V 588 0 6503 0 160
ciMethod java/lang/String isNotContinuation (I)Z 54 0 357 0 -1
ciMethod java/lang/String decode2 (II)C 54 0 357 0 -1
ciMethod java/lang/String decodeUTF8_UTF16 ([BII[BIZ)I 0 0 15 0 -1
ciMethod java/lang/String newStringUTF8NoRepl ([BII)Ljava/lang/String; 0 0 5275 0 0
ciMethod java/lang/String isLatin1 ()Z 832 0 1333270 0 96
ciMethod java/lang/String equalsIgnoreCase (Ljava/lang/String;)Z 1024 0 5672 0 -1
ciMethod java/lang/String regionMatches (ZILjava/lang/String;II)Z 656 0 6522 0 -1
ciMethod java/lang/String startsWith (Ljava/lang/String;)Z 518 0 455445 0 -1
ciMethod java/lang/String endsWith (Ljava/lang/String;)Z 780 0 125573 0 -1
ciMethod java/lang/String substring (II)Ljava/lang/String; 518 0 5449 0 -1
ciMethod java/lang/String toLowerCase ()Ljava/lang/String; 212 0 20351 0 -1
ciMethod java/util/ArrayList size ()I 262 0 131 0 0
ciMethod java/util/ArrayList get (I)Ljava/lang/Object; 522 0 27859 0 192
ciMethod java/util/ArrayList add (Ljava/lang/Object;)Z 526 0 54023 0 1952
ciMethod java/util/ArrayList add (Ljava/lang/Object;[Ljava/lang/Object;I)V 526 0 54024 0 -1
ciMethod java/util/ArrayList elementData (I)Ljava/lang/Object; 522 0 28347 0 128
ciMethod java/security/AccessController executePrivileged (Ljava/security/PrivilegedExceptionAction;Ljava/security/AccessControlContext;Ljava/lang/Class;)Ljava/lang/Object; 512 0 2700 0 -1
ciMethod java/security/AccessController getProtectionDomain (Ljava/lang/Class;)Ljava/security/ProtectionDomain; 4 0 2 0 -1
ciMethod java/security/AccessController doPrivileged (Ljava/security/PrivilegedExceptionAction;Ljava/security/AccessControlContext;)Ljava/lang/Object; 4 0 2376 0 0
ciMethod java/security/AccessController isPrivileged ()Z 0 0 1 0 -1
ciMethod java/security/AccessController checkContext (Ljava/security/AccessControlContext;Ljava/lang/Class;)Ljava/security/AccessControlContext; 512 0 2385 0 0
ciMethod java/security/AccessController wrapException (Ljava/lang/Exception;)Ljava/security/PrivilegedActionException; 0 0 112 0 -1
ciMethod java/security/AccessController getInnocuousAcc ()Ljava/security/AccessControlContext; 0 0 1 0 -1
ciMethod java/security/AccessController ensureMaterializedForStackWalk (Ljava/lang/Object;)V 516 0 258 0 -1
ciMethod java/lang/Object <init> ()V 1024 0 1702299 0 128
instanceKlass java/nio/channels/CancelledKeyException
instanceKlass org/eclipse/jgit/errors/NoWorkTreeException
instanceKlass java/util/concurrent/CancellationException
instanceKlass java/nio/channels/OverlappingFileLockException
instanceKlass org/springframework/context/annotation/ConflictingBeanDefinitionException
instanceKlass org/springframework/core/env/MissingRequiredPropertiesException
instanceKlass org/springframework/beans/factory/support/ImplicitlyAppearedSingletonException
ciInstanceKlass java/lang/IllegalStateException 1 1 24 1 100 1 7 1 1 5 0 1 1 12 10 1 12 10 1 12 10 1 12 10 1 1
instanceKlass jdk/internal/net/http/ProxyAuthenticationRequired
instanceKlass jdk/internal/net/http/Http2Connection$ALPNException
instanceKlass com/google/protobuf/CodedOutputStream$OutOfSpaceException
instanceKlass com/google/gson/stream/MalformedJsonException
instanceKlass org/apache/commons/io/FileExistsException
instanceKlass java/nio/channels/ClosedChannelException
instanceKlass jdk/internal/net/http/common/ConnectionExpiredException
instanceKlass java/net/http/HttpTimeoutException
instanceKlass com/google/gson/stream/MalformedJsonException
instanceKlass org/eclipse/jgit/errors/UnmergedPathException
instanceKlass org/eclipse/jgit/errors/IndexReadException
instanceKlass org/eclipse/jgit/errors/MissingObjectException
instanceKlass org/eclipse/jgit/errors/SearchForReuseTimeout
instanceKlass org/eclipse/jgit/errors/PackMismatchException
instanceKlass org/eclipse/jgit/errors/AmbiguousObjectException
instanceKlass org/eclipse/jgit/errors/IncorrectObjectTypeException
instanceKlass com/google/protobuf/TextFormat$InvalidEscapeSequenceException
instanceKlass java/nio/charset/CharacterCodingException
instanceKlass org/eclipse/jgit/errors/CorruptObjectException
instanceKlass org/eclipse/jgit/errors/TransportException
instanceKlass java/io/UnsupportedEncodingException
instanceKlass com/google/protobuf/InvalidProtocolBufferException
instanceKlass org/eclipse/jgit/errors/LockFailedException
instanceKlass com/google/protobuf/InvalidProtocolBufferException
instanceKlass java/net/UnknownServiceException
instanceKlass java/net/ProtocolException
instanceKlass java/io/InterruptedIOException
instanceKlass java/nio/file/FileSystemException
instanceKlass sun/security/pkcs/ParsingException
instanceKlass javax/net/ssl/SSLException
instanceKlass org/springframework/core/NestedIOException
instanceKlass java/net/SocketException
instanceKlass java/net/UnknownHostException
instanceKlass java/util/zip/ZipException
instanceKlass java/io/ObjectStreamException
instanceKlass com/google/gson/stream/MalformedJsonException
instanceKlass java/io/CharConversionException
instanceKlass java/io/EOFException
instanceKlass java/net/MalformedURLException
instanceKlass java/io/FileNotFoundException
ciInstanceKlass java/io/IOException 1 1 24 1 100 1 7 1 1 5 0 1 1 12 10 1 12 10 1 12 10 1 12 10 1 1
instanceKlass java/security/AccessControlException
ciInstanceKlass java/lang/SecurityException 1 1 24 1 100 1 7 1 1 5 0 1 1 12 10 1 12 10 1 12 10 1 12 10 1 1
instanceKlass org/apache/commons/io/CloseableURLConnection
instanceKlass java/net/HttpURLConnection
instanceKlass sun/net/www/URLConnection
instanceKlass java/net/JarURLConnection
ciInstanceKlass java/net/URLConnection 1 1 572 1 7 1 7 1 100 1 100 1 1 1 1 1 1 1 1 1 1 1 1 1 1 1 1 1 1 1 1 1 1 1 1 1 1 1 1 1 1 8 1 1 8 1 1 1 12 9 1 1 12 10 1 100 1 1 1 100 1 1 12 10 1 100 1 12 10 1 1 100 1 1 1 100 1 8 1 12 10 12 9 1 1 1 12 9 1 1 10 12 9 12 9 12 9 12 9 12 9 12 9 12 9 12 9 12 9 1 7 1 1 12 10 1 1 12 10 1 1 1 1 1 12 10 5 0 1 8 5 0 1 1 12 10 1 1 8 1 1 12 10 1 1 8 1 1 8 1 12 10 1 1 8 1 1 8 1 1 1 1 100 1 12 10 1 1 1 100 1 100 1 1 12 10 1 7 1 100 1 1 12 10 1 100 1 100 1 12 10 1 1 1 1 1 1 12 10 1 1 12 10 1 100 1 12 10 1 1 1 12 10 1 1 1 100 1 1 12 9 1 100 1 8 10 1 1 1 8 1 1 100 10 1 1 12 10 1 7 1 12 10 1 1 12 10 1 8 1 12 10 12 10 1 1 1 12 10 1 1 1 1 1 1 1 1 1 1 1 1 1 1 1 1 7 1 1 12 9 1 1 12 10 12 9 1 100 1 1 12 10 1 7 1 1 12 10 1 1 12 10 1 12 10 1 1 1 100 1 8 10 12 9 1 100 10 1 12 10 1 1 12 10 1 1 12 10 1 1 1 12 10 1 1 1 1 1 12 9 1 100 1 8 10 12 10 1 12 10 1 8 12 9 1 7 10 1 100 1 1 12 11 1 12 10 1 12 10 1 100 1 12 10 1 12 10 1 12 10 1 100 1 1 12 9 12 9 1 100 10 1 1 12 10 1 1 12 10 1 100 1 12 10 1 12 10 1 100 1 8 12 10 1 12 10 1 12 10 1 12 10 1 8 1 1 12 10 1 100 1 1 12 10 1 12 10 1 12 10 1 12 10 1 100 1 1 12 10 12 10 1 12 10 1 1 12 10 1 100 1 12 10 1 8 1 100 1 1 12 10 1 12 10 1 12 11 1 1 1 100 1 12 10 1 12 10 1 12 10 1 12 10 1 8 1 8 1 8 1 8 1 8 1 8 1 8 1 8 1 8 1 8 1 1 12 10 1 8 1 8 1 8 5 0 1 1 12 10 1 1 12 10 1 100 5 0 5 0 5 0 5 0 5 0 1 12 10 1 100 1 1 12 10 1 100 1 8 10 1 1 12 10 10 10 1 1 1 1 1 1 1 1 1
staticfield java/net/URLConnection defaultCaching Ljava/util/concurrent/ConcurrentHashMap; java/util/concurrent/ConcurrentHashMap
staticfield java/net/URLConnection handlers Ljava/util/Hashtable; java/util/Hashtable
staticfield java/net/URLConnection $assertionsDisabled Z 1
instanceKlass sun/net/www/protocol/jar/JarURLConnection
ciInstanceKlass java/net/JarURLConnection 1 1 129 1 7 1 7 1 1 1 1 1 1 1 1 1 100 12 10 1 12 10 1 7 1 1 12 10 1 8 1 7 1 1 12 10 1 100 1 12 10 1 8 1 1 12 10 1 12 10 1 12 10 1 1 12 10 10 12 9 1 8 1 12 10 1 1 12 10 1 8 1 12 10 12 9 1 1 12 10 1 7 1 1 12 10 1 1 1 1 1 1 100 1 1 12 10 1 100 12 10 1 1 1 12 10 1 100 1 1 12 10 12 10 1 100 1 10 1 100 12 10 1 1 12 10 1 100 1 1 1
ciInstanceKlass sun/net/www/protocol/jar/URLJarFile 1 1 273 1 7 1 7 1 7 1 7 1 100 1 1 100 1 100 1 1 1 1 1 1 1 1 1 1 1 1 1 1 1 1 1 1 100 1 12 10 1 1 12 10 1 8 1 7 1 1 12 10 1 7 1 1 12 10 1 1 12 10 1 12 10 1 1 12 10 1 12 10 1 1 12 10 1 12 10 12 9 1 1 12 10 1 7 1 12 10 1 7 1 1 12 10 1 12 10 1 12 10 1 8 1 1 12 10 1 12 10 1 1 12 10 1 8 1 8 1 1 12 10 1 7 1 12 10 1 100 1 100 1 100 1 12 10 1 100 1 1 12 10 1 1 12 10 1 8 1 12 10 1 12 10 10 1 1 1 12 10 1 100 10 1 1 12 10 12 9 1 100 1 1 12 10 1 100 1 1 12 10 12 9 1 1 12 10 1 1 12 11 1 100 1 1 12 11 1 100 1 12 11 1 12 11 1 1 12 11 1 1 12 11 1 1 12 11 12 10 12 9 12 10 1 100 1 100 12 9 1 100 12 11 1 1 12 10 1 100 1 1 12 10 1 12 10 1 100 1 1 12 10 1 100 10 1 1 12 10 1 1 12 10 1 1 1 12 9 1 1 1 1 1 1
ciInstanceKlass java/net/SocketPermission 1 1 533 1 7 1 7 1 100 1 100 1 100 1 1 100 1 100 1 1 1 5 0 1 1 3 1 3 1 3 1 3 1 3 1 3 1 1 3 1 3 1 3 1 1 1 1 1 1 1 1 1 1 1 1 1 1 1 1 1 1 1 1 1 1 1 1 12 9 1 8 1 100 1 1 12 10 12 9 1 1 1 1 12 10 1 12 10 12 9 1 1 12 10 1 1 12 10 1 1 12 10 1 1 1 7 1 1 12 10 1 8 1 1 12 10 1 1 12 10 1 12 10 1 100 1 8 12 10 1 1 12 10 1 100 12 10 1 8 1 1 12 10 1 1 12 10 1 8 1 12 10 1 12 10 1 8 12 10 1 100 1 8 10 1 1 1 100 1 8 1 1 12 10 1 7 1 12 10 1 8 1 12 9 1 100 1 8 12 9 1 8 1 12 10 12 10 1 8 12 9 1 8 1 1 12 10 12 9 1 8 12 9 1 8 1 12 10 1 7 1 1 12 10 1 1 12 10 1 12 10 1 100 1 100 1 1 12 10 12 9 12 9 12 9 1 100 1 8 10 1 8 1 8 1 8 1 8 1 8 1 8 1 1 12 10 1 100 1 8 1 12 9 12 9 12 9 1 100 1 12 10 1 12 10 1 1 12 10 1 1 12 10 1 1 12 10 12 10 1 8 1 12 10 1 8 1 12 10 1 8 1 8 1 12 10 1 12 10 1 1 12 10 1 12 10 1 1 12 10 1 1 8 1 8 1 1 12 10 1 100 1 12 10 12 10 1 12 10 12 9 1 100 1 1 12 11 1 16 1 12 11 15 1 16 1 100 1 1 12 10 15 1 1 12 18 1 100 1 1 12 10 1 12 10 12 9 1 12 10 1 12 10 1 8 1 12 10 1 8 1 8 1 12 10 1 1 12 10 10 1 8 1 8 1 8 1 12 10 1 12 10 1 8 1 100 10 1 1 1 1 12 10 12 10 1 1 12 10 1 12 10 1 12 10 12 10 1 12 10 1 1 12 10 1 12 10 1 1 100 1 8 1 12 10 1 1 12 10 10 12 9 12 10 1 1 1 7 10 1 1 1 100 12 10 1 100 1 12 10 1 1 1 100 1 100 1 12 10 1 1 10 1 7 1 1 12 10 1 12 10 1 12 9 1 12 9 1 1 7 1 8 10 1 7 1 12 10 1 1 1 1 1 1 1
ciInstanceKlass sun/security/util/SecurityConstants 1 1 205 1 7 1 100 1 1 1 8 1 1 8 1 1 8 1 1 8 1 1 8 1 1 8 1 1 8 1 1 8 1 1 8 1 1 8 1 1 8 1 1 1 1 1 1 1 1 1 1 1 1 1 1 1 1 1 1 1 1 1 1 1 1 1 1 1 1 1 1 1 1 1 1 1 12 10 1 1 7 10 12 9 1 7 1 8 1 12 10 12 9 1 8 12 9 1 8 12 9 1 8 12 9 1 8 12 9 1 8 12 9 1 8 12 9 1 8 12 9 1 7 1 8 10 12 9 1 8 12 9 1 8 12 9 1 8 12 9 1 8 12 9 1 8 12 9 1 8 12 9 1 8 12 9 1 8 12 9 1 7 1 8 10 12 9 1 8 12 9 1 8 12 9 1 7 1 8 1 12 10 12 9 1 8 1 7 1 1 12 10 12 9 1 7 1 8 10 12 9 1 8 12 9 1 1
staticfield sun/security/util/SecurityConstants ALL_PERMISSION Ljava/security/AllPermission; java/security/AllPermission
staticfield sun/security/util/SecurityConstants SPECIFY_HANDLER_PERMISSION Ljava/net/NetPermission; java/net/NetPermission
staticfield sun/security/util/SecurityConstants SET_PROXYSELECTOR_PERMISSION Ljava/net/NetPermission; java/net/NetPermission
staticfield sun/security/util/SecurityConstants GET_PROXYSELECTOR_PERMISSION Ljava/net/NetPermission; java/net/NetPermission
staticfield sun/security/util/SecurityConstants SET_COOKIEHANDLER_PERMISSION Ljava/net/NetPermission; java/net/NetPermission
staticfield sun/security/util/SecurityConstants GET_COOKIEHANDLER_PERMISSION Ljava/net/NetPermission; java/net/NetPermission
staticfield sun/security/util/SecurityConstants SET_RESPONSECACHE_PERMISSION Ljava/net/NetPermission; java/net/NetPermission
staticfield sun/security/util/SecurityConstants GET_RESPONSECACHE_PERMISSION Ljava/net/NetPermission; java/net/NetPermission
staticfield sun/security/util/SecurityConstants SET_SOCKETIMPL_PERMISSION Ljava/net/NetPermission; java/net/NetPermission
staticfield sun/security/util/SecurityConstants CREATE_CLASSLOADER_PERMISSION Ljava/lang/RuntimePermission; java/lang/RuntimePermission
staticfield sun/security/util/SecurityConstants CHECK_MEMBER_ACCESS_PERMISSION Ljava/lang/RuntimePermission; java/lang/RuntimePermission
staticfield sun/security/util/SecurityConstants MODIFY_THREAD_PERMISSION Ljava/lang/RuntimePermission; java/lang/RuntimePermission
staticfield sun/security/util/SecurityConstants MODIFY_THREADGROUP_PERMISSION Ljava/lang/RuntimePermission; java/lang/RuntimePermission
staticfield sun/security/util/SecurityConstants GET_PD_PERMISSION Ljava/lang/RuntimePermission; java/lang/RuntimePermission
staticfield sun/security/util/SecurityConstants GET_CLASSLOADER_PERMISSION Ljava/lang/RuntimePermission; java/lang/RuntimePermission
staticfield sun/security/util/SecurityConstants STOP_THREAD_PERMISSION Ljava/lang/RuntimePermission; java/lang/RuntimePermission
staticfield sun/security/util/SecurityConstants GET_STACK_TRACE_PERMISSION Ljava/lang/RuntimePermission; java/lang/RuntimePermission
staticfield sun/security/util/SecurityConstants SUBCLASS_IMPLEMENTATION_PERMISSION Ljava/lang/RuntimePermission; java/lang/RuntimePermission
staticfield sun/security/util/SecurityConstants CREATE_ACC_PERMISSION Ljava/security/SecurityPermission; java/security/SecurityPermission
staticfield sun/security/util/SecurityConstants GET_COMBINER_PERMISSION Ljava/security/SecurityPermission; java/security/SecurityPermission
staticfield sun/security/util/SecurityConstants GET_POLICY_PERMISSION Ljava/security/SecurityPermission; java/security/SecurityPermission
staticfield sun/security/util/SecurityConstants LOCAL_LISTEN_PERMISSION Ljava/net/SocketPermission; java/net/SocketPermission
staticfield sun/security/util/SecurityConstants PROVIDER_VER Ljava/lang/String; "17"staticfield sun/security/util/SecurityConstants ACCESS_PERMISSION Ljava/lang/reflect/ReflectPermission; java/lang/reflect/ReflectPermission
staticfield sun/security/util/SecurityConstants REFLECTION_FACTORY_ACCESS_PERMISSION Ljava/lang/RuntimePermission; java/lang/RuntimePermission
ciInstanceKlass java/security/SecurityPermission 1 1 18 1 100 1 7 1 1 5 0 1 1 12 10 1 12 10 1 1
ciInstanceKlass java/security/AccessControlException 1 1 29 1 7 1 7 1 1 1 1 3 1 1 5 0 1 1 1 1 12 10 1 12 9 1 1 1 1 1 1
ciInstanceKlass java/net/MalformedURLException 0 0 18 1 100 1 100 1 1 5 0 1 1 12 10 1 12 10 1 1
instanceKlass com/sun/org/apache/xerces/internal/impl/XMLEntityScanner$1
ciInstanceKlass java/io/EOFException 1 1 18 1 100 1 7 1 1 5 0 1 1 12 10 1 12 10 1 1
ciInstanceKlass java/lang/AssertionError 0 0 62 1 100 1 100 1 1 5 0 1 1 12 10 1 12 10 1 1 100 1 1 12 10 10 1 100 1 1 12 10 1 100 1 1 12 10 1 1 12 10 1 1 12 10 1 1 12 10 1 1 12 10 1 1 12 10 1 12 10 1 1 1
ciInstanceKlass java/security/PrivilegedActionException 1 1 117 1 7 1 7 1 100 1 100 1 1 100 1 100 1 1 1 5 0 1 1 1 1 1 12 10 1 1 1 1 12 10 1 1 1 100 1 1 12 10 1 100 1 12 10 1 100 1 12 10 1 1 12 10 1 8 1 100 12 10 10 1 100 1 1 1 100 1 100 1 1 12 10 1 8 1 1 12 10 1 100 1 1 12 10 1 100 1 1 12 11 1 1 1 1 12 10 1 1 12 10 1 12 10 1 1 7 1 12 10 12 9 1 1 1 1 1
staticfield java/security/PrivilegedActionException serialPersistentFields [Ljava/io/ObjectStreamField; 1 [Ljava/io/ObjectStreamField;
ciInstanceKlass sun/security/x509/X509CertImpl 1 1 1103 1 7 1 7 1 100 1 100 1 100 1 1 1 5 0 1 1 3 1 1 1 8 1 1 8 1 1 8 1 1 8 1 1 8 1 1 8 1 1 8 1 1 8 1 1 8 1 1 8 1 1 8 1 1 8 1 1 1 1 1 1 1 1 1 3 1 1 1 1 1 1 1 1 1 1 1 1 1 1 1 1 1 1 1 12 10 12 9 12 9 12 9 12 9 12 9 1 7 1 12 10 12 9 1 1 100 1 100 1 7 12 10 1 1 12 10 100 1 100 10 1 8 1 1 12 10 1 12 10 1 1 12 10 1 12 10 1 1 100 12 10 3 1 12 10 1 1 12 10 1 100 1 12 10 10 1 8 1 12 10 1 8 1 100 1 100 1 100 1 1 12 9 1 12 10 1 12 10 1 12 10 1 100 1 8 1 12 10 1 8 1 1 12 10 1 100 10 1 8 1 1 12 10 1 100 1 1 12 10 1 12 10 1 8 1 1 1 10 1 7 1 1 12 10 1 1 1 100 1 8 10 1 1 12 10 1 100 10 10 1 1 1 12 10 1 1 1 100 1 100 1 100 1 100 1 8 1 12 10 1 100 1 100 12 9 1 100 10 12 9 12 9 1 8 10 1 8 1 7 1 12 10 1 1 12 10 1 100 1 1 12 10 1 12 10 1 12 10 1 100 1 1 12 10 1 1 12 10 10 1 1 12 10 1 12 10 1 7 1 12 10 1 1 12 10 1 12 10 1 1 12 10 1 1 1 12 10 1 8 1 1 12 10 1 1 12 10 1 100 10 1 8 1 100 1 12 10 1 1 12 10 12 10 10 1 12 10 12 10 1 12 10 1 12 10 1 1 100 1 100 1 100 10 1 12 10 1 100 1 8 1 1 12 10 1 100 1 8 10 1 8 1 12 10 1 100 1 100 10 1 12 10 1 1 12 10 1 8 1 8 10 1 12 10 10 1 8 10 1 8 1 8 1 8 1 12 10 1 8 1 1 1 1 100 10 1 8 1 1 12 10 1 8 1 12 10 1 100 10 1 8 1 12 10 1 8 1 8 1 1 12 10 1 8 1 1 1 8 1 100 1 1 1 8 1 100 1 12 10 1 1 1 1 12 10 1 100 1 12 10 1 100 1 8 1 1 1 8 1 100 1 1 1 8 1 7 1 1 8 1 1 8 1 1 1 8 1 1 8 1 1 1 1 1 1 12 10 1 100 10 1 12 10 1 1 1 8 1 100 1 12 10 1 1 8 1 1 1 1 12 10 1 8 1 100 10 1 100 1 1 1 12 10 1 100 1 12 10 1 100 1 1 12 9 1 1 12 10 1 1 1 12 9 1 100 1 1 1 12 9 1 100 1 1 1 12 9 1 100 1 1 1 12 9 1 100 1 1 1 12 9 1 100 1 1 1 12 9 1 100 1 1 1 12 9 1 100 1 1 1 12 9 1 100 1 1 1 12 9 1 100 1 12 9 1 1 1 12 9 1 100 1 1 8 1 100 12 10 1 1 1 1 100 10 1 1 12 10 1 100 1 1 12 11 1 100 1 100 1 12 11 1 12 11 1 100 1 12 10 1 12 10 1 12 11 1 1 1 12 10 1 100 1 12 11 1 1 12 11 1 12 10 10 1 1 12 11 1 1 1 12 10 1 100 1 12 10 10 12 10 1 12 10 1 1 12 9 1 100 1 12 10 1 100 1 1 12 10 1 100 1 1 1 12 9 12 10 12 10 1 100 1 1 12 10 1 1 1 100 1 1 12 9 1 12 10 12 10 1 12 10 1 100 1 1 12 9 1 12 10 10 1 1 8 10 1 12 10 1 8 1 1 1 1 100 10 1 12 10 1 100 10 1 12 10 1 100 11 1 100 1 12 10 10 1 100 1 12 11 1 1 12 10 11 1 100 10 1 100 10 1 100 1 12 10 1 100 10 1 100 10 1 100 1 8 10 1 100 10 11 1 8 1 1 12 10 1 1 1 12 11 1 12 10 1 12 11 1 1 12 9 12 10 12 10 1 8 1 12 10 12 10 1 1 1 12 9 10 1 12 9 12 10 1 8 10 1 12 9 10 1 1 1 12 9 1 100 1 1 12 9 1 1 12 9 1 8 10 1 7 1 1 12 10 1 12 10 1 8 1 12 10 1 100 1 8 1 12 10 1 12 10 1 8 1 8 12 10 1 8 1 12 10 1 8 1 1 12 10 10 1 1 12 10 1 1 12 10 10 1 12 10 1 8 1 8 1 1 100 10 1 1 1 100 1 12 10 1 1 12 10 12 10 10 1 1 12 10 12 10 12 10 10 1 1 16 1 1 12 10 15 1 16 1 100 1 1 12 10 15 1 1 12 18 1 1 12 10 1 1 1 100 1 12 10 1 1 12 10 1 100 1 12 10 1 12 10 1 12 10 1 8 1 8 1 100 1 12 10 1 12 10 12 10 1 8 1 1 1 100 1 100 1 8 10 1 1 1 1 1 1 1
ciInstanceKlass java/net/URLClassLoader$1 1 1 86 1 7 1 1 7 1 100 1 7 1 1 12 1 1 1 1 1 1 12 9 12 9 1 12 10 1 1 1 1 100 1 100 1 100 1 7 1 1 12 10 1 8 1 1 12 10 1 1 12 9 1 7 1 1 12 10 1 1 12 10 1 100 1 12 10 1 1 12 10 1 1 12 10 1 1 100 12 10 1 1 1 1 1 1 1
ciInstanceKlass java/lang/StringIndexOutOfBoundsException 0 0 35 1 100 1 100 1 1 5 0 1 1 12 10 1 12 10 1 1 100 10 1 8 1 1 12 10 1 12 10 1 1 12 10 1 1
ciInstanceKlass sun/security/ssl/SSLContextImpl$DefaultManagersHolder$1 1 1 71 1 7 1 1 7 1 100 1 100 1 100 1 1 12 1 1 1 1 1 1 12 9 12 10 1 1 1 100 1 8 1 8 1 8 1 7 1 1 12 10 1 7 1 1 12 11 1 8 1 8 1 7 1 1 12 10 1 8 1 8 1 8 1 8 1 1 1 1 1 1
ciMethodData java/lang/Object <init> ()V 2 1702302 orig 80 1 0 0 0 0 0 0 0 0 0 0 0 0 0 0 0 0 0 0 0 0 0 0 0 0 0 0 0 0 0 0 0 0 0 0 0 0 0 0 0 0 0 0 0 0 0 0 0 0 0 0 0 0 0 0 0 0 0 0 0 0 0 0 0 0 0 0 0 0 0 0 0 0 0 0 0 0 0 0 0 data 4 0x0 0x9 0x1 0x0 oops 0 methods 0
ciMethodData java/lang/String charAt (I)C 2 935318 orig 80 0 0 0 0 0 0 0 0 0 0 0 0 250 127 0 0 0 0 0 0 0 0 0 0 0 0 0 0 0 0 0 0 0 0 0 0 0 0 0 0 0 0 0 0 0 0 0 0 0 0 0 0 0 0 0 0 0 0 0 0 0 0 0 0 0 0 0 0 0 0 0 0 0 0 0 0 0 0 0 0 data 25 0x10005 0xe4477 0x0 0x0 0x0 0x0 0x0 0x40007 0x14cb 0x30 0xe2fac 0xc0002 0xe2fac 0x150002 0x14cb 0x0 0x0 0x0 0x0 0x0 0x0 0x9 0x2 0x0 0x0 oops 0 methods 0
ciMethodData java/lang/String isLatin1 ()Z 2 1333270 orig 80 0 0 0 0 0 0 0 0 0 0 0 0 0 0 0 0 0 0 0 0 0 0 0 0 0 0 0 0 0 0 0 0 0 0 0 0 0 0 0 0 0 0 0 0 0 0 0 0 0 0 0 0 0 0 0 0 0 0 0 0 0 0 0 0 0 0 0 0 0 0 0 0 0 0 0 0 0 0 0 0 data 18 0x30007 0x0 0x58 0x145676 0xa0007 0x1748 0x38 0x143f2f 0xe0003 0x143f2f 0x18 0x0 0x0 0x0 0x0 0x9 0x1 0x0 oops 0 methods 0
ciMethodData java/lang/StringLatin1 charAt ([BI)C 2 906298 orig 80 0 0 0 0 0 0 0 0 0 0 0 0 0 0 0 0 0 0 0 0 0 0 0 0 0 0 0 0 0 0 0 0 0 0 0 0 0 0 0 0 0 0 0 0 0 0 0 0 0 0 0 0 0 0 0 0 0 0 0 0 0 0 0 0 0 0 0 0 0 0 0 0 0 0 0 0 0 0 0 0 data 18 0x10007 0x0 0x40 0xdd31b 0x70007 0xdd31b 0x30 0x0 0xf0002 0x0 0x0 0x0 0x0 0x0 0x9 0x2 0x0 0x0 oops 0 methods 0
ciMethodData java/lang/StringUTF16 charAt ([BI)C 2 107085 orig 80 0 0 0 0 0 0 0 0 0 0 0 0 0 0 0 0 0 0 0 0 0 0 0 0 0 0 0 0 0 0 0 0 0 0 0 0 0 0 0 0 0 0 0 0 0 0 0 0 0 0 0 0 0 0 0 0 0 0 0 0 0 0 0 0 0 0 0 0 0 0 0 0 0 0 0 0 0 0 0 0 data 14 0x20002 0x11631 0x70002 0x2d0 0x0 0x0 0x0 0x0 0x0 0x0 0x9 0x2 0x0 0x0 oops 0 methods 0
ciMethodData java/lang/StringUTF16 checkIndex (I[B)V 2 222970 orig 80 0 0 0 0 0 0 0 0 0 0 0 0 0 0 0 0 0 0 0 0 0 0 0 0 0 0 0 0 0 0 0 0 0 0 0 0 0 0 0 0 0 0 0 0 0 0 0 0 0 0 0 0 0 0 0 0 0 0 0 0 0 0 0 0 0 0 0 0 0 0 0 0 0 0 0 0 0 0 0 0 data 14 0x20002 0x366fa 0x50002 0x366fa 0x0 0x0 0x0 0x0 0x0 0x0 0x9 0x2 0x0 0x0 oops 0 methods 0
ciMethodData java/lang/StringUTF16 length ([B)I 2 225636 orig 80 0 0 0 0 0 0 0 0 0 0 0 0 0 0 0 0 0 0 0 0 0 0 0 0 0 0 0 0 0 0 0 0 0 0 0 0 0 0 0 0 0 0 0 0 0 0 0 0 0 0 0 0 0 0 0 0 0 0 0 0 0 0 0 0 0 0 0 0 0 0 0 0 0 0 0 0 0 0 0 0 data 6 0x0 0x0 0x0 0x9 0x1 0x0 oops 0 methods 0
ciMethodData java/lang/String checkIndex (II)V 2 6231 orig 80 0 0 0 0 0 0 0 0 0 0 0 0 0 0 0 0 0 0 0 0 0 0 0 0 0 0 0 0 0 0 0 0 0 0 0 0 0 0 0 0 0 0 0 0 0 0 0 0 0 0 0 0 0 0 0 0 0 0 0 0 0 0 0 0 0 0 0 0 0 0 0 0 0 0 0 0 0 0 0 0 data 57 0x10007 0x0 0x40 0x1857 0x60007 0x1857 0x158 0x0 0x110002 0x0 0x170005 0x0 0x0 0x0 0x0 0x0 0x0 0x1b0005 0x0 0x0 0x0 0x0 0x0 0x0 0x210005 0x0 0x0 0x0 0x0 0x0 0x0 0x250005 0x0 0x0 0x0 0x0 0x0 0x0 0x280005 0x0 0x0 0x0 0x0 0x0 0x0 0x2b0002 0x0 0x0 0x0 0x0 0x0 0x0 0x0 0x9 0x2 0x0 0x0 oops 0 methods 0
ciMethodData java/lang/StringLatin1 hashCode ([B)I 2 29988 orig 80 0 0 0 0 0 0 0 0 0 0 0 0 0 0 0 0 0 0 0 0 0 0 0 0 0 0 0 0 0 0 0 0 0 0 0 0 0 0 0 0 0 0 0 0 0 0 0 0 0 0 0 0 0 0 0 0 0 0 0 0 0 0 0 0 0 0 0 0 0 0 0 0 0 0 0 0 0 0 0 0 data 14 0xd0007 0x3c4 0x38 0x6524 0x250003 0x6524 0xffffffffffffffe0 0x0 0x0 0x0 0x0 0x9 0x1 0x0 oops 0 methods 0
ciMethodData java/lang/String hashCode ()I 2 11896 orig 80 1 0 0 0 0 0 0 0 0 0 0 0 0 0 0 0 0 0 0 0 0 0 0 0 0 0 0 0 0 0 0 0 0 0 0 0 0 0 0 1 0 0 0 0 0 0 0 0 0 0 0 0 0 0 0 0 0 0 0 0 0 0 0 0 0 0 0 0 0 0 0 0 0 0 0 0 0 0 0 0 data 42 0x60007 0x18ef 0x108 0x138a 0xd0007 0x42 0xe8 0x1348 0x110005 0x1348 0x0 0x0 0x0 0x0 0x0 0x8000000600140007 0x9a 0x48 0x12af 0x1b0002 0x12af 0x1e0003 0x12af 0x28 0x250002 0x9a 0x2a0007 0x1347 0x38 0x2 0x320003 0x2 0x18 0x0 0x0 0x0 0x0 0x0 0x0 0x9 0x1 0xe oops 0 methods 0
ciMethodData java/lang/StringUTF16 hashCode ([B)I 1 1817 orig 80 0 0 0 0 0 0 0 0 0 0 0 0 0 0 0 0 0 0 0 0 0 0 0 0 0 0 0 0 0 0 0 0 0 0 0 0 0 0 0 0 0 0 0 0 0 0 0 0 0 0 0 0 0 0 0 0 0 0 0 0 0 0 0 0 0 0 0 0 0 0 0 0 0 0 0 0 0 0 0 0 data 18 0xb0007 0xb6 0x48 0x719 0x140002 0x719 0x1c0003 0x719 0xffffffffffffffd0 0x0 0x0 0x0 0x0 0x0 0x0 0x9 0x1 0x0 oops 0 methods 0
ciMethodData java/lang/String equals (Ljava/lang/Object;)Z 2 48063 orig 80 2 0 0 0 0 0 0 0 0 0 0 0 250 127 0 0 0 0 0 0 4 0 0 0 0 0 0 0 0 0 0 0 0 0 0 0 0 0 0 1 0 0 0 0 0 0 0 0 0 0 0 0 0 0 0 0 0 0 0 0 0 0 0 0 0 0 0 0 0 0 0 0 0 0 0 0 0 0 0 0 data 49 0x20007 0xa0f8 0x20 0x1922 0x8000000400080104 0xfffffffffffffff3 0x0 0x29665941d80 0x9e59 0x29665941e10 0xd 0xb0007 0x2a3 0xe0 0x9e59 0xf0004 0x0 0x0 0x29665941d80 0x9e59 0x0 0x0 0x160007 0x0 0x40 0x9e59 0x8000000600210007 0x36 0x68 0x9e24 0x2c0002 0x9e24 0x2f0007 0x82c3 0x38 0x1b61 0x330003 0x1b61 0x18 0x0 0x0 0x0 0x0 0x0 0x0 0x9 0x2 0x0 0x0 oops 3 7 java/lang/String 9 java/lang/Class 18 java/lang/String methods 0
ciMethodData java/lang/String coder ()B 2 2103888 orig 80 0 0 0 0 0 0 0 0 0 0 0 0 250 127 0 0 0 0 0 0 0 0 0 0 0 0 0 0 0 0 0 0 0 0 0 0 0 0 0 0 0 0 0 0 0 0 0 0 0 0 0 0 0 0 0 0 0 0 0 0 0 0 0 0 0 0 0 0 0 0 0 0 0 0 0 0 0 0 0 0 data 14 0x30007 0x0 0x38 0x201936 0xa0003 0x201936 0x18 0x0 0x0 0x0 0x0 0x9 0x1 0x0 oops 0 methods 0
ciMethodData java/lang/String length ()I 2 1585191 orig 80 0 0 0 0 0 0 0 0 0 0 0 0 250 127 0 0 0 0 0 0 0 0 0 0 0 0 0 0 0 0 0 0 0 0 0 0 0 0 0 0 0 0 0 0 0 0 0 0 0 0 0 0 0 0 0 0 0 0 0 0 0 0 0 0 0 0 0 0 0 0 0 0 0 0 0 0 0 0 0 0 data 16 0x60005 0x182f19 0x0 0x0 0x0 0x0 0x0 0x0 0x0 0x0 0x0 0x0 0x0 0x9 0x1 0xffffffffffffffff oops 0 methods 0
ciMethodData java/util/HashMap hash (Ljava/lang/Object;)I 2 72155 orig 80 0 0 0 0 0 0 0 0 0 0 0 0 0 0 0 0 0 0 0 0 0 0 0 0 0 0 0 0 0 0 0 0 0 0 0 0 0 0 0 0 0 0 0 0 0 0 0 0 0 0 0 0 0 0 0 0 0 0 0 0 0 0 0 0 0 0 0 0 0 0 0 0 0 0 0 0 0 0 0 0 data 23 0x10007 0x117d2 0x38 0xa 0x50003 0xa 0x50 0x90005 0x5598 0x0 0x29665941d80 0xc155 0x296659433b0 0xe5 0x0 0x0 0x0 0x0 0x0 0x0 0x9 0x1 0xffffffffffffffff oops 2 10 java/lang/String 12 java/lang/Module methods 0
ciMethodData java/util/HashMap putVal (ILjava/lang/Object;Ljava/lang/Object;ZZ)Ljava/lang/Object; 2 17396 orig 80 1 0 0 0 1 0 0 0 0 0 0 0 0 0 0 0 0 0 0 0 5 0 0 3 0 0 0 0 0 0 0 0 0 0 0 0 0 0 0 2 0 0 0 0 0 0 0 0 0 0 0 0 0 0 0 0 0 0 0 0 0 0 0 0 0 0 0 0 0 0 0 0 0 0 0 0 0 0 0 0 data 198 0x70007 0x766 0x40 0x3a8f 0x100007 0x3a8f 0x58 0x0 0x140005 0x766 0x0 0x0 0x0 0x0 0x0 0x2c0007 0x115c 0xa8 0x3099 0x380005 0x78 0x0 0x2966b041f70 0x28d9 0x2966d73eab0 0x748 0x3b0004 0x0 0x0 0x2966bae7020 0x28fc 0x2966d73eb60 0x79d 0x3c0003 0x3099 0x410 0x450007 0xf7b 0xd0 0x1e1 0x510007 0x13e 0x98 0xa3 0x550007 0x0 0x90 0xa3 0xffffffff005b0005 0x3 0x0 0x29665941d80 0x35 0x2966d73ec10 0x73 0x5e0007 0x3 0x38 0xa8 0x650003 0x1e6 0x2a8 0x6a0004 0xfffffffffffff082 0x0 0x2966bae7020 0x5b 0x0 0x0 0x6d0007 0xf7e 0xa8 0x0 0x720004 0x0 0x0 0x0 0x0 0x0 0x0 0x7b0005 0x0 0x0 0x0 0x0 0x0 0x0 0x800003 0x0 0x1c8 0x8e0007 0x37a 0xc8 0xf51 0x980005 0x28 0x0 0x2966b041f70 0xd39 0x2966d73eab0 0x1f0 0x8000000600a20007 0xf51 0x158 0x1 0xa90005 0x1 0x0 0x0 0x0 0x0 0x0 0xac0003 0x1 0x100 0xb50007 0x34d 0xd0 0x2d 0xc10007 0x21 0xc8 0xc 0xc50007 0x0 0x90 0xc 0xcb0005 0x0 0x0 0x29665941d80 0xc 0x0 0x0 0xce0007 0x0 0x38 0xc 0xd10003 0xc 0x30 0xdb0003 0x34d 0xfffffffffffffe68 0xe00007 0xf52 0x98 0x213 0x8000000600ec0007 0x209 0x40 0xb 0xf10007 0xb 0x20 0x0 0xfd0005 0x0 0x0 0x2966b041f70 0xd7 0x2966d73eab0 0x13d 0x11c0007 0x3ead 0x58 0x13e 0x1200005 0x13e 0x0 0x0 0x0 0x0 0x0 0x1270005 0xa0 0x0 0x2966b041f70 0x3613 0x2966d73eab0 0x938 0x0 0x0 0x0 0x0 0x0 0x0 0x0 0x0 0x0 0x9 0x6 0x0 0x0 0x0 0x0 0x0 0x0 oops 14 22 java/util/HashMap 24 java/util/LinkedHashMap 29 java/util/HashMap$Node 31 java/util/LinkedHashMap$Entry 51 java/lang/String 53 sun/security/x509/X509CertImpl 65 java/util/HashMap$Node 97 java/util/HashMap 99 java/util/LinkedHashMap 130 java/lang/String 159 java/util/HashMap 161 java/util/LinkedHashMap 177 java/util/HashMap 179 java/util/LinkedHashMap methods 0
ciMethodData java/util/HashMap put (Ljava/lang/Object;Ljava/lang/Object;)Ljava/lang/Object; 2 19186 orig 80 2 0 0 0 0 0 0 0 0 0 0 0 0 0 0 0 0 0 0 0 0 0 0 0 0 0 0 0 0 0 0 0 0 0 0 0 0 0 0 0 0 0 0 0 0 0 0 0 0 0 0 0 0 0 0 0 0 0 0 0 0 0 0 0 0 0 0 0 0 0 0 0 0 0 0 0 0 0 0 0 data 20 0x20002 0x48f3 0x90005 0x48f3 0x0 0x0 0x0 0x0 0x0 0x0 0x0 0x0 0x0 0x0 0x0 0x9 0x3 0x0 0x0 0x0 oops 0 methods 0
ciMethodData java/util/zip/ZipUtils SH ([BI)I 2 549555 orig 80 0 0 0 0 0 0 0 0 0 0 0 0 250 127 0 0 0 0 0 0 0 0 0 0 0 0 0 0 0 0 0 0 0 0 0 0 0 0 0 0 0 0 0 0 0 0 0 0 0 0 0 0 0 0 0 0 0 0 0 0 0 0 0 0 0 0 0 0 0 0 0 0 0 0 0 0 0 0 0 0 data 8 0x0 0x0 0x0 0x0 0x9 0x2 0x0 0x0 oops 0 methods 0
ciMethodData java/lang/System$2 newStringUTF8NoRepl ([BII)Ljava/lang/String; 2 5274 orig 80 0 0 0 0 0 0 0 0 0 0 0 0 0 0 0 0 0 0 0 0 0 0 0 0 0 0 0 0 0 0 0 0 0 0 0 0 0 0 0 0 0 0 0 0 0 0 0 0 0 0 0 0 0 0 0 0 0 0 0 0 0 0 0 0 0 0 0 0 0 0 0 0 0 0 0 0 0 0 0 0 data 14 0x30002 0x149a 0x0 0x0 0x0 0x0 0x0 0x0 0x9 0x4 0x0 0xffffffffffffffff 0x0 0x0 oops 0 methods 0
ciMethodData java/lang/String newStringUTF8NoRepl ([BII)Ljava/lang/String; 2 5275 orig 80 0 0 0 0 0 0 0 0 0 0 0 0 0 0 0 0 0 0 0 0 0 0 0 0 0 0 0 0 0 0 0 0 0 0 0 0 0 0 0 0 0 0 0 0 0 0 0 0 0 0 0 0 0 0 0 0 0 0 0 0 0 0 0 0 0 0 0 0 0 0 0 0 0 0 0 0 0 0 0 0 data 104 0x40002 0x149b 0x80007 0x149b 0x20 0x0 0x110007 0x0 0x70 0x149b 0x170002 0x149b 0x1a0007 0x0 0x40 0x149b 0x260002 0x149b 0x2a0002 0x149b 0x3b0007 0x0 0x188 0x0 0x450007 0x0 0x108 0x0 0x4f0007 0x0 0x38 0x0 0x600003 0x0 0xffffffffffffffc0 0x6c0007 0x0 0xb0 0x0 0x730007 0x0 0x90 0x0 0x7f0002 0x0 0x820007 0x0 0x48 0x0 0x900002 0x0 0x980003 0x0 0xffffffffffffff28 0x9b0003 0x0 0x18 0xa00007 0x0 0x60 0x0 0xa80007 0x0 0x30 0x0 0xaf0002 0x0 0xbb0002 0x0 0xc10007 0x0 0x40 0x0 0xc60007 0x0 0x38 0x0 0xd00003 0x0 0x28 0xe20002 0x0 0xf10002 0x0 0xf90007 0x0 0x30 0x0 0x1020002 0x0 0x10e0002 0x0 0x0 0x0 0x0 0x0 0x0 0x0 0x0 0x9 0x3 0x0 0x0 0x0 oops 0 methods 0
ciMethodData java/util/zip/ZipCoder hash (Ljava/lang/String;)I 2 5506 orig 80 0 0 0 0 0 0 0 0 0 0 0 0 0 0 0 0 0 0 0 0 0 0 0 0 0 0 0 0 0 0 0 0 0 0 0 0 0 0 0 0 0 0 0 0 0 0 0 0 0 0 0 0 0 0 0 0 0 0 0 0 0 0 0 0 0 0 0 0 0 0 0 0 0 0 0 0 0 0 0 0 data 38 0x10005 0x1582 0x0 0x0 0x0 0x0 0x0 0x60005 0x1582 0x0 0x0 0x0 0x0 0x0 0xb0007 0x0 0x78 0x1582 0x120005 0x1582 0x0 0x0 0x0 0x0 0x0 0x170007 0x0 0x20 0x1582 0x0 0x0 0x0 0x0 0x0 0x0 0x9 0x1 0x0 oops 0 methods 0
ciMethodData java/util/zip/ZipUtils CENEXT ([BI)I 2 114834 orig 80 0 0 0 0 0 0 0 0 0 0 0 0 250 127 0 0 0 0 0 0 0 0 0 0 0 0 0 0 0 0 0 0 0 0 0 0 0 0 0 0 0 0 0 0 0 0 0 0 0 0 0 0 0 0 0 0 0 0 0 0 0 0 0 0 0 0 0 0 0 0 0 0 0 0 0 0 0 0 0 0 data 12 0x50002 0x1bed0 0x0 0x0 0x0 0x0 0x0 0x0 0x9 0x2 0x0 0x0 oops 0 methods 0
ciMethodData java/util/zip/ZipUtils LG ([BI)J 2 95010 orig 80 0 0 0 0 0 0 0 0 0 0 0 0 250 127 0 0 0 0 0 0 0 0 0 0 0 0 0 0 0 0 0 0 0 0 0 0 0 0 0 0 0 0 0 0 0 0 0 0 0 0 0 0 0 0 0 0 0 0 0 0 0 0 0 0 0 0 0 0 0 0 0 0 0 0 0 0 0 0 0 0 data 14 0x20002 0x1718e 0x90002 0x1718e 0x0 0x0 0x0 0x0 0x0 0x0 0x9 0x2 0x0 0x0 oops 0 methods 0
ciMethodData java/util/zip/ZipUtils CENHOW ([BI)I 2 60582 orig 80 0 0 0 0 0 0 0 0 0 0 0 0 0 0 0 0 0 0 0 0 0 0 0 0 0 0 0 0 0 0 0 0 0 0 0 0 0 0 0 0 0 0 0 0 0 0 0 0 0 0 0 0 0 0 0 0 0 0 0 0 0 0 0 0 0 0 0 0 0 0 0 0 0 0 0 0 0 0 0 0 data 12 0x50002 0xeaa7 0x0 0x0 0x0 0x0 0x0 0x0 0x9 0x2 0x0 0x0 oops 0 methods 0
ciMethodData java/util/zip/ZipUtils CENFLG ([BI)I 2 56709 orig 80 0 0 0 0 0 0 0 0 0 0 0 0 0 0 0 0 0 0 0 0 0 0 0 0 0 0 0 0 0 0 0 0 0 0 0 0 0 0 0 0 0 0 0 0 0 0 0 0 0 0 0 0 0 0 0 0 0 0 0 0 0 0 0 0 0 0 0 0 0 0 0 0 0 0 0 0 0 0 0 0 data 12 0x50002 0xdb86 0x0 0x0 0x0 0x0 0x0 0x0 0x9 0x2 0x0 0x0 oops 0 methods 0
ciMethodData java/util/zip/ZipUtils CENNAM ([BI)I 2 60642 orig 80 0 0 0 0 0 0 0 0 0 0 0 0 0 0 0 0 0 0 0 0 0 0 0 0 0 0 0 0 0 0 0 0 0 0 0 0 0 0 0 0 0 0 0 0 0 0 0 0 0 0 0 0 0 0 0 0 0 0 0 0 0 0 0 0 0 0 0 0 0 0 0 0 0 0 0 0 0 0 0 0 data 12 0x50002 0xeae3 0x0 0x0 0x0 0x0 0x0 0x0 0x9 0x2 0x0 0x0 oops 0 methods 0
ciMethodData java/util/zip/ZipFile$Source zipCoderForPos (I)Ljava/util/zip/ZipCoder; 2 16886 orig 80 0 0 0 0 0 0 0 0 0 0 0 0 0 0 0 0 0 0 0 0 0 0 0 0 0 0 0 0 0 0 0 0 0 0 0 0 0 0 0 0 0 0 0 0 0 0 0 0 0 0 0 0 0 0 0 0 0 0 0 0 0 0 0 0 0 0 0 0 0 0 0 0 0 0 0 0 0 0 0 0 data 27 0x40005 0x0 0x0 0x296666c5160 0x3ff7 0x0 0x0 0x70007 0x0 0x20 0x3ff7 0x140002 0x0 0x1b0007 0x0 0x20 0x0 0x0 0x0 0x0 0x0 0x0 0x0 0x9 0x2 0x0 0x0 oops 1 3 java/util/zip/ZipCoder$UTF8ZipCoder methods 0
ciMethodData java/util/zip/ZipUtils CENCOM ([BI)I 2 65012 orig 80 0 0 0 0 0 0 0 0 0 0 0 0 0 0 0 0 0 0 0 0 0 0 0 0 0 0 0 0 0 0 0 0 0 0 0 0 0 0 0 0 0 0 0 0 0 0 0 0 0 0 0 0 0 0 0 0 0 0 0 0 0 0 0 0 0 0 0 0 0 0 0 0 0 0 0 0 0 0 0 0 data 12 0x50002 0xfbf5 0x0 0x0 0x0 0x0 0x0 0x0 0x9 0x2 0x0 0x0 oops 0 methods 0
ciMethodData java/lang/String isEmpty ()Z 2 354487 orig 80 0 0 0 0 0 0 0 0 0 0 0 0 250 127 0 0 0 0 0 0 0 0 0 0 0 0 0 0 0 0 0 0 0 0 0 0 0 0 0 0 0 0 0 0 0 0 0 0 0 0 0 0 0 0 0 0 0 0 0 0 0 0 0 0 0 0 0 0 0 0 0 0 0 0 0 0 0 0 0 0 data 14 0x50007 0x5255e 0x38 0x4256 0x90003 0x4256 0x18 0x0 0x0 0x0 0x0 0x9 0x1 0x0 oops 0 methods 0
ciMethodData java/lang/String <init> ([BB)V 2 32796 orig 80 0 0 0 0 0 0 0 0 0 0 0 0 250 127 0 0 0 0 0 0 0 0 0 0 0 0 0 0 0 0 0 0 0 0 0 0 0 0 0 0 0 0 0 0 0 0 0 0 0 0 0 0 0 0 0 0 0 0 0 0 0 0 0 0 0 0 0 0 0 0 0 0 0 0 0 0 0 0 0 0 data 11 0x10002 0x7f1a 0x0 0x0 0x0 0x0 0x9 0x3 0xc 0x0 0x0 oops 0 methods 0
ciMethodData java/util/Arrays copyOfRange ([BII)[B 2 5427 orig 80 0 0 0 0 0 0 0 0 0 0 0 0 250 127 0 0 0 0 0 0 0 0 0 0 0 0 0 0 0 0 0 0 0 0 0 0 0 0 0 0 0 0 0 0 0 0 0 0 0 0 0 0 0 0 0 0 0 0 0 0 0 0 0 0 0 0 0 0 0 0 0 0 0 0 0 0 0 0 0 0 data 51 0x50007 0x142f 0x120 0x0 0x100002 0x0 0x140005 0x0 0x0 0x0 0x0 0x0 0x0 0x1a0005 0x0 0x0 0x0 0x0 0x0 0x0 0x1e0005 0x0 0x0 0x0 0x0 0x0 0x0 0x210005 0x0 0x0 0x0 0x0 0x0 0x0 0x240002 0x0 0x370002 0x142f 0x3a0002 0x142f 0x0 0x0 0x0 0x0 0x0 0x0 0x9 0x3 0xffffffffffffffff 0x0 0x0 oops 0 methods 0
ciMethodData java/lang/System getSecurityManager ()Ljava/lang/SecurityManager; 2 101504 orig 80 0 0 0 0 0 0 0 0 0 0 0 0 250 127 0 0 0 0 0 0 0 0 0 0 0 0 0 0 0 0 0 0 0 0 0 0 0 0 0 0 0 0 0 0 0 0 0 0 0 0 0 0 0 0 0 0 0 0 0 0 0 0 0 0 0 0 0 0 0 0 0 0 0 0 0 0 0 0 0 0 data 14 0x2 0x18b80 0x30007 0x0 0x20 0x18b80 0x0 0x0 0x0 0x0 0x0 0x0 0x9 0x0 oops 0 methods 0
ciMethodData java/lang/System allowSecurityManager ()Z 2 101504 orig 80 0 0 0 0 0 0 0 0 0 0 0 0 0 0 0 0 0 0 0 0 0 0 0 0 0 0 0 0 0 0 0 0 0 0 0 0 0 0 0 0 0 0 0 0 0 0 0 0 0 0 0 0 0 0 0 0 0 0 0 0 0 0 0 0 0 0 0 0 0 0 0 0 0 0 0 0 0 0 0 0 data 11 0x40007 0x0 0x38 0x18b7f 0x80003 0x18b7f 0x18 0x0 0x0 0x9 0x0 oops 0 methods 0
ciMethodData java/lang/ref/Reference reachabilityFence (Ljava/lang/Object;)V 2 117975 orig 80 0 0 0 0 0 0 0 0 0 0 0 0 250 127 0 0 0 0 0 0 0 0 0 0 0 0 0 0 0 0 0 0 0 0 0 0 0 0 0 0 0 0 0 0 0 0 0 0 0 0 0 0 0 0 0 0 0 0 0 0 0 0 0 0 0 0 0 0 0 0 0 0 0 0 0 0 0 0 0 0 data 4 0x0 0x9 0x1 0x0 oops 0 methods 0
ciMethod java/net/JarURLConnection getJarFileURL ()Ljava/net/URL; 48 0 24 0 -1
ciMethod java/net/URLConnection getPermission ()Ljava/security/Permission; 0 0 1 0 -1
ciMethodData java/util/Objects requireNonNull (Ljava/lang/Object;Ljava/lang/String;)Ljava/lang/Object; 2 341084 orig 80 0 0 0 0 0 0 0 0 0 0 0 0 250 127 0 0 0 0 0 0 0 0 0 0 0 0 0 0 0 0 0 0 0 0 0 0 0 0 0 0 0 0 0 0 0 0 0 0 0 0 0 0 0 0 0 0 0 0 0 0 0 0 0 0 0 0 0 0 0 0 0 0 0 0 0 0 0 0 0 0 data 16 0x10007 0x532dc 0x30 0x0 0x90002 0x0 0x0 0x0 0x0 0x0 0x0 0x0 0x9 0x2 0x0 0xffffffffffffffff oops 0 methods 0
ciMethodData java/lang/String checkBoundsOffCount (III)V 2 6503 orig 80 0 0 0 0 0 0 0 0 0 0 0 0 250 127 0 0 0 0 0 0 0 0 0 0 0 0 0 0 0 0 0 0 0 0 0 0 0 0 0 0 0 0 0 0 0 0 0 0 0 0 0 0 0 0 0 0 0 0 0 0 0 0 0 0 0 0 0 0 0 0 0 0 0 0 0 0 0 0 0 0 data 76 0x10007 0x0 0x60 0x1841 0x50007 0x0 0x40 0x1841 0xc0007 0x1841 0x1c8 0x0 0x170002 0x0 0x1d0005 0x0 0x0 0x0 0x0 0x0 0x0 0x210005 0x0 0x0 0x0 0x0 0x0 0x0 0x270005 0x0 0x0 0x0 0x0 0x0 0x0 0x2b0005 0x0 0x0 0x0 0x0 0x0 0x0 0x310005 0x0 0x0 0x0 0x0 0x0 0x0 0x350005 0x0 0x0 0x0 0x0 0x0 0x0 0x380005 0x0 0x0 0x0 0x0 0x0 0x0 0x3b0002 0x0 0x0 0x0 0x0 0x0 0x0 0x0 0x9 0x3 0x0 0x0 0x0 oops 0 methods 0
ciMethodData java/util/ArrayList add (Ljava/lang/Object;)Z 2 54118 orig 80 1 0 0 0 0 0 0 0 0 0 0 0 250 127 0 0 0 0 0 0 0 0 0 0 0 0 0 0 0 0 0 0 0 0 0 0 0 0 0 0 0 0 0 0 0 0 0 0 0 0 0 0 0 0 0 0 0 0 0 0 0 0 0 0 0 0 0 0 0 0 0 0 0 0 0 0 0 0 0 0 data 17 0x140005 0xd25f 0x0 0x0 0x0 0x0 0x0 0x0 0x0 0x0 0x0 0x0 0x0 0x9 0x2 0xe 0x0 oops 0 methods 0
ciMethodData java/util/zip/ZipFile$Source getEntryHash (I)I 2 12158 orig 80 0 0 0 0 0 0 0 0 0 0 0 0 250 127 0 0 0 0 0 0 0 0 0 0 0 0 0 0 0 0 0 0 0 0 0 0 0 0 0 0 0 0 0 0 0 0 0 0 0 0 0 0 0 0 0 0 0 0 0 0 0 0 0 0 0 0 0 0 0 0 0 0 0 0 0 0 0 0 0 0 data 8 0x0 0x0 0x0 0x0 0x9 0x2 0x0 0x0 oops 0 methods 0
ciMethodData java/util/Objects checkIndex (II)I 2 28737 orig 80 0 0 0 0 0 0 0 0 0 0 0 0 250 127 0 0 0 0 0 0 0 0 0 0 0 0 0 0 0 0 0 0 0 0 0 0 0 0 0 0 0 0 0 0 0 0 0 0 0 0 0 0 0 0 0 0 0 0 0 0 0 0 0 0 0 0 0 0 0 0 0 0 0 0 0 0 0 0 0 0 data 12 0x30002 0x6f3f 0x0 0x0 0x0 0x0 0x0 0x0 0x9 0x2 0x0 0x0 oops 0 methods 0
ciMethodData java/util/ArrayList get (I)Ljava/lang/Object; 2 27859 orig 80 0 0 0 0 0 0 0 0 0 0 0 0 250 127 0 0 0 0 0 0 0 0 0 0 0 0 0 0 0 0 0 0 0 0 0 0 0 0 0 0 0 0 0 0 0 0 0 0 0 0 0 0 0 0 0 0 0 0 0 0 0 0 0 0 0 0 0 0 0 0 0 0 0 0 0 0 0 0 0 0 data 19 0x50002 0x6bce 0xb0005 0x0 0x0 0x29665945090 0x6bce 0x0 0x0 0x0 0x0 0x0 0x0 0x0 0x0 0x9 0x2 0x0 0x0 oops 1 5 java/util/ArrayList methods 0
ciMethodData java/util/ArrayList elementData (I)Ljava/lang/Object; 2 28347 orig 80 0 0 0 0 0 0 0 0 0 0 0 0 0 0 0 0 0 0 0 0 0 0 0 0 0 0 0 0 0 0 0 0 0 0 0 0 0 0 0 0 0 0 0 0 0 0 0 0 0 0 0 0 0 0 0 0 0 0 0 0 0 0 0 0 0 0 0 0 0 0 0 0 0 0 0 0 0 0 0 0 data 8 0x0 0x0 0x0 0x0 0x9 0x2 0x0 0x0 oops 0 methods 0
ciMethodData sun/net/www/ParseUtil firstEncodeIndex (Ljava/lang/String;)I 2 54753 orig 80 0 0 0 0 0 0 0 0 0 0 0 0 250 127 0 0 0 0 0 0 0 0 0 0 0 0 0 0 0 0 0 0 0 0 0 0 0 0 0 0 0 0 0 0 0 0 0 0 0 0 0 0 0 0 0 0 0 0 0 0 0 0 0 0 0 0 0 0 0 0 0 0 0 0 0 0 0 0 0 0 data 67 0x10005 0x376 0x0 0x0 0x0 0x0 0x0 0x90007 0x376 0x198 0xc1bd 0xe0005 0xc1bd 0x0 0x0 0x0 0x0 0x0 0x150007 0x1e12 0x40 0xa3ab 0x1b0007 0xa3ab 0x108 0x0 0x210007 0xb8 0x40 0x1d5a 0x270007 0x12cc 0xc8 0xa8e 0x2d0007 0xb8 0x58 0xa8e 0x330007 0x4 0x38 0xa8a 0x360003 0xa8a 0x68 0x3c0007 0x0 0x50 0xbc 0x460002 0xbc 0x490007 0xbc 0x20 0x0 0x510003 0xc1bd 0xfffffffffffffe80 0x0 0x0 0x0 0x0 0x0 0x0 0x9 0x1 0xffffffffffffffff oops 0 methods 0
ciMethodData sun/net/www/ParseUtil match (CJJ)Z 2 1583 orig 80 0 0 0 0 0 0 0 0 0 0 0 0 0 0 0 0 0 0 0 0 0 0 0 0 0 0 0 0 0 0 0 0 0 0 0 0 0 0 0 0 0 0 0 0 0 0 0 0 0 0 0 0 0 0 0 0 0 0 0 0 0 0 0 0 0 0 0 0 0 0 0 0 0 0 0 0 0 0 0 0 data 32 0x30007 0x74 0x58 0x59f 0xd0007 0x59f 0x38 0x0 0x110003 0x0 0x18 0x1a0007 0x0 0x58 0x74 0x270007 0x74 0x38 0x0 0x2b0003 0x0 0x18 0x0 0x0 0x0 0x9 0x5 0x0 0x0 0x0 0x0 0x0 oops 0 methods 0
ciMethodData java/util/zip/ZipFile ensureOpen ()V 2 5437 orig 80 0 0 0 0 0 0 0 0 0 0 0 0 250 127 0 0 0 0 0 0 0 0 0 0 0 0 0 0 0 0 0 0 0 0 0 0 0 0 0 0 0 0 0 0 0 0 0 0 0 0 0 0 0 0 0 0 0 0 0 0 0 0 0 0 0 0 0 0 0 0 0 0 0 0 0 0 0 0 0 0 data 21 0x40007 0x143d 0x30 0x0 0xe0002 0x0 0x190007 0x143d 0x30 0x0 0x230002 0x0 0x0 0x0 0x0 0x0 0x0 0x0 0x9 0x1 0x0 oops 0 methods 0
ciMethodData java/util/zip/ZipUtils CENLEN ([BI)J 2 15695 orig 80 0 0 0 0 0 0 0 0 0 0 0 0 250 127 0 0 0 0 0 0 0 0 0 0 0 0 0 0 0 0 0 0 0 0 0 0 0 0 0 0 0 0 0 0 0 0 0 0 0 0 0 0 0 0 0 0 0 0 0 0 0 0 0 0 0 0 0 0 0 0 0 0 0 0 0 0 0 0 0 0 data 12 0x50002 0x3bcf 0x0 0x0 0x0 0x0 0x0 0x0 0x9 0x2 0x0 0x0 oops 0 methods 0
ciMethodData java/util/zip/ZipUtils CENSIZ ([BI)J 2 10466 orig 80 0 0 0 0 0 0 0 0 0 0 0 0 250 127 0 0 0 0 0 0 0 0 0 0 0 0 0 0 0 0 0 0 0 0 0 0 0 0 0 0 0 0 0 0 0 0 0 0 0 0 0 0 0 0 0 0 0 0 0 0 0 0 0 0 0 0 0 0 0 0 0 0 0 0 0 0 0 0 0 0 data 12 0x50002 0x27e0 0x0 0x0 0x0 0x0 0x0 0x0 0x9 0x2 0x0 0x0 oops 0 methods 0
ciMethodData java/util/jar/JarFile checkForSpecialAttributes ()V 2 5390 orig 80 0 0 0 0 0 0 0 0 0 0 0 0 250 127 0 0 0 0 0 0 0 0 0 0 0 0 0 0 0 0 0 0 0 0 0 0 0 0 0 0 0 0 0 0 0 0 0 0 0 0 0 0 0 0 0 0 0 0 0 0 0 0 0 0 0 0 0 0 0 0 0 0 0 0 0 0 0 0 0 0 data 93 0x40007 0xe 0x20 0x13ff 0x100007 0xe 0x20 0x0 0x170005 0xe 0x0 0x0 0x0 0x0 0x0 0x1c0007 0x0 0x1f0 0xe 0x210005 0xe 0x0 0x0 0x0 0x0 0x0 0x310005 0xe 0x0 0x0 0x0 0x0 0x0 0x350007 0xe 0x38 0x0 0x390003 0x0 0x18 0x430007 0x0 0x128 0xe 0x510005 0xe 0x0 0x0 0x0 0x0 0x0 0x590007 0xe 0xd0 0x0 0x670002 0x0 0x770002 0x0 0x7a0002 0x0 0x7f0005 0x0 0x0 0x0 0x0 0x0 0x0 0x880005 0x0 0x0 0x0 0x0 0x0 0x0 0x8b0002 0x0 0x980003 0xe 0x18 0x0 0x0 0x0 0x0 0x0 0x0 0x0 0x0 0x0 0x0 0x9 0x1 0x0 oops 0 methods 0
ciMethodData java/util/jar/JarFile getManEntry ()Ljava/util/jar/JarEntry; 1 41 orig 80 0 0 0 0 0 0 0 0 0 0 0 0 0 0 0 0 0 0 0 0 0 0 0 0 0 0 0 0 0 0 0 0 0 0 0 0 0 0 0 0 0 0 0 0 0 0 0 0 0 0 0 0 0 0 0 0 0 0 0 0 0 0 0 0 0 0 0 0 0 0 0 0 0 0 0 0 0 0 0 0 data 33 0x40007 0x8 0xc0 0x1c 0xc0005 0x0 0x0 0x2966d73cff0 0x1c 0x0 0x0 0x130007 0x0 0x68 0x1c 0x190002 0x1c 0x1c0004 0x0 0x0 0x2966bdfd030 0x1c 0x0 0x0 0x0 0x0 0x0 0x0 0x0 0x0 0x9 0x1 0xffffffffffffffff oops 2 7 java/util/zip/ZipFile$1 20 java/util/jar/JarFile$JarFileEntry methods 0
ciMethodData java/util/jar/JarFile getBytes (Ljava/util/zip/ZipEntry;)[B 1 32 orig 80 0 0 0 0 0 0 0 0 0 0 0 0 0 0 0 0 0 0 0 0 0 0 0 0 0 0 0 0 0 0 0 0 0 0 0 0 0 0 0 0 0 0 0 0 0 0 0 0 0 0 0 0 0 0 0 0 0 0 0 0 0 0 0 0 0 0 0 0 0 0 0 0 0 0 0 0 0 0 0 0 data 194 0x20002 0x1c 0x70005 0x0 0x0 0x2966bdfd030 0x1c 0x0 0x0 0x110007 0x1c 0x238 0x0 0x1c0002 0x0 0x220005 0x0 0x0 0x0 0x0 0x0 0x0 0x260005 0x0 0x0 0x0 0x0 0x0 0x0 0x2c0005 0x0 0x0 0x0 0x0 0x0 0x0 0x300005 0x0 0x0 0x0 0x0 0x0 0x0 0x330005 0x0 0x0 0x0 0x0 0x0 0x0 0x390005 0x0 0x0 0x0 0x0 0x0 0x0 0x3f0005 0x0 0x0 0x0 0x0 0x0 0x0 0x450005 0x0 0x0 0x0 0x0 0x0 0x0 0x480005 0x0 0x0 0x0 0x0 0x0 0x0 0x4b0002 0x0 0x560007 0x0 0x90 0x1c 0x5e0007 0x0 0x70 0x1c 0x6d0005 0x0 0x0 0x2966d73d8a0 0x1c 0x0 0x0 0x720003 0x1c 0x50 0x760005 0x0 0x0 0x0 0x0 0x0 0x0 0x830007 0x0 0x178 0x1c 0x8a0007 0x1c 0x158 0x0 0x950002 0x0 0x9b0005 0x0 0x0 0x0 0x0 0x0 0x0 0xa00005 0x0 0x0 0x0 0x0 0x0 0x0 0xa60005 0x0 0x0 0x0 0x0 0x0 0x0 0xab0005 0x0 0x0 0x0 0x0 0x0 0x0 0xae0005 0x0 0x0 0x0 0x0 0x0 0x0 0xb10002 0x0 0xba0007 0x0 0x58 0x1c 0xbe0005 0x0 0x0 0x2966d73d8a0 0x1c 0x0 0x0 0xc60007 0x0 0xa8 0x0 0xca0005 0x0 0x0 0x0 0x0 0x0 0x0 0xcd0003 0x0 0x50 0xd50005 0x0 0x0 0x0 0x0 0x0 0x0 0x0 0x0 0x0 0x0 0x0 0x0 0x9 0x2 0x0 0x0 oops 3 5 java/util/jar/JarFile$JarFileEntry 91 java/util/zip/ZipFile$ZipFileInflaterInputStream 159 java/util/zip/ZipFile$ZipFileInflaterInputStream methods 0
ciMethodData java/util/jar/JarFile match ([B[B[B[B)I 1 3634 orig 80 0 0 0 0 0 0 0 0 0 0 0 0 0 0 0 0 0 0 0 0 0 0 0 0 0 0 0 0 0 0 0 0 0 0 0 0 0 0 0 0 0 0 0 0 0 0 0 0 0 0 0 0 0 0 0 0 0 0 0 0 0 0 0 0 0 0 0 0 0 0 0 0 0 0 0 0 0 0 0 0 data 48 0x120007 0x28 0x118 0xc23 0x1d0007 0x0 0xf8 0xdcc 0x2d0007 0x9e 0xa8 0xd2e 0x340007 0x0 0x88 0xd2e 0x3b0007 0x4b9 0x20 0x875 0x4c0007 0x1a9 0x60 0xb85 0x660002 0xb85 0x6c0003 0xb85 0xffffffffffffff30 0x760003 0x9e 0xffffffffffffff18 0x7c0003 0x1a9 0xffffffffffffff20 0x0 0x0 0x0 0x0 0x0 0x0 0x9 0x5 0x0 0x0 0x0 0x0 0x0 oops 0 methods 0
ciMethodData java/util/zip/ZipFile$Source getEntryNext (I)I 2 6924 orig 80 0 0 0 0 0 0 0 0 0 0 0 0 250 127 0 0 0 0 0 0 0 0 0 0 0 0 0 0 0 0 0 0 0 0 0 0 0 0 0 0 0 0 0 0 0 0 0 0 0 0 0 0 0 0 0 0 0 0 0 0 0 0 0 0 0 0 0 0 0 0 0 0 0 0 0 0 0 0 0 0 data 8 0x0 0x0 0x0 0x0 0x9 0x2 0x0 0x0 oops 0 methods 0
ciMethodData java/util/ArrayDeque inc (II)I 2 17155 orig 80 0 0 0 0 0 0 0 0 0 0 0 0 250 127 0 0 0 0 0 0 0 0 0 0 0 0 0 0 0 0 0 0 0 0 0 0 0 0 0 0 0 0 0 0 0 0 0 0 0 0 0 0 0 0 0 0 0 0 0 0 0 0 0 0 0 0 0 0 0 0 0 0 0 0 0 0 0 0 0 0 data 9 0x50007 0x3c50 0x20 0x533 0x0 0x9 0x2 0x0 0x0 oops 0 methods 0
ciMethodData java/util/jar/JarFile isMultiRelease ()Z 2 10647 orig 80 0 0 0 0 0 0 0 0 0 0 0 0 250 127 0 0 0 0 0 0 0 0 0 0 0 0 0 0 0 0 0 0 0 0 0 0 0 0 0 0 0 0 0 0 0 0 0 0 0 0 0 0 0 0 0 0 0 0 0 0 0 0 0 0 0 0 0 0 0 0 0 0 0 0 0 0 0 0 0 0 data 27 0x40007 0x2817 0x20 0x0 0xc0007 0x0 0x70 0x2817 0x100005 0x2817 0x0 0x0 0x0 0x0 0x0 0x130003 0x2817 0x18 0x0 0x0 0x0 0x0 0x0 0x0 0x9 0x1 0x0 oops 0 methods 0
ciMethodData java/net/URL <init> (Ljava/net/URL;Ljava/lang/String;Ljava/net/URLStreamHandler;)V 2 16365 orig 80 0 0 0 0 0 0 0 0 0 0 0 0 250 127 0 0 0 0 0 0 0 0 0 0 0 0 0 0 0 0 0 0 0 0 0 0 0 0 0 0 0 0 0 0 0 0 0 0 0 0 0 0 0 0 0 0 0 0 0 0 0 0 0 0 0 0 0 0 0 0 0 0 0 0 0 0 0 0 0 0 data 332 0x10002 0x1379 0x1e0007 0x1379 0x88 0x0 0x210002 0x0 0x280007 0x0 0x58 0x0 0x2e0005 0x0 0x0 0x0 0x0 0x0 0x0 0x320005 0x1379 0x0 0x0 0x0 0x0 0x0 0x390007 0x0 0x90 0x1379 0x410005 0x1379 0x0 0x0 0x0 0x0 0x0 0x460007 0x1379 0x38 0x0 0x4c0003 0x0 0xffffffffffffff88 0x530007 0x0 0x90 0x1379 0x590005 0x1379 0x0 0x0 0x0 0x0 0x0 0x5e0007 0x1379 0x38 0x0 0x640003 0x0 0xffffffffffffff88 0x6f0005 0x1379 0x0 0x0 0x0 0x0 0x0 0x720007 0x1379 0x20 0x0 0x7b0005 0x1379 0x0 0x0 0x0 0x0 0x0 0x7e0007 0x0 0x78 0x1379 0x840005 0x1379 0x0 0x0 0x0 0x0 0x0 0x890007 0x1379 0x20 0x0 0x950007 0x0 0x188 0x510f 0x9c0007 0x3 0x168 0x510c 0xa20005 0x510c 0x0 0x0 0x0 0x0 0x0 0xaa0007 0x1362 0x110 0x3daa 0xb10007 0x3d96 0xd8 0x14 0xb90005 0x14 0x0 0x0 0x0 0x0 0x0 0xbc0002 0x14 0xc40005 0x14 0x0 0x0 0x0 0x0 0x0 0xc70007 0x0 0x50 0x14 0xd40003 0x14 0x30 0xda0003 0x3d96 0xfffffffffffffe90 0xe40007 0x14 0x150 0x1365 0xe90007 0x1365 0x78 0x0 0xf20005 0x0 0x0 0x0 0x0 0x0 0x0 0xf50007 0x0 0xd8 0x0 0xf90007 0x0 0x20 0x1365 0x1050007 0x0 0x78 0x1365 0x10e0005 0x1365 0x0 0x0 0x0 0x0 0x0 0x1110007 0x1365 0x20 0x0 0x1190007 0x0 0x20 0x1365 0x15b0007 0x1379 0xe8 0x0 0x1660002 0x0 0x16b0005 0x0 0x0 0x0 0x0 0x0 0x0 0x1700005 0x0 0x0 0x0 0x0 0x0 0x0 0x1730005 0x0 0x0 0x0 0x0 0x0 0x0 0x1760002 0x0 0x17b0007 0x1365 0x118 0x14 0x1820002 0x14 0x1870007 0x14 0xe8 0x0 0x1920002 0x0 0x1970005 0x0 0x0 0x0 0x0 0x0 0x0 0x19e0005 0x0 0x0 0x0 0x0 0x0 0x0 0x1a10005 0x0 0x0 0x0 0x0 0x0 0x0 0x1a40002 0x0 0x1b20005 0x1379 0x0 0x0 0x0 0x0 0x0 0x1b90007 0x1379 0x58 0x0 0x1c40005 0x0 0x0 0x0 0x0 0x0 0x0 0x1d00007 0x14 0x60 0x1365 0x1d70007 0x1365 0x40 0x0 0x1e60007 0x0 0x20 0x0 0x1f80005 0x2 0x0 0x2966d740ba0 0x1365 0x2966d740c50 0x12 0x1fb0003 0x1379 0x98 0x20b0005 0x0 0x0 0x0 0x0 0x0 0x0 0x20e0002 0x0 0x2170005 0x0 0x0 0x0 0x0 0x0 0x0 0x0 0x0 0x0 0x0 0x0 0x0 0x0 0x0 0x0 0x0 0x0 0x0 0x0 0x0 0x0 0x0 0x0 0x0 0x0 0x0 0x9 0x4 0x0 0x0 0x0 0x0 oops 2 283 sun/net/www/protocol/jar/Handler 285 sun/net/www/protocol/file/Handler methods 0
ciMethodData jdk/internal/loader/URLClassPath getLoader (I)Ljdk/internal/loader/URLClassPath$Loader; 2 5694 orig 80 0 0 0 0 0 0 0 0 0 0 0 0 250 127 0 0 0 0 0 0 0 0 0 0 0 0 0 0 0 0 0 0 0 0 0 0 0 0 0 0 0 0 0 0 0 0 0 0 0 0 0 0 0 0 0 0 0 0 0 0 0 0 0 0 0 0 0 0 0 0 0 0 0 0 0 0 0 0 0 0 data 178 0x40007 0x1401 0x20 0x0 0xd0005 0x0 0x0 0x29665945090 0x1409 0x0 0x0 0x130007 0x1306 0x460 0x103 0x210005 0x0 0x0 0x2966b040ce0 0x103 0x0 0x0 0x240104 0x0 0x0 0x29665944b60 0x8 0x0 0x0 0x290007 0x8 0x20 0xfb 0x320003 0x8 0x18 0x3d0002 0x8 0x460005 0x0 0x0 0x2966b041f70 0x8 0x0 0x0 0x490007 0x8 0x38 0x0 0x4c0003 0x0 0xfffffffffffffe98 0x510005 0x8 0x0 0x0 0x0 0x0 0x0 0x580005 0x0 0x0 0x2966be12450 0x8 0x0 0x0 0x5f0007 0x8 0x58 0x0 0x650005 0x0 0x0 0x0 0x0 0x0 0x0 0x680003 0x8 0x1c8 0x6d0003 0x0 0xfffffffffffffda0 0x750007 0x0 0x180 0x0 0x7f0002 0x0 0x850005 0x0 0x0 0x0 0x0 0x0 0x0 0x890005 0x0 0x0 0x0 0x0 0x0 0x0 0x8f0005 0x0 0x0 0x0 0x0 0x0 0x0 0x940005 0x0 0x0 0x0 0x0 0x0 0x0 0x970005 0x0 0x0 0x0 0x0 0x0 0x0 0x9a0005 0x0 0x0 0x0 0x0 0x0 0x0 0x9d0003 0x0 0xfffffffffffffc08 0xa60005 0x0 0x0 0x29665945090 0x8 0x0 0x0 0xb10005 0x0 0x0 0x2966b041f70 0x8 0x0 0x0 0xb50003 0x8 0xfffffffffffffb80 0xbd0005 0x0 0x0 0x29665945090 0x1306 0x0 0x0 0xc00004 0x0 0x0 0x2966be12450 0x1306 0x0 0x0 0x0 0x0 0x0 0x0 0x0 0x0 0x0 0x0 0x0 0x9 0x2 0x0 0x0 oops 9 7 java/util/ArrayList 18 java/util/ArrayDeque 25 java/net/URL 41 java/util/HashMap 62 jdk/internal/loader/URLClassPath$JarLoader 137 java/util/ArrayList 144 java/util/HashMap 154 java/util/ArrayList 161 jdk/internal/loader/URLClassPath$JarLoader methods 0
ciMethodData java/util/ArrayDeque pollFirst ()Ljava/lang/Object; 2 5386 orig 80 0 0 0 0 0 0 0 0 0 0 0 0 0 0 0 0 0 0 0 0 0 0 0 0 0 0 0 0 0 0 0 0 0 0 0 0 0 0 0 0 0 0 0 0 0 0 0 0 0 0 0 0 0 0 0 0 0 0 0 0 0 0 0 0 0 0 0 0 0 0 0 0 0 0 0 0 0 0 0 0 data 24 0xc0002 0x1400 0x110007 0x3d 0x68 0x13c3 0x170104 0x0 0x0 0x0 0x0 0x0 0x0 0x1c0002 0x13c3 0x0 0x0 0x0 0x0 0x0 0x0 0x9 0x1 0x6 oops 0 methods 0
ciMethodData sun/net/util/URLUtil urlNoFragString (Ljava/net/URL;)Ljava/lang/String; 2 5428 orig 80 0 0 0 0 0 0 0 0 0 0 0 0 0 0 0 0 0 0 0 0 0 0 0 0 0 0 0 0 0 0 0 0 0 0 0 0 0 0 0 0 0 0 0 0 0 0 0 0 0 0 0 0 0 0 0 0 0 0 0 0 0 0 0 0 0 0 0 0 0 0 0 0 0 0 0 0 0 0 0 0 data 129 0x40002 0x1428 0x90005 0x1428 0x0 0x0 0x0 0x0 0x0 0xe0007 0x0 0xc8 0x1428 0x120005 0x1428 0x0 0x0 0x0 0x0 0x0 0x180005 0x1428 0x0 0x0 0x0 0x0 0x0 0x1f0005 0x1428 0x0 0x0 0x0 0x0 0x0 0x240005 0x1428 0x0 0x0 0x0 0x0 0x0 0x290007 0x0 0x1b0 0x1428 0x2d0005 0x1428 0x0 0x0 0x0 0x0 0x0 0x330005 0x1428 0x0 0x0 0x0 0x0 0x0 0x380005 0x1428 0x0 0x0 0x0 0x0 0x0 0x400007 0x0 0x58 0x1428 0x440005 0x1428 0x0 0x0 0x0 0x0 0x0 0x4c0007 0x1428 0x90 0x0 0x520005 0x0 0x0 0x0 0x0 0x0 0x0 0x570005 0x0 0x0 0x0 0x0 0x0 0x0 0x5c0005 0x1428 0x0 0x0 0x0 0x0 0x0 0x630007 0x0 0x58 0x1428 0x690005 0x1428 0x0 0x0 0x0 0x0 0x0 0x6e0005 0x1428 0x0 0x0 0x0 0x0 0x0 0x0 0x0 0x0 0x0 0x0 0x0 0x9 0x1 0x0 oops 0 methods 0
ciMethodData java/util/HashMap containsKey (Ljava/lang/Object;)Z 2 6488 orig 80 0 0 0 0 0 0 0 0 0 0 0 0 0 0 0 0 0 0 0 0 0 0 0 0 0 0 0 0 0 0 0 0 0 0 0 0 0 0 0 0 0 0 0 0 0 0 0 0 0 0 0 0 0 0 0 0 0 0 0 0 0 0 0 0 0 0 0 0 0 0 0 0 0 0 0 0 0 0 0 0 data 24 0x20005 0x18fb 0x0 0x0 0x0 0x0 0x0 0x50007 0x1062 0x38 0x899 0x90003 0x899 0x18 0x0 0x0 0x0 0x0 0x0 0x0 0x9 0x2 0x0 0xffffffffffffffff oops 0 methods 0
ciMethodData jdk/internal/loader/URLClassPath getLoader (Ljava/net/URL;)Ljdk/internal/loader/URLClassPath$Loader; 1 9 orig 80 0 0 0 0 0 0 0 0 0 0 0 0 0 0 0 0 0 0 0 0 0 0 0 0 0 0 0 0 0 0 0 0 0 0 0 0 0 0 0 0 0 0 0 0 0 0 0 0 0 0 0 0 0 0 0 0 0 0 0 0 0 0 0 0 0 0 0 0 0 0 0 0 0 0 0 0 0 0 0 0 data 35 0x60002 0x8 0xd0002 0x8 0x100004 0x0 0x0 0x2966be12450 0x8 0x0 0x0 0x160005 0x0 0x0 0x0 0x0 0x0 0x0 0x190004 0x0 0x0 0x0 0x0 0x0 0x0 0x0 0x0 0x0 0x0 0x0 0x0 0x9 0x2 0x0 0x0 oops 1 7 jdk/internal/loader/URLClassPath$JarLoader methods 0
ciMethodData jdk/internal/loader/URLClassPath push ([Ljava/net/URL;)V 1 0 orig 80 0 0 0 0 0 0 0 0 0 0 0 0 0 0 0 0 0 0 0 0 0 0 0 0 0 0 0 0 0 0 0 0 0 0 0 0 0 0 0 0 0 0 0 0 0 0 0 0 0 0 0 0 0 0 0 0 0 0 0 0 0 0 0 0 0 0 0 0 0 0 0 0 0 0 0 0 0 0 0 0 data 27 0xd0007 0x0 0x70 0x0 0x170005 0x0 0x0 0x0 0x0 0x0 0x0 0x1d0003 0x0 0xffffffffffffffa8 0x220003 0x0 0x18 0x0 0x0 0x0 0x0 0x0 0x0 0x9 0x2 0x0 0x0 oops 0 methods 0
ciMethodData java/util/zip/ZipFile$Source getEntryPos (Ljava/lang/String;Z)I 2 6914 orig 80 0 0 0 0 0 0 0 0 0 0 0 0 250 127 0 0 0 0 0 0 0 0 0 0 0 0 0 0 0 0 0 0 0 0 0 0 0 0 0 0 0 0 0 0 0 0 0 0 0 0 0 0 0 0 0 0 0 0 0 0 0 0 0 0 0 0 0 0 0 0 0 0 0 0 0 0 0 0 0 0 data 141 0x40007 0x1482 0x20 0x0 0xa0002 0x1482 0x210007 0x105 0x3e0 0x2cc7 0x270005 0x2cc7 0x0 0x0 0x0 0x0 0x0 0x2b0007 0x194a 0x338 0x137d 0x310005 0x137d 0x0 0x0 0x0 0x0 0x0 0x390005 0x137d 0x0 0x0 0x0 0x0 0x0 0x4f0002 0x137d 0x520005 0x0 0x0 0x296666c5160 0x137d 0x0 0x0 0x590005 0x137d 0x0 0x0 0x0 0x0 0x0 0x5f0005 0x137d 0x0 0x0 0x0 0x0 0x0 0x680007 0x0 0x78 0x137d 0x6e0005 0x137d 0x0 0x0 0x0 0x0 0x0 0x710007 0x0 0x20 0x137d 0x780007 0x0 0x160 0x0 0x810007 0x0 0x140 0x0 0x870005 0x0 0x0 0x0 0x0 0x0 0x0 0x8a0007 0x0 0xe8 0x0 0x930005 0x0 0x0 0x0 0x0 0x0 0x0 0x980007 0x0 0x90 0x0 0x9e0005 0x0 0x0 0x0 0x0 0x0 0x0 0xa60007 0x0 0x38 0x0 0xab0003 0x0 0x18 0xb10003 0x0 0x18 0xb90005 0x194a 0x0 0x0 0x0 0x0 0x0 0xbe0003 0x194a 0xfffffffffffffc38 0x0 0x0 0x0 0x0 0x0 0x0 0x9 0x3 0x0 0x0 0x0 oops 1 40 java/util/zip/ZipCoder$UTF8ZipCoder methods 0
ciMethodData java/util/zip/ZipFile$Source getEntryPos (I)I 2 5241 orig 80 0 0 0 0 0 0 0 0 0 0 0 0 0 0 0 0 0 0 0 0 0 0 0 0 0 0 0 0 0 0 0 0 0 0 0 0 0 0 0 0 0 0 0 0 0 0 0 0 0 0 0 0 0 0 0 0 0 0 0 0 0 0 0 0 0 0 0 0 0 0 0 0 0 0 0 0 0 0 0 0 data 8 0x0 0x0 0x0 0x0 0x9 0x2 0x0 0x0 oops 0 methods 0
ciMethodData java/util/zip/ZipFile getEntry (Ljava/lang/String;)Ljava/util/zip/ZipEntry; 2 5497 orig 80 0 0 0 0 0 0 0 0 0 0 0 0 250 127 0 0 0 0 0 0 0 0 0 0 0 0 0 0 0 0 0 0 0 0 0 0 0 0 0 0 0 0 0 0 0 0 0 0 0 0 0 0 0 0 0 0 0 0 0 0 0 0 0 0 0 0 0 0 0 0 0 0 0 0 0 0 0 0 0 0 data 40 0x30002 0x1479 0xe0005 0x1479 0x0 0x0 0x0 0x0 0x0 0x1a0005 0x1479 0x0 0x0 0x0 0x0 0x0 0x220007 0x105 0x58 0x1374 0x290005 0x1374 0x0 0x0 0x0 0x0 0x0 0x2f0003 0x1479 0x18 0x0 0x0 0x0 0x0 0x0 0x0 0x9 0x2 0x0 0x0 oops 0 methods 0
ciMethodData java/util/zip/ZipFile getZipEntry (Ljava/lang/String;I)Ljava/util/zip/ZipEntry; 2 5234 orig 80 0 0 0 0 0 0 0 0 0 0 0 0 0 0 0 0 0 0 0 0 0 0 0 0 0 0 0 0 0 0 0 0 0 0 0 0 0 0 0 0 0 0 0 0 0 0 0 0 0 0 0 0 0 0 0 0 0 0 0 0 0 0 0 0 0 0 0 0 0 0 0 0 0 0 0 0 0 0 0 0 data 174 0xd0002 0x1378 0x140002 0x1378 0x1b0002 0x1378 0x280005 0x1378 0x0 0x0 0x0 0x0 0x0 0x2e0007 0x0 0x218 0x1378 0x330007 0x0 0x230 0x1378 0x370005 0x1378 0x0 0x0 0x0 0x0 0x0 0x3a0007 0x0 0x1d8 0x1378 0x470005 0x0 0x0 0x296666c5160 0x1378 0x0 0x0 0x4a0007 0x1378 0x180 0x0 0x510005 0x0 0x0 0x0 0x0 0x0 0x0 0x540007 0x0 0x128 0x0 0x5b0002 0x0 0x5f0005 0x0 0x0 0x0 0x0 0x0 0x0 0x640005 0x0 0x0 0x0 0x0 0x0 0x0 0x670005 0x0 0x0 0x0 0x0 0x0 0x0 0x6b0003 0x0 0x50 0x770005 0x0 0x0 0x0 0x0 0x0 0x0 0x7c0004 0x0 0x0 0x2966baea0f0 0x136a 0x2966b93c760 0xe 0x7f0007 0x0 0xa8 0x1378 0x860004 0x0 0x0 0x2966baea0f0 0x136a 0x2966b93c760 0xe 0x8a0005 0x0 0x0 0x2966b93c810 0x1378 0x0 0x0 0x910003 0x1378 0x28 0x990002 0x0 0xa20002 0x1378 0xac0002 0x1378 0xb60002 0x1378 0xc00002 0x1378 0xca0002 0x1378 0xd40002 0x1378 0xdc0002 0x1378 0xe00007 0x134c 0x30 0x2c 0xe70002 0x2c 0xf30007 0x1370 0x68 0x8 0x1090002 0x8 0x10e0005 0x0 0x0 0x2966bdfd030 0x8 0x0 0x0 0x1130007 0x1378 0x58 0x0 0x12b0005 0x0 0x0 0x0 0x0 0x0 0x0 0x0 0x0 0x0 0x0 0x0 0x0 0x0 0x0 0x9 0x3 0x0 0x0 0x0 oops 7 35 java/util/zip/ZipCoder$UTF8ZipCoder 90 java/util/jar/JarFile 92 sun/net/www/protocol/jar/URLJarFile 101 java/util/jar/JarFile 103 sun/net/www/protocol/jar/URLJarFile 108 java/util/jar/JavaUtilJarAccessImpl 146 java/util/jar/JarFile$JarFileEntry methods 0
ciMethodData java/util/zip/ZipCoder$UTF8ZipCoder toString ([BII)Ljava/lang/String; 2 5274 orig 80 0 0 0 0 0 0 0 0 0 0 0 0 250 127 0 0 0 0 0 0 0 0 0 0 0 0 0 0 0 0 0 0 0 0 0 0 0 0 0 0 0 0 0 0 0 0 0 0 0 0 0 0 0 0 0 0 0 0 0 0 0 0 0 0 0 0 0 0 0 0 0 0 0 0 0 0 0 0 0 0 data 19 0x60005 0x0 0x0 0x2966b25dd50 0x139a 0x0 0x0 0x0 0x0 0x0 0x0 0x0 0x0 0x9 0x4 0x0 0x0 0x0 0x0 oops 1 3 java/lang/System$2 methods 0
ciMethodData jdk/internal/loader/URLClassPath$JarLoader ensureOpen ()V 2 5453 orig 80 0 0 0 0 0 0 0 0 0 0 0 0 250 127 0 0 0 0 0 0 0 0 0 0 0 0 0 0 0 0 0 0 0 0 0 0 0 0 0 0 0 0 0 0 0 0 0 0 0 0 0 0 0 0 0 0 0 0 0 0 0 0 0 0 0 0 0 0 0 0 0 0 0 0 0 0 0 0 0 0 data 34 0x40007 0x1445 0xc8 0x8 0xc0002 0x8 0x130002 0x8 0x170003 0x8 0x88 0x1c0005 0x0 0x0 0x0 0x0 0x0 0x0 0x1f0004 0x0 0x0 0x0 0x0 0x0 0x0 0x0 0x0 0x0 0x0 0x0 0x0 0x9 0x1 0x0 oops 0 methods 0
ciMethodData jdk/internal/loader/URLClassPath$JarLoader$1 <init> (Ljdk/internal/loader/URLClassPath$JarLoader;)V 1 9 orig 80 0 0 0 0 0 0 0 0 0 0 0 0 0 0 0 0 0 0 0 0 0 0 0 0 0 0 0 0 0 0 0 0 0 0 0 0 0 0 0 0 0 0 0 0 0 0 0 0 0 0 0 0 0 0 0 0 0 0 0 0 0 0 0 0 0 0 0 0 0 0 0 0 0 0 0 0 0 0 0 0 data 10 0x60002 0x8 0x0 0x0 0x0 0x0 0x9 0x2 0x6 0x0 oops 0 methods 0
ciMethodData java/security/AccessController doPrivileged (Ljava/security/PrivilegedExceptionAction;Ljava/security/AccessControlContext;)Ljava/lang/Object; 2 2378 orig 80 0 0 0 0 0 0 0 0 0 0 0 0 0 0 0 0 0 0 0 0 0 0 0 0 0 0 0 0 0 0 0 0 0 0 0 0 0 0 0 0 0 0 0 0 0 0 0 0 0 0 0 0 0 0 0 0 0 0 0 0 0 0 0 0 0 0 0 0 0 0 0 0 0 0 0 0 0 0 0 0 data 18 0x2 0x948 0x60002 0x948 0xd0002 0x948 0x160002 0x0 0x0 0x0 0x0 0x0 0x0 0x0 0x9 0x2 0xffffffffffffffff 0x0 oops 0 methods 0
ciMethodData java/util/jar/JarFile getJarEntry (Ljava/lang/String;)Ljava/util/jar/JarEntry; 2 5445 orig 80 0 0 0 0 0 0 0 0 0 0 0 0 250 127 0 0 0 0 0 0 0 0 0 0 0 0 0 0 0 0 0 0 0 0 0 0 0 0 0 0 0 0 0 0 0 0 0 0 0 0 0 0 0 0 0 0 0 0 0 0 0 0 0 0 0 0 0 0 0 0 0 0 0 0 0 0 0 0 0 0 data 24 0x20005 0x0 0x0 0x2966baea0f0 0x1445 0x0 0x0 0x50104 0x0 0x0 0x2966bdfd030 0x1344 0x0 0x0 0x0 0x0 0x0 0x0 0x0 0x0 0x9 0x2 0x0 0x0 oops 2 3 java/util/jar/JarFile 10 java/util/jar/JarFile$JarFileEntry methods 0
ciMethodData java/util/zip/ZipCoder$UTF8ZipCoder hasTrailingSlash ([BI)Z 2 5236 orig 80 0 0 0 0 0 0 0 0 0 0 0 0 250 127 0 0 0 0 0 0 0 0 0 0 0 0 0 0 0 0 0 0 0 0 0 0 0 0 0 0 0 0 0 0 0 0 0 0 0 0 0 0 0 0 0 0 0 0 0 0 0 0 0 0 0 0 0 0 0 0 0 0 0 0 0 0 0 0 0 0 data 18 0x10007 0x0 0x58 0x1373 0xb0007 0x1373 0x38 0x0 0xf0003 0x0 0x18 0x0 0x0 0x9 0x3 0x0 0x0 0x0 oops 0 methods 0
ciMethodData jdk/internal/loader/URLClassPath$JarLoader getResource (Ljava/lang/String;Z)Ljdk/internal/loader/Resource; 2 5435 orig 80 0 0 0 0 0 0 0 0 0 0 0 0 250 127 0 0 0 0 0 0 0 0 0 0 0 0 0 0 0 0 0 0 0 0 0 0 0 0 0 0 0 0 0 0 0 0 0 0 0 0 0 0 0 0 0 0 0 0 0 0 0 0 0 0 0 0 0 0 0 0 0 0 0 0 0 0 0 0 0 0 data 54 0x10005 0x143b 0x0 0x0 0x0 0x0 0x0 0x40003 0x143b 0x28 0xd0002 0x0 0x160005 0x0 0x0 0x2966baea0f0 0x143b 0x0 0x0 0x1b0007 0xf9 0x58 0x1342 0x220005 0x0 0x0 0x2966be12450 0x1342 0x0 0x0 0x2a0007 0x0 0x20 0xf9 0x330002 0x0 0x3d0005 0x0 0x0 0x0 0x0 0x0 0x0 0x0 0x0 0x0 0x0 0x0 0x0 0x9 0x3 0x0 0x0 0x0 oops 2 15 java/util/jar/JarFile 26 jdk/internal/loader/URLClassPath$JarLoader methods 0
ciMethodData jdk/internal/loader/URLClassPath$JarLoader checkResource (Ljava/lang/String;ZLjava/util/jar/JarEntry;)Ljdk/internal/loader/Resource; 2 5190 orig 80 0 0 0 0 0 0 0 0 0 0 0 0 0 0 0 0 0 0 0 0 0 0 0 0 0 0 0 0 0 0 0 0 0 0 0 0 0 0 0 0 0 0 0 0 0 0 0 0 0 0 0 0 0 0 0 0 0 0 0 0 0 0 0 0 0 0 0 0 0 0 0 0 0 0 0 0 0 0 0 0 data 55 0x40005 0x134b 0x0 0x0 0x0 0x0 0x0 0x70007 0x134b 0x70 0x0 0xb0005 0x0 0x0 0x0 0x0 0x0 0x0 0x100003 0x0 0x18 0x1b0005 0x0 0x0 0x2966be12450 0x134b 0x0 0x0 0x210002 0x134b 0x240002 0x134b 0x2a0007 0x1346 0x30 0x5 0x2f0002 0x5 0x320003 0x134b 0x18 0x4a0002 0x134b 0x0 0x0 0x0 0x0 0x0 0x0 0x9 0x4 0x0 0x0 0x0 0x0 oops 1 24 jdk/internal/loader/URLClassPath$JarLoader methods 0
ciMethodData jdk/internal/loader/URLClassPath getResource (Ljava/lang/String;Z)Ljdk/internal/loader/Resource; 2 5377 orig 80 0 0 0 0 0 0 0 0 0 0 0 0 250 127 0 0 0 0 0 0 0 0 0 0 0 0 0 0 0 0 0 0 0 0 0 0 0 0 0 0 0 0 0 0 0 0 0 0 0 0 0 0 0 0 0 0 0 0 0 0 0 0 0 0 0 0 0 0 0 0 0 0 0 0 0 0 0 0 0 0 data 77 0x30007 0x1400 0x148 0x0 0xd0002 0x0 0x120005 0x0 0x0 0x0 0x0 0x0 0x0 0x160005 0x0 0x0 0x0 0x0 0x0 0x0 0x1b0005 0x0 0x0 0x0 0x0 0x0 0x0 0x1e0005 0x0 0x0 0x0 0x0 0x0 0x0 0x210005 0x0 0x0 0x0 0x0 0x0 0x0 0x2a0005 0x14d2 0x0 0x0 0x0 0x0 0x0 0x2f0007 0xd2 0x90 0x1400 0x350005 0x0 0x0 0x2966be12450 0x1400 0x0 0x0 0x3c0007 0xd2 0x20 0x132d 0x450003 0xd2 0xffffffffffffff50 0x0 0x0 0x0 0x0 0x0 0x0 0x9 0x3 0x0 0x0 0x0 oops 1 55 jdk/internal/loader/URLClassPath$JarLoader methods 0
ciMethodData java/net/URL <init> (Ljava/net/URL;Ljava/lang/String;)V 2 5233 orig 80 0 0 0 0 0 0 0 0 0 0 0 0 250 127 0 0 0 0 0 0 0 0 0 0 0 0 0 0 0 0 0 0 0 0 0 0 0 0 0 0 0 0 0 0 0 0 0 0 0 0 0 0 0 0 0 0 0 0 0 0 0 0 0 0 0 0 0 0 0 0 0 0 0 0 0 0 0 0 0 0 data 9 0x40002 0x12f1 0x0 0x0 0x9 0x3 0xffffffffffffffff 0xffffffffffffffff 0xffffffffffffffff oops 0 methods 0
ciMethodData java/util/ArrayDeque elementAt ([Ljava/lang/Object;I)Ljava/lang/Object; 2 16695 orig 80 0 0 0 0 0 0 0 0 0 0 0 0 250 127 0 0 0 0 0 0 0 0 0 0 0 0 0 0 0 0 0 0 0 0 0 0 0 0 0 0 0 0 0 0 0 0 0 0 0 0 0 0 0 0 0 0 0 0 0 0 0 0 0 0 0 0 0 0 0 0 0 0 0 0 0 0 0 0 0 0 data 7 0x0 0x0 0x0 0x9 0x2 0x0 0x0 oops 0 methods 0
ciMethodData java/util/jar/JavaUtilJarAccessImpl entryFor (Ljava/util/jar/JarFile;Ljava/lang/String;)Ljava/util/jar/JarEntry; 2 5236 orig 80 0 0 0 0 0 0 0 0 0 0 0 0 0 0 0 0 0 0 0 0 0 0 0 0 0 0 0 0 0 0 0 0 0 0 0 0 0 0 0 0 0 0 0 0 0 0 0 0 0 0 0 0 0 0 0 0 0 0 0 0 0 0 0 0 0 0 0 0 0 0 0 0 0 0 0 0 0 0 0 0 data 18 0x20005 0x0 0x0 0x2966baea0f0 0x12e6 0x2966b93c760 0xe 0x0 0x0 0x0 0x0 0x0 0x0 0x9 0x3 0x0 0x0 0x0 oops 2 3 java/util/jar/JarFile 5 sun/net/www/protocol/jar/URLJarFile methods 0
ciMethodData java/util/jar/JarFile entryFor (Ljava/lang/String;)Ljava/util/jar/JarEntry; 2 5236 orig 80 0 0 0 0 0 0 0 0 0 0 0 0 0 0 0 0 0 0 0 0 0 0 0 0 0 0 0 0 0 0 0 0 0 0 0 0 0 0 0 0 0 0 0 0 0 0 0 0 0 0 0 0 0 0 0 0 0 0 0 0 0 0 0 0 0 0 0 0 0 0 0 0 0 0 0 0 0 0 0 0 data 9 0x60002 0x12f4 0x0 0x0 0x0 0x9 0x2 0x0 0x0 oops 0 methods 0
ciMethodData java/util/jar/JarFile$JarFileEntry <init> (Ljava/util/jar/JarFile;Ljava/lang/String;)V 2 5236 orig 80 0 0 0 0 0 0 0 0 0 0 0 0 0 0 0 0 0 0 0 0 0 0 0 0 0 0 0 0 0 0 0 0 0 0 0 0 0 0 0 0 0 0 0 0 0 0 0 0 0 0 0 0 0 0 0 0 0 0 0 0 0 0 0 0 0 0 0 0 0 0 0 0 0 0 0 0 0 0 0 0 data 11 0x70002 0x12f4 0x0 0x0 0x0 0x0 0x9 0x3 0x31fe 0x0 0x0 oops 0 methods 0
ciMethodData java/util/jar/JarEntry <init> (Ljava/lang/String;)V 2 5236 orig 80 0 0 0 0 0 0 0 0 0 0 0 0 0 0 0 0 0 0 0 0 0 0 0 0 0 0 0 0 0 0 0 0 0 0 0 0 0 0 0 0 0 0 0 0 0 0 0 0 0 0 0 0 0 0 0 0 0 0 0 0 0 0 0 0 0 0 0 0 0 0 0 0 0 0 0 0 0 0 0 0 data 8 0x20002 0x12f4 0x0 0x0 0x9 0x2 0x1fe 0x0 oops 0 methods 0
ciMethodData java/util/zip/ZipEntry <init> (Ljava/lang/String;)V 2 5236 orig 80 0 0 0 0 0 0 0 0 0 0 0 0 0 0 0 0 0 0 0 0 0 0 0 0 0 0 0 0 0 0 0 0 0 0 0 0 0 0 0 0 0 0 0 0 0 0 0 0 0 0 0 0 0 0 0 0 0 0 0 0 0 0 0 0 0 0 0 0 0 0 0 0 0 0 0 0 0 0 0 0 data 29 0x10002 0x12f4 0x370002 0x12f4 0x3c0005 0x12f4 0x0 0x0 0x0 0x0 0x0 0x410007 0x12f4 0x30 0x0 0x4a0002 0x0 0x0 0x0 0x0 0x0 0x0 0x0 0x0 0x0 0x9 0x2 0x1fe 0x0 oops 0 methods 0
ciMethodData java/util/zip/ZipUtils CENTIM ([BI)J 2 5236 orig 80 0 0 0 0 0 0 0 0 0 0 0 0 0 0 0 0 0 0 0 0 0 0 0 0 0 0 0 0 0 0 0 0 0 0 0 0 0 0 0 0 0 0 0 0 0 0 0 0 0 0 0 0 0 0 0 0 0 0 0 0 0 0 0 0 0 0 0 0 0 0 0 0 0 0 0 0 0 0 0 0 data 12 0x50002 0x12f4 0x0 0x0 0x0 0x0 0x0 0x0 0x9 0x2 0x0 0x0 oops 0 methods 0
ciMethodData java/util/zip/ZipUtils CENCRC ([BI)J 2 5237 orig 80 0 0 0 0 0 0 0 0 0 0 0 0 0 0 0 0 0 0 0 0 0 0 0 0 0 0 0 0 0 0 0 0 0 0 0 0 0 0 0 0 0 0 0 0 0 0 0 0 0 0 0 0 0 0 0 0 0 0 0 0 0 0 0 0 0 0 0 0 0 0 0 0 0 0 0 0 0 0 0 0 data 12 0x50002 0x12f5 0x0 0x0 0x0 0x0 0x0 0x0 0x9 0x2 0x0 0x0 oops 0 methods 0
ciMethodData java/util/zip/ZipUtils CENVEM_FA ([BI)I 2 5237 orig 80 0 0 0 0 0 0 0 0 0 0 0 0 0 0 0 0 0 0 0 0 0 0 0 0 0 0 0 0 0 0 0 0 0 0 0 0 0 0 0 0 0 0 0 0 0 0 0 0 0 0 0 0 0 0 0 0 0 0 0 0 0 0 0 0 0 0 0 0 0 0 0 0 0 0 0 0 0 0 0 0 data 12 0x40002 0x12f4 0x0 0x0 0x0 0x0 0x0 0x0 0x9 0x2 0x0 0x0 oops 0 methods 0
ciMethodData java/util/zip/ZipUtils CH ([BI)I 2 5237 orig 80 0 0 0 0 0 0 0 0 0 0 0 0 0 0 0 0 0 0 0 0 0 0 0 0 0 0 0 0 0 0 0 0 0 0 0 0 0 0 0 0 0 0 0 0 0 0 0 0 0 0 0 0 0 0 0 0 0 0 0 0 0 0 0 0 0 0 0 0 0 0 0 0 0 0 0 0 0 0 0 0 data 7 0x0 0x0 0x0 0x9 0x2 0x0 0x0 oops 0 methods 0
ciMethodData java/util/zip/ZipUtils CENATX_PERMS ([BI)I 1 48 orig 80 0 0 0 0 0 0 0 0 0 0 0 0 0 0 0 0 0 0 0 0 0 0 0 0 0 0 0 0 0 0 0 0 0 0 0 0 0 0 0 0 0 0 0 0 0 0 0 0 0 0 0 0 0 0 0 0 0 0 0 0 0 0 0 0 0 0 0 0 0 0 0 0 0 0 0 0 0 0 0 0 data 12 0x50002 0x2c 0x0 0x0 0x0 0x0 0x0 0x0 0x9 0x2 0x0 0x0 oops 0 methods 0
ciMethodData java/util/zip/ZipEntry setExtra0 ([BZZ)V 1 8 orig 80 0 0 0 0 0 0 0 0 0 0 0 0 0 0 0 0 0 0 0 0 0 0 0 0 0 0 0 0 0 0 0 0 0 0 0 0 0 0 0 0 0 0 0 0 0 0 0 0 0 0 0 0 0 0 0 0 0 0 0 0 0 0 0 0 0 0 0 0 0 0 0 0 0 0 0 0 0 0 0 0 data 193 0x10007 0x0 0x580 0x8 0x80007 0x8 0x30 0x0 0x110002 0x0 0x220007 0x8 0x530 0x4 0x280002 0x4 0x320002 0x4 0x410007 0x4 0x38 0x0 0x440003 0x0 0x4d0 0x490008 0x8 0x0 0x4a0 0x0 0x50 0x0 0x1d0 0x4 0x358 0x6d0007 0x0 0x450 0x0 0x710007 0x0 0x78 0x0 0x780007 0x0 0x410 0x0 0x7f0002 0x0 0x8c0002 0x0 0x920003 0x0 0x3d0 0x9d0007 0x0 0x68 0x0 0xa70007 0x0 0x38 0x0 0xaa0003 0x0 0x378 0xb10002 0x0 0xbf0007 0x0 0x350 0x0 0xc90007 0x0 0x38 0x0 0xcc0003 0x0 0x310 0xd60002 0x0 0xdc0003 0x0 0x2e8 0xe30007 0x0 0x38 0x0 0xe60003 0x0 0x2b0 0xf20002 0x0 0xf60007 0x0 0x288 0x0 0xfe0002 0x0 0x1030007 0x0 0x38 0x0 0x1060003 0x0 0x238 0x10e0002 0x0 0x1190007 0x0 0x30 0x0 0x11f0002 0x0 0x12b0002 0x0 0x1360007 0x0 0x30 0x0 0x13c0002 0x0 0x1480002 0x0 0x1530007 0x0 0x190 0x0 0x1590002 0x0 0x15f0003 0x0 0x160 0x1660002 0x4 0x1720007 0x0 0x60 0x4 0x17b0007 0x0 0x40 0x4 0x1850002 0x4 0x1890002 0x4 0x1960007 0x4 0x60 0x0 0x19f0007 0x0 0x40 0x0 0x1a90002 0x0 0x1ad0002 0x0 0x1ba0007 0x4 0x78 0x0 0x1c30007 0x0 0x58 0x0 0x1cd0002 0x0 0x1d10002 0x0 0x1da0003 0x0 0x18 0x1e40003 0x4 0xfffffffffffffae8 0x0 0x0 0x0 0x0 0x0 0x0 0x0 0x0 0x0 0x0 0x0 0x9 0x4 0x0 0x0 0x0 0x0 oops 0 methods 0
ciMethodData java/util/jar/JarFile getEntry (Ljava/lang/String;)Ljava/util/zip/ZipEntry; 2 5465 orig 80 0 0 0 0 0 0 0 0 0 0 0 0 250 127 0 0 0 0 0 0 0 0 0 0 0 0 0 0 0 0 0 0 0 0 0 0 0 0 0 0 0 0 0 0 0 0 0 0 0 0 0 0 0 0 0 0 0 0 0 0 0 0 0 0 0 0 0 0 0 0 0 0 0 0 0 0 0 0 0 0 data 43 0x10005 0x13cd 0x0 0x0 0x0 0x0 0x0 0x40007 0x13cd 0xc0 0x0 0xa0005 0x0 0x0 0x0 0x0 0x0 0x0 0xf0007 0x0 0x68 0x0 0x140002 0x0 0x170004 0x0 0x0 0x0 0x0 0x0 0x0 0x1f0002 0x13cd 0x0 0x0 0x0 0x0 0x0 0x0 0x9 0x2 0x0 0x0 oops 0 methods 0
ciMethodData sun/net/www/ParseUtil encodePath (Ljava/lang/String;Z)Ljava/lang/String; 2 5194 orig 80 0 0 0 0 0 0 0 0 0 0 0 0 0 0 0 0 0 0 0 0 0 0 0 0 0 0 0 0 0 0 0 0 0 0 0 0 0 0 0 0 0 0 0 0 0 0 0 0 0 0 0 0 0 0 0 0 0 0 0 0 0 0 0 0 0 0 0 0 0 0 0 0 0 0 0 0 0 0 0 0 data 28 0x10007 0x124c 0x50 0x1 0x90007 0x0 0x30 0x1 0x110002 0x1 0x160002 0x124c 0x1c0007 0x124c 0x30 0x0 0x230002 0x0 0x0 0x0 0x0 0x0 0x0 0x0 0x9 0x2 0xffffffffffffffff 0x0 oops 0 methods 0
ciMethodData jdk/internal/loader/URLClassPath check (Ljava/net/URL;)V 1 18 orig 80 0 0 0 0 0 0 0 0 0 0 0 0 0 0 0 0 0 0 0 0 0 0 0 0 0 0 0 0 0 0 0 0 0 0 0 0 0 0 0 0 0 0 0 0 0 0 0 0 0 0 0 0 0 0 0 0 0 0 0 0 0 0 0 0 0 0 0 0 0 0 0 0 0 0 0 0 0 0 0 0 data 167 0x2 0xf 0x50007 0xf 0x4e0 0x0 0x90005 0x0 0x0 0x0 0x0 0x0 0x0 0xe0005 0x0 0x0 0x0 0x0 0x0 0x0 0x130007 0x0 0x450 0x0 0x180005 0x0 0x0 0x0 0x0 0x0 0x0 0x1b0003 0x0 0x3f8 0x210004 0x0 0x0 0x0 0x0 0x0 0x0 0x240007 0x0 0x138 0x0 0x280005 0x0 0x0 0x0 0x0 0x0 0x0 0x2e0005 0x0 0x0 0x0 0x0 0x0 0x0 0x320007 0x0 0xa8 0x0 0x370005 0x0 0x0 0x0 0x0 0x0 0x0 0x3a0005 0x0 0x0 0x0 0x0 0x0 0x0 0x3d0003 0x0 0x288 0x410004 0x0 0x0 0x0 0x0 0x0 0x0 0x440007 0x0 0x238 0x0 0x480005 0x0 0x0 0x0 0x0 0x0 0x0 0x4e0005 0x0 0x0 0x0 0x0 0x0 0x0 0x520007 0x0 0x1a8 0x0 0x590004 0x0 0x0 0x0 0x0 0x0 0x0 0x5c0007 0x0 0x90 0x0 0x600004 0x0 0x0 0x0 0x0 0x0 0x0 0x630005 0x0 0x0 0x0 0x0 0x0 0x0 0x6b0005 0x0 0x0 0x0 0x0 0x0 0x0 0x700005 0x0 0x0 0x0 0x0 0x0 0x0 0x730005 0x0 0x0 0x0 0x0 0x0 0x0 0x760003 0x0 0x18 0x0 0x0 0x0 0x0 0x0 0x0 0x9 0x1 0xffffffffffffffff oops 0 methods 0
ciMethodData jdk/internal/loader/URLClassPath$JarLoader$2 <init> (Ljdk/internal/loader/URLClassPath$JarLoader;Ljava/lang/String;Ljava/net/URL;Ljava/util/jar/JarEntry;)V 2 5191 orig 80 0 0 0 0 0 0 0 0 0 0 0 0 0 0 0 0 0 0 0 0 0 0 0 0 0 0 0 0 0 0 0 0 0 0 0 0 0 0 0 0 0 0 0 0 0 0 0 0 0 0 0 0 0 0 0 0 0 0 0 0 0 0 0 0 0 0 0 0 0 0 0 0 0 0 0 0 0 0 0 0 data 13 0x160002 0x124c 0x0 0x0 0x0 0x0 0x9 0x5 0x1c 0x0 0x0 0x0 0x0 oops 0 methods 0
ciMethodData jdk/internal/loader/Resource <init> ()V 2 5191 orig 80 0 0 0 0 0 0 0 0 0 0 0 0 0 0 0 0 0 0 0 0 0 0 0 0 0 0 0 0 0 0 0 0 0 0 0 0 0 0 0 0 0 0 0 0 0 0 0 0 0 0 0 0 0 0 0 0 0 0 0 0 0 0 0 0 0 0 0 0 0 0 0 0 0 0 0 0 0 0 0 0 data 7 0x10002 0x124c 0x0 0x0 0x9 0x1 0x0 oops 0 methods 0
ciMethod java/security/PrivilegedActionException <init> (Ljava/lang/Exception;)V 224 0 112 0 0
ciMethod java/security/PrivilegedActionException getException ()Ljava/lang/Exception; 0 0 1 0 0
ciMethodData java/lang/Exception <init> (Ljava/lang/String;Ljava/lang/Throwable;)V 2 7863 orig 80 0 0 0 0 0 0 0 0 0 0 0 0 0 0 0 0 0 0 0 0 0 0 0 0 0 0 0 0 0 0 0 0 0 0 0 0 0 0 0 0 0 0 0 0 0 0 0 0 0 0 0 0 0 0 0 0 0 0 0 0 0 0 0 0 0 0 0 0 0 0 0 0 0 0 0 0 0 0 0 0 data 9 0x30002 0x1eac 0x0 0x0 0x9 0x3 0x1c 0x0 0x0 oops 0 methods 0
ciMethodData java/lang/Throwable getCause ()Ljava/lang/Throwable; 1 563 orig 80 0 0 0 0 0 0 0 0 0 0 0 0 0 0 0 0 0 0 0 0 0 0 0 0 0 0 0 0 0 0 0 0 0 0 0 0 0 0 0 0 0 0 0 0 0 0 0 0 0 0 0 0 0 0 0 0 0 0 0 0 0 0 0 0 0 0 0 0 0 0 0 0 0 0 0 0 0 0 0 0 data 16 0x50007 0x230 0x38 0x1 0x90003 0x1 0x18 0x0 0x0 0x0 0x0 0x0 0x0 0x9 0x1 0x0 oops 0 methods 0
ciMethodData java/security/AccessController executePrivileged (Ljava/security/PrivilegedExceptionAction;Ljava/security/AccessControlContext;Ljava/lang/Class;)Ljava/lang/Object; 2 2700 orig 80 0 0 0 0 0 0 0 0 0 0 0 0 250 127 0 0 0 0 0 0 0 0 0 0 0 0 0 0 0 0 0 0 0 0 0 0 0 0 0 0 0 0 0 0 0 0 0 0 0 0 0 0 0 0 0 0 0 0 0 0 0 0 0 0 0 0 0 0 0 0 0 0 0 0 0 0 0 0 0 0 data 52 0x10007 0xea 0x30 0x8a2 0x50002 0x8a2 0xb0007 0x98c 0x60 0x0 0xe0002 0x0 0x110007 0x0 0x30 0x0 0x180002 0x0 0x1d0005 0xe9 0x0 0x2966c9f13f0 0x8a2 0x2966c9f14a0 0x1 0x260007 0x91b 0x60 0x0 0x290002 0x0 0x2c0007 0x0 0x30 0x0 0x330002 0x0 0x380002 0x91b 0x3c0002 0x91b 0x0 0x0 0x0 0x0 0x0 0x0 0x9 0x3 0x0 0x0 0x0 oops 2 21 java/net/URLClassLoader$1 23 sun/security/ssl/SSLContextImpl$DefaultManagersHolder$1 methods 0
ciMethodData java/security/AccessController checkContext (Ljava/security/AccessControlContext;Ljava/lang/Class;)Ljava/security/AccessControlContext; 2 2385 orig 80 0 0 0 0 0 0 0 0 0 0 0 0 250 127 0 0 0 0 0 0 0 0 0 0 0 0 0 0 0 0 0 0 0 0 0 0 0 0 0 0 0 0 0 0 0 0 0 0 0 0 0 0 0 0 0 0 0 0 0 0 0 0 0 0 0 0 0 0 0 0 0 0 0 0 0 0 0 0 0 0 data 56 0x2 0x851 0x30007 0x851 0x160 0x0 0x70007 0x0 0x140 0x0 0xb0005 0x0 0x0 0x0 0x0 0x0 0x0 0xe0007 0x0 0xe8 0x0 0x120002 0x0 0x150007 0x0 0xb8 0x0 0x190002 0x0 0x1e0007 0x0 0x88 0x0 0x250005 0x0 0x0 0x0 0x0 0x0 0x0 0x280007 0x0 0x30 0x0 0x2b0002 0x0 0x0 0x0 0x0 0x0 0x0 0x0 0x9 0x2 0x0 0xffffffffffffffff oops 0 methods 0
ciMethodData java/security/AccessController wrapException (Ljava/lang/Exception;)Ljava/security/PrivilegedActionException; 1 112 orig 80 0 0 0 0 0 0 0 0 0 0 0 0 0 0 0 0 0 0 0 0 0 0 0 0 0 0 0 0 0 0 0 0 0 0 0 0 0 0 0 0 0 0 0 0 0 0 0 0 0 0 0 0 0 0 0 0 0 0 0 0 0 0 0 0 0 0 0 0 0 0 0 0 0 0 0 0 0 0 0 0 data 8 0x50002 0x70 0x0 0x0 0x0 0x9 0x1 0x0 oops 0 methods 0
compile jdk/internal/loader/URLClassPath getResource (Ljava/lang/String;Z)Ljdk/internal/loader/Resource; -1 4 inline 129 0 -1 jdk/internal/loader/URLClassPath getResource (Ljava/lang/String;Z)Ljdk/internal/loader/Resource; 1 42 jdk/internal/loader/URLClassPath getLoader (I)Ljdk/internal/loader/URLClassPath$Loader; 2 13 java/util/ArrayList size ()I 2 33 java/util/ArrayDeque pollFirst ()Ljava/lang/Object; 3 12 java/util/ArrayDeque elementAt ([Ljava/lang/Object;I)Ljava/lang/Object; 3 28 java/util/ArrayDeque inc (II)I 2 177 java/util/HashMap put (Ljava/lang/Object;Ljava/lang/Object;)Ljava/lang/Object; 3 2 java/util/HashMap hash (Ljava/lang/Object;)I 4 9 java/lang/String hashCode ()I 5 17 java/lang/String isLatin1 ()Z 5 27 java/lang/StringLatin1 hashCode ([B)I 2 189 java/util/ArrayList get (I)Ljava/lang/Object; 3 5 java/util/Objects checkIndex (II)I 3 11 java/util/ArrayList elementData (I)Ljava/lang/Object; 1 53 jdk/internal/loader/URLClassPath$JarLoader getResource (Ljava/lang/String;Z)Ljdk/internal/loader/Resource; 2 1 jdk/internal/loader/URLClassPath$JarLoader ensureOpen ()V 3 12 jdk/internal/loader/URLClassPath$JarLoader$1 <init> (Ljdk/internal/loader/URLClassPath$JarLoader;)V 4 6 java/lang/Object <init> ()V 3 19 java/security/AccessController doPrivileged (Ljava/security/PrivilegedExceptionAction;Ljava/security/AccessControlContext;)Ljava/lang/Object; 4 6 java/security/AccessController checkContext (Ljava/security/AccessControlContext;Ljava/lang/Class;)Ljava/security/AccessControlContext; 5 0 java/lang/System getSecurityManager ()Ljava/lang/SecurityManager; 6 0 java/lang/System allowSecurityManager ()Z 4 13 java/security/AccessController executePrivileged (Ljava/security/PrivilegedExceptionAction;Ljava/security/AccessControlContext;Ljava/lang/Class;)Ljava/lang/Object; 5 29 jdk/internal/loader/URLClassPath$JarLoader$1 run ()Ljava/lang/Object; 5 56 java/lang/ref/Reference reachabilityFence (Ljava/lang/Object;)V 5 60 java/lang/ref/Reference reachabilityFence (Ljava/lang/Object;)V 4 22 java/security/AccessController wrapException (Ljava/lang/Exception;)Ljava/security/PrivilegedActionException; 2 22 java/util/jar/JarFile getJarEntry (Ljava/lang/String;)Ljava/util/jar/JarEntry; 3 2 java/util/jar/JarFile getEntry (Ljava/lang/String;)Ljava/util/zip/ZipEntry; 4 1 java/util/jar/JarFile isMultiRelease ()Z 5 16 java/util/jar/JarFile checkForSpecialAttributes ()V 4 31 java/util/zip/ZipFile getEntry (Ljava/lang/String;)Ljava/util/zip/ZipEntry; 5 3 java/util/Objects requireNonNull (Ljava/lang/Object;Ljava/lang/String;)Ljava/lang/Object; 5 14 java/util/zip/ZipFile ensureOpen ()V 5 26 java/util/zip/ZipFile$Source getEntryPos (Ljava/lang/String;Z)I 6 10 java/util/zip/ZipCoder hash (Ljava/lang/String;)I 7 1 java/lang/String hashCode ()I 8 17 java/lang/String isLatin1 ()Z 8 27 java/lang/StringLatin1 hashCode ([B)I 7 6 java/lang/String length ()I 8 6 java/lang/String coder ()B 7 18 java/lang/String charAt (I)C 8 1 java/lang/String isLatin1 ()Z 8 12 java/lang/StringLatin1 charAt ([BI)C 8 21 java/lang/StringUTF16 charAt ([BI)C 9 2 java/lang/StringUTF16 checkIndex (I[B)V 10 2 java/lang/StringUTF16 length ([B)I 10 5 java/lang/String checkIndex (II)V 6 39 java/util/zip/ZipFile$Source getEntryHash (I)I 6 49 java/util/zip/ZipFile$Source getEntryPos (I)I 6 57 java/util/zip/ZipFile$Source zipCoderForPos (I)Ljava/util/zip/ZipCoder; 7 4 java/util/zip/ZipCoder$UTF8ZipCoder isUTF8 ()Z 6 79 java/util/zip/ZipUtils CENNAM ([BI)I 7 5 java/util/zip/ZipUtils SH ([BI)I 6 82 java/util/zip/ZipCoder$UTF8ZipCoder toString ([BII)Ljava/lang/String; 7 6 java/lang/System$2 newStringUTF8NoRepl ([BII)Ljava/lang/String; 8 3 java/lang/String newStringUTF8NoRepl ([BII)Ljava/lang/String; 9 4 java/lang/String checkBoundsOffCount (III)V 9 38 java/util/Arrays copyOfRange ([BII)[B 9 42 java/lang/String <init> ([BB)V 10 1 java/lang/Object <init> ()V 6 89 java/lang/String length ()I 7 6 java/lang/String coder ()B 6 95 java/lang/String length ()I 7 6 java/lang/String coder ()B 6 110 java/lang/String equals (Ljava/lang/Object;)Z 6 185 java/util/zip/ZipFile$Source getEntryNext (I)I 5 41 java/util/zip/ZipFile getZipEntry (Ljava/lang/String;I)Ljava/util/zip/ZipEntry; 6 13 java/util/zip/ZipUtils CENNAM ([BI)I 7 5 java/util/zip/ZipUtils SH ([BI)I 6 20 java/util/zip/ZipUtils CENEXT ([BI)I 7 5 java/util/zip/ZipUtils SH ([BI)I 6 27 java/util/zip/ZipUtils CENCOM ([BI)I 7 5 java/util/zip/ZipUtils SH ([BI)I 6 40 java/util/zip/ZipFile$Source zipCoderForPos (I)Ljava/util/zip/ZipCoder; 7 4 java/util/zip/ZipCoder$UTF8ZipCoder isUTF8 ()Z 6 55 java/lang/String isEmpty ()Z 6 71 java/util/zip/ZipCoder$UTF8ZipCoder hasTrailingSlash ([BI)Z 6 138 java/util/jar/JavaUtilJarAccessImpl entryFor (Ljava/util/jar/JarFile;Ljava/lang/String;)Ljava/util/jar/JarEntry; 7 2 java/util/jar/JarFile entryFor (Ljava/lang/String;)Ljava/util/jar/JarEntry; 8 6 java/util/jar/JarFile$JarFileEntry <init> (Ljava/util/jar/JarFile;Ljava/lang/String;)V 9 7 java/util/jar/JarEntry <init> (Ljava/lang/String;)V 10 2 java/util/zip/ZipEntry <init> (Ljava/lang/String;)V 11 1 java/lang/Object <init> ()V 11 55 java/util/Objects requireNonNull (Ljava/lang/Object;Ljava/lang/String;)Ljava/lang/Object; 11 60 java/lang/String length ()I 12 6 java/lang/String coder ()B 6 162 java/util/zip/ZipUtils CENFLG ([BI)I 7 5 java/util/zip/ZipUtils SH ([BI)I 6 172 java/util/zip/ZipUtils CENTIM ([BI)J 7 5 java/util/zip/ZipUtils LG ([BI)J 8 2 java/util/zip/ZipUtils SH ([BI)I 8 9 java/util/zip/ZipUtils SH ([BI)I 6 182 java/util/zip/ZipUtils CENCRC ([BI)J 7 5 java/util/zip/ZipUtils LG ([BI)J 8 2 java/util/zip/ZipUtils SH ([BI)I 8 9 java/util/zip/ZipUtils SH ([BI)I 6 192 java/util/zip/ZipUtils CENLEN ([BI)J 7 5 java/util/zip/ZipUtils LG ([BI)J 8 2 java/util/zip/ZipUtils SH ([BI)I 8 9 java/util/zip/ZipUtils SH ([BI)I 6 202 java/util/zip/ZipUtils CENSIZ ([BI)J 7 5 java/util/zip/ZipUtils LG ([BI)J 8 2 java/util/zip/ZipUtils SH ([BI)I 8 9 java/util/zip/ZipUtils SH ([BI)I 6 212 java/util/zip/ZipUtils CENHOW ([BI)I 7 5 java/util/zip/ZipUtils SH ([BI)I 6 220 java/util/zip/ZipUtils CENVEM_FA ([BI)I 7 4 java/util/zip/ZipUtils CH ([BI)I 2 34 jdk/internal/loader/URLClassPath$JarLoader checkResource (Ljava/lang/String;ZLjava/util/jar/JarEntry;)Ljdk/internal/loader/Resource; 3 4 java/util/jar/JarFile isMultiRelease ()Z 4 16 java/util/jar/JarFile checkForSpecialAttributes ()V 3 27 jdk/internal/loader/URLClassPath$Loader getBaseURL ()Ljava/net/URL; 3 33 sun/net/www/ParseUtil encodePath (Ljava/lang/String;Z)Ljava/lang/String; 4 22 sun/net/www/ParseUtil firstEncodeIndex (Ljava/lang/String;)I 5 1 java/lang/String length ()I 6 6 java/lang/String coder ()B 5 14 java/lang/String charAt (I)C 6 1 java/lang/String isLatin1 ()Z 6 12 java/lang/StringLatin1 charAt ([BI)C 6 21 java/lang/StringUTF16 charAt ([BI)C 7 2 java/lang/StringUTF16 checkIndex (I[B)V 8 2 java/lang/StringUTF16 length ([B)I 8 5 java/lang/String checkIndex (II)V 5 70 sun/net/www/ParseUtil match (CJJ)Z 3 36 java/net/URL <init> (Ljava/net/URL;Ljava/lang/String;)V 3 74 jdk/internal/loader/URLClassPath$JarLoader$2 <init> (Ljdk/internal/loader/URLClassPath$JarLoader;Ljava/lang/String;Ljava/net/URL;Ljava/util/jar/JarEntry;)V 4 22 jdk/internal/loader/Resource <init> ()V 5 1 java/lang/Object <init> ()V
